uri,engagement_total,true_label,predicted_label,best_model_name,is_correct,pred_label_bagged_stump_ensemble,prob_bagged_stump_ensemble_HIGH,prob_bagged_stump_ensemble_LOW,prob_bagged_stump_ensemble_MEDIUM,pred_label_softmax_regression,prob_softmax_regression_HIGH,prob_softmax_regression_LOW,prob_softmax_regression_MEDIUM
at://did:plc:222p42fegwhwfyrc3gqam76j/app.bsky.feed.post/3mijsoh6et22d,0.0,LOW,LOW,bagged_stump_ensemble,True,LOW,0.08005558917430704,0.8324367903382667,0.0875076204874263,HIGH,0.43051630998938184,0.27864244909805946,0.2908412409125588
at://did:plc:22bixok3zcw6dv72gyi5pwox/app.bsky.feed.post/3mijsshbshk2k,0.0,LOW,LOW,bagged_stump_ensemble,True,LOW,0.05789708996704747,0.8662253800061895,0.07587753002676306,HIGH,0.37878178957344577,0.2553963623217037,0.3658218481048505
at://did:plc:22ezkuvas6f545oal47snp5x/app.bsky.feed.post/3mijsuptjf22a,0.0,LOW,LOW,bagged_stump_ensemble,True,LOW,0.07284188615093129,0.8476102049629202,0.07954790888614865,LOW,0.26571224868101173,0.47397297587938525,0.2603147754396032
at://did:plc:22hp52c2fr5ywmvqhfomzqja/app.bsky.feed.post/3mijspzzbek2c,0.0,LOW,LOW,bagged_stump_ensemble,True,LOW,0.06742320748533258,0.847391684847795,0.08518510766687239,MEDIUM,0.3197761108395017,0.21673410147037445,0.4634897876901237
at://did:plc:22k3roaumaq77xwhhpdcjdka/app.bsky.feed.post/3mijsuxlb4k24,0.0,LOW,LOW,bagged_stump_ensemble,True,LOW,0.060113865079653286,0.8628710687956253,0.07701506612472148,LOW,0.27661959415251314,0.39605596604764803,0.32732443979983883
at://did:plc:22wukjqyibxviwqmi5vdabxu/app.bsky.feed.post/3mijsvjwoxs2k,0.0,LOW,LOW,bagged_stump_ensemble,True,LOW,0.04975591576507086,0.8835956315989246,0.06664845263600443,LOW,0.10726624142304206,0.7117208835076748,0.18101287506928315
at://did:plc:22ximgct4dxbmv4hlekxmnmp/app.bsky.feed.post/3mijsozhekc2o,0.0,LOW,LOW,bagged_stump_ensemble,True,LOW,0.06786689183644305,0.8563057738917726,0.0758273342717844,LOW,0.27201447372059434,0.4759057963616536,0.25207972991775196
at://did:plc:23mfy2ig3bttvd6hrtxi64wv/app.bsky.feed.post/3mijsqkcf5k2e,0.0,LOW,LOW,bagged_stump_ensemble,True,LOW,0.059680390609890256,0.8656428043761168,0.07467680501399297,MEDIUM,0.2273134702094288,0.2776546934321947,0.49503183635837655
at://did:plc:23mfy2ig3bttvd6hrtxi64wv/app.bsky.feed.post/3mijsve2pds2e,0.0,LOW,LOW,bagged_stump_ensemble,True,LOW,0.05969243344893606,0.8656846671372336,0.0746228994138303,MEDIUM,0.22679856038195456,0.2890743434921211,0.4841270961259243
at://did:plc:244dhc5kw7asrhd7i4li7khx/app.bsky.feed.post/3mijsyh4a5k2l,0.0,LOW,LOW,bagged_stump_ensemble,True,LOW,0.08116607917181735,0.8290265402768225,0.0898073805513602,HIGH,0.43629511501729673,0.27151303724585785,0.29219184773684537
at://did:plc:24e6n6hmxhouhrgwnff7o5tv/app.bsky.feed.post/3mijspn3css2j,0.0,LOW,LOW,bagged_stump_ensemble,True,LOW,0.046601902458253734,0.8887970448475281,0.06460105269421801,LOW,0.020690332202424642,0.7770515182472012,0.20225814955037413
at://did:plc:24e6n6hmxhouhrgwnff7o5tv/app.bsky.feed.post/3mijsqyucbf2o,0.0,LOW,LOW,bagged_stump_ensemble,True,LOW,0.04620122404369947,0.8895942438623888,0.06420453209391172,LOW,0.011379527510485437,0.8574073124708075,0.1312131600187071
at://did:plc:24e6n6hmxhouhrgwnff7o5tv/app.bsky.feed.post/3mijsrqjjak2j,0.0,LOW,LOW,bagged_stump_ensemble,True,LOW,0.046601902458253734,0.8887970448475281,0.06460105269421801,LOW,0.02008551266999078,0.7974515622204664,0.18246292510954285
at://did:plc:24e6n6hmxhouhrgwnff7o5tv/app.bsky.feed.post/3mijsuw5p2f2o,0.0,LOW,LOW,bagged_stump_ensemble,True,LOW,0.04620122404369947,0.8895942438623888,0.06420453209391172,LOW,0.010888089685503746,0.8434317085104687,0.14568020180402763
at://did:plc:24goyoimcui6dhxo2jgltp5u/app.bsky.feed.post/3mijsu5jfhv2v,0.0,LOW,LOW,bagged_stump_ensemble,True,LOW,0.056661571715892686,0.8674671656477482,0.07587126263635909,LOW,0.02932052612736839,0.7179280541772521,0.2527514196953795
at://did:plc:24hwulbfbovormoacn4ubi7d/app.bsky.feed.post/3mijspega3k2a,0.0,LOW,LOW,bagged_stump_ensemble,True,LOW,0.07506663295608547,0.8389765077588468,0.08595685928506763,MEDIUM,0.3152335134648875,0.20926665651398282,0.4754998300211296
at://did:plc:24w74q2zfkzemkikzweooohi/app.bsky.feed.post/3mijsr3wnqh2q,0.0,LOW,LOW,bagged_stump_ensemble,True,LOW,0.0521200047361318,0.8789293130459734,0.06895068221789458,LOW,0.23794750311910237,0.44792243034940715,0.31413006653149056
at://did:plc:24wgvkvprdulofxmwg3wlmax/app.bsky.feed.post/3mijsscbjkk2p,0.0,LOW,LOW,bagged_stump_ensemble,True,LOW,0.07103535771863971,0.8460542636524658,0.08291037862889439,HIGH,0.37142190303326983,0.2718333891698785,0.35674470779685175
at://did:plc:252yood6zbzkj4ksxrvjr7ir/app.bsky.feed.post/3mijspnp7yk22,0.0,LOW,LOW,bagged_stump_ensemble,True,LOW,0.06291812369690879,0.8624480882084816,0.07463378809460962,LOW,0.15453918960188903,0.6186681454900623,0.22679266490804864
at://did:plc:255mnfwdshslqtawmd6msqwb/app.bsky.feed.post/3mijspkkzw227,0.0,LOW,LOW,bagged_stump_ensemble,True,LOW,0.058490979824274245,0.8654193760723221,0.07608964410340364,HIGH,0.41049629585036257,0.2926879826594799,0.2968157214901576
at://did:plc:25c376i6k5moeatic3qimzbr/app.bsky.feed.post/3mijsnwwj3c2z,0.0,LOW,LOW,bagged_stump_ensemble,True,LOW,0.07737192190779658,0.8365629014563996,0.08606517663580397,HIGH,0.3981592936217635,0.3321733299294678,0.2696673764487686
at://did:plc:25i2s6arxu3ges3i7llcgcww/app.bsky.feed.post/3mijsrxf54k2x,0.0,LOW,LOW,bagged_stump_ensemble,True,LOW,0.0680556722304822,0.847739302883338,0.08420502488617984,MEDIUM,0.3267451278503195,0.25596187226964284,0.4172929998800376
at://did:plc:25sbojaqniwncfjeabrge6ek/app.bsky.feed.post/3mijsviit722h,0.0,LOW,LOW,bagged_stump_ensemble,True,LOW,0.049360358300531176,0.8841053661529907,0.06653427554647812,LOW,0.21044590995718362,0.6008234465871939,0.18873064345562246
at://did:plc:25sbojaqniwncfjeabrge6ek/app.bsky.feed.post/3mijsw5yst22h,0.0,LOW,LOW,bagged_stump_ensemble,True,LOW,0.049360358300531176,0.8841053661529907,0.06653427554647812,LOW,0.21044590995718362,0.6008234465871939,0.18873064345562246
at://did:plc:25sbojaqniwncfjeabrge6ek/app.bsky.feed.post/3mijsx2qjic2h,0.0,LOW,LOW,bagged_stump_ensemble,True,LOW,0.049360358300531176,0.8841053661529907,0.06653427554647812,LOW,0.21044590995718362,0.6008234465871939,0.18873064345562246
at://did:plc:25sbojaqniwncfjeabrge6ek/app.bsky.feed.post/3mijsxzd4w22h,0.0,LOW,LOW,bagged_stump_ensemble,True,LOW,0.049360358300531176,0.8841053661529907,0.06653427554647812,LOW,0.21044590995718362,0.6008234465871939,0.18873064345562246
at://did:plc:267xt7fqln7fpzwpjrujlh2t/app.bsky.feed.post/3mijsthccnc27,0.0,LOW,LOW,bagged_stump_ensemble,True,LOW,0.07988519896357327,0.8325608568991661,0.08755394413726049,MEDIUM,0.31591178459270286,0.28014704063236323,0.4039411747749338
at://did:plc:26ffrxcbmmg4r5zrlosdbask/app.bsky.feed.post/3mijssc64uy2z,0.0,LOW,LOW,bagged_stump_ensemble,True,LOW,0.0552971491512573,0.8697960097560083,0.07490684109273443,MEDIUM,0.3420642789527906,0.28050579965618605,0.3774299213910233
at://did:plc:26lkab7lgqwhk4b5zhjzh7ep/app.bsky.feed.post/3mijsxcyplk2c,2.0,HIGH,LOW,bagged_stump_ensemble,False,LOW,0.05077592413512775,0.8813746562848196,0.06784941958005271,LOW,0.25035506236119615,0.4062556231019388,0.3433893145368651
at://did:plc:26pvijteavv27wgjzfk3ym37/app.bsky.feed.post/3mijsveu5sc2b,0.0,LOW,LOW,bagged_stump_ensemble,True,LOW,0.057398493903235044,0.8697645974139425,0.07283690868282248,LOW,0.2555549372646615,0.4832065090299586,0.26123855370537985
at://did:plc:26tu5yhkf5lvqb2rjifzpwna/app.bsky.feed.post/3mijsyhmzb225,0.0,LOW,LOW,bagged_stump_ensemble,True,LOW,0.07964748730072155,0.8334209544094638,0.08693155828981454,HIGH,0.3575151900246479,0.3297313940828109,0.3127534158925413
at://did:plc:276lrydty3sh23437jeaokzw/app.bsky.feed.post/3mijsqeijv22v,0.0,LOW,LOW,bagged_stump_ensemble,True,LOW,0.059543932817963406,0.8667993634400559,0.07365670374198052,LOW,0.17398855409950803,0.5508649241046144,0.2751465217958775
at://did:plc:277odkpqm3vuge62zhhtxsq4/app.bsky.feed.post/3mijsyjwrmc23,0.0,LOW,LOW,bagged_stump_ensemble,True,LOW,0.07438345599267296,0.8403261212695327,0.08529042273779447,MEDIUM,0.28371831291304583,0.3187547507388055,0.3975269363481487
at://did:plc:27hwwuruijjtqgivoce46m5s/app.bsky.feed.post/3mijsp6dfrf2b,0.0,LOW,LOW,bagged_stump_ensemble,True,LOW,0.055139047066471575,0.8700380546776382,0.07482289825589028,LOW,0.2527835963063437,0.3834907483505289,0.36372565534312745
at://did:plc:27ztd3ix22baver55rhjqato/app.bsky.feed.post/3mijsr3ut722e,0.0,LOW,LOW,bagged_stump_ensemble,True,LOW,0.057227916618862895,0.8715090050331558,0.07126307834798129,LOW,0.19053437739664725,0.5980732176619292,0.21139240494142353
at://did:plc:2abfgngs6lx3ig5sgaur66ps/app.bsky.feed.post/3mijspd3so22l,0.0,LOW,LOW,bagged_stump_ensemble,True,LOW,0.06571964583633913,0.8525529737490214,0.08172738041463946,HIGH,0.37516786749756953,0.26181487363684264,0.3630172588655879
at://did:plc:2ag3zob7wga7ikw4e6444fzt/app.bsky.feed.post/3mijsrkzylk2h,0.0,LOW,LOW,bagged_stump_ensemble,True,LOW,0.0801949063791453,0.8320523717448465,0.08775272187600824,HIGH,0.4133211051782352,0.2758807547194127,0.3107981401023521
at://did:plc:2ag3zob7wga7ikw4e6444fzt/app.bsky.feed.post/3mijsteux2k2h,0.0,LOW,LOW,bagged_stump_ensemble,True,LOW,0.08025432201748993,0.8319264252263256,0.08781925275618445,MEDIUM,0.36026015146011375,0.2513734839970866,0.38836636454279977
at://did:plc:2ag3zob7wga7ikw4e6444fzt/app.bsky.feed.post/3mijstxhles2h,0.0,LOW,LOW,bagged_stump_ensemble,True,LOW,0.08004620897410868,0.8324775269837624,0.08747626404212894,HIGH,0.35621947270452753,0.3296906392681187,0.31408988802735366
at://did:plc:2agpwfa3htpcqavofxgmk7gi/app.bsky.feed.post/3mijsrbvm5c2f,0.0,LOW,LOW,bagged_stump_ensemble,True,LOW,0.06906704241136855,0.8479646192171411,0.08296833837149044,HIGH,0.37711069697183863,0.2548611916065116,0.3680281114216498
at://did:plc:2aryfj47esahn2ijyyfwfsqu/app.bsky.feed.post/3mijspskmnk2t,0.0,LOW,LOW,bagged_stump_ensemble,True,LOW,0.07844930256092315,0.8346199981926271,0.08693069924644982,HIGH,0.4116931277501613,0.24930292989709624,0.3390039423527424
at://did:plc:2axjepvgu7b7frpsjndaihj7/app.bsky.feed.post/3mijswegovd2j,0.0,LOW,LOW,bagged_stump_ensemble,True,LOW,0.05512878695298121,0.8718910055062304,0.07298020754078839,LOW,0.03228174206855179,0.7662007341327889,0.20151752379865925
at://did:plc:2b63hv6xpuuwby5e2smvezwk/app.bsky.feed.post/3mijsyfos2c2b,0.0,LOW,LOW,bagged_stump_ensemble,True,LOW,0.08025432201748993,0.8319264252263256,0.08781925275618445,HIGH,0.37885581938702356,0.276022274852127,0.3451219057608495
at://did:plc:2b75tcsan5g55hy5pxe3ejxu/app.bsky.feed.post/3mijsogeav22m,0.0,LOW,LOW,bagged_stump_ensemble,True,LOW,0.0702330593131416,0.8470991749225166,0.08266776576434182,HIGH,0.3816704907268403,0.26434529647284977,0.35398421280030995
at://did:plc:2bouctmn2grvxl3pyu2qk4g6/app.bsky.feed.post/3mijsqend7c2a,0.0,LOW,LOW,bagged_stump_ensemble,True,LOW,0.05733038692018348,0.8705259526525587,0.07214366042725771,LOW,0.15331732783516486,0.6018261846101588,0.24485648755467637
at://did:plc:2br6qaqpr2hvyys5vtnrefcz/app.bsky.feed.post/3mijsqlcdmc2d,0.0,LOW,LOW,bagged_stump_ensemble,True,LOW,0.06785197449322279,0.8496489546782288,0.0824990708285485,MEDIUM,0.2950304831554313,0.28906252515753383,0.4159069916870348
at://did:plc:2burqyeoixihp6d6i3yh74je/app.bsky.feed.post/3mijsnqs6u22k,0.0,LOW,LOW,bagged_stump_ensemble,True,LOW,0.07836784216649566,0.8348537980330306,0.08677835980047376,HIGH,0.4608394618328671,0.2666958858556928,0.2724646523114402
at://did:plc:2by2ubq4j4xkgqhnt3h27x4t/app.bsky.feed.post/3mijsvwacw4p2,0.0,LOW,LOW,bagged_stump_ensemble,True,LOW,0.05830750828081629,0.869420086302009,0.07227240541717478,LOW,0.3533643989176744,0.3865954484784988,0.2600401526038269
at://did:plc:2by2ubq4j4xkgqhnt3h27x4t/app.bsky.feed.post/3mijsw5y6mdl2,0.0,LOW,LOW,bagged_stump_ensemble,True,LOW,0.05830750828081629,0.869420086302009,0.07227240541717478,LOW,0.3533643989176744,0.3865954484784988,0.2600401526038269
at://did:plc:2crd7lvc5q4sbljdckusd6cy/app.bsky.feed.post/3mijsvie3tc23,0.0,LOW,LOW,bagged_stump_ensemble,True,LOW,0.07998889371080532,0.8327460346474014,0.0872650716417932,MEDIUM,0.35654824176235234,0.2714798278162991,0.3719719304213486
at://did:plc:2crysrpfmyr72czy6cw2zgiu/app.bsky.feed.post/3mijsq4u6kc2t,0.0,LOW,LOW,bagged_stump_ensemble,True,LOW,0.05993382882555521,0.8653598149768659,0.07470635619757883,LOW,0.24381578040245705,0.4471555173967522,0.3090287022007907
at://did:plc:2czxsg34p55v7cgo4ijfgrbm/app.bsky.feed.post/3mijsoycwjs2y,0.0,LOW,LOW,bagged_stump_ensemble,True,LOW,0.06993976636542878,0.8468440822864044,0.08321615134816682,MEDIUM,0.3173115486171492,0.27955847714126664,0.4031299742415841
at://did:plc:2e2lo2costgpzgn42auseuca/app.bsky.feed.post/3mijsx53ivk2a,0.0,LOW,LOW,bagged_stump_ensemble,True,LOW,0.06836887661769603,0.8493260899378606,0.08230503344444345,HIGH,0.34609047130965337,0.33175127950354494,0.32215824918680164
at://did:plc:2e2n577gjwhbirsnoot4y6p5/app.bsky.feed.post/3mijsxyv3p22k,0.0,LOW,LOW,bagged_stump_ensemble,True,LOW,0.07739699509840452,0.8331462756794574,0.08945672922213807,MEDIUM,0.3204634620733847,0.21104423580783754,0.46849230211877757
at://did:plc:2ecjse2vspta6f5veqlhynlg/app.bsky.feed.post/3mijsumxkys2o,1.0,MEDIUM,LOW,bagged_stump_ensemble,False,LOW,0.07878242549954097,0.8320615977201288,0.08915597678033027,MEDIUM,0.3351661510218983,0.22308020551138877,0.44175364346671303
at://did:plc:2ef5mxyqqmji3hfb45fa4oqm/app.bsky.feed.post/3mijsx2agtk2u,0.0,LOW,LOW,bagged_stump_ensemble,True,LOW,0.06546874770324757,0.8541192785363644,0.08041197376038808,LOW,0.33228116771027344,0.44014073604214093,0.22757809624758563
at://did:plc:2eiycb7k2puchhcwzo5xeuzq/app.bsky.feed.post/3mijsrp7wps2c,0.0,LOW,LOW,bagged_stump_ensemble,True,LOW,0.06964854119941462,0.8470490178082309,0.08330244099235454,HIGH,0.36948446571359966,0.26197234536597513,0.36854318892042526
at://did:plc:2elqr3pq6dj2j2c6s3smuhst/app.bsky.feed.post/3mijsrzyypk2v,0.0,LOW,LOW,bagged_stump_ensemble,True,LOW,0.05766876526450468,0.8662825108128741,0.07604872392262123,MEDIUM,0.3463123147206361,0.27156142620371765,0.3821262590756461
at://did:plc:2elx44ewsny25y7o6nkdgs7h/app.bsky.feed.post/3mijsq6r5ps2t,0.0,LOW,LOW,bagged_stump_ensemble,True,LOW,0.07525801337811448,0.84046228998478,0.08427969663710562,HIGH,0.4110151113165412,0.3187299259103072,0.2702549627731517
at://did:plc:2enmeojkiehbobfwuqjkujte/app.bsky.feed.post/3mijsxt4v622s,0.0,LOW,LOW,bagged_stump_ensemble,True,LOW,0.06636760595954397,0.8517511036825852,0.08188129035787083,MEDIUM,0.3309439171401291,0.26597606640937627,0.4030800164504945
at://did:plc:2ex3rmt4p6pwdtpjd4qz6vt3/app.bsky.feed.post/3mijsomim3k23,0.0,LOW,LOW,bagged_stump_ensemble,True,LOW,0.07840528595568107,0.8346114063912129,0.08698330765310601,MEDIUM,0.33951554651723065,0.24464752221247396,0.4158369312702954
at://did:plc:2exiqfggveb4lp7hfh56qzs5/app.bsky.feed.post/3mijsp6fbbs2y,0.0,LOW,LOW,bagged_stump_ensemble,True,LOW,0.06702749930885431,0.8506408902277444,0.08233161046340137,HIGH,0.39885742344834446,0.29593043026193533,0.3052121462897202
at://did:plc:2f2phgk6z3izgbje4a3o4qgi/app.bsky.feed.post/3mijsuum37s2b,0.0,LOW,LOW,bagged_stump_ensemble,True,LOW,0.07439977624956277,0.8407895162544524,0.08481070749598488,LOW,0.28512897812953975,0.3927360829078246,0.3221349389626357
at://did:plc:2fhlz3cujvupemt2toxcomuu/app.bsky.feed.post/3mijstuaw7s2v,0.0,LOW,LOW,bagged_stump_ensemble,True,LOW,0.07474409871406883,0.8398455231461857,0.08541037813974552,HIGH,0.46077669135846794,0.339817882188492,0.19940542645304
at://did:plc:2fkrd4uiorayj6ytd4p27q4u/app.bsky.feed.post/3mijso3t2ts2e,0.0,LOW,LOW,bagged_stump_ensemble,True,LOW,0.07956451989890384,0.8329987146617094,0.08743676543938673,HIGH,0.49969192416531727,0.27016232878801905,0.23014574704666366
at://did:plc:2flbzgpacfr3y3omsmgu5a2p/app.bsky.feed.post/3mijsykbhfs2w,0.0,LOW,LOW,bagged_stump_ensemble,True,LOW,0.07059157881153727,0.846426106962942,0.0829823142255208,MEDIUM,0.2897227470800985,0.30841207797457515,0.4018651749453263
at://did:plc:2fn2zobrm3mukor2glzhvacj/app.bsky.feed.post/3mijso4lh4k2o,0.0,LOW,LOW,bagged_stump_ensemble,True,LOW,0.07762460706011551,0.8367226598199884,0.08565273311989607,LOW,0.23688862880717584,0.5034474295957563,0.2596639415970678
at://did:plc:2fn64rwc3kzxlaeiltjzdjj5/app.bsky.feed.post/3mijstv3ayk2a,0.0,LOW,LOW,bagged_stump_ensemble,True,LOW,0.08011500481265166,0.8323108438197457,0.08757415136760248,HIGH,0.7321932409556429,0.12408740242416733,0.14371935662018973
at://did:plc:2gpijmyhiw2hvpbavtsphgvm/app.bsky.feed.post/3mijsu5m7ek24,0.0,LOW,LOW,bagged_stump_ensemble,True,LOW,0.0774199401838707,0.8370622435918998,0.08551781622422953,MEDIUM,0.3682250165231148,0.2556078922846883,0.37616709119219693
at://did:plc:2gtatbkkhpiytz65m5jes27a/app.bsky.feed.post/3mijsoqzvis2a,0.0,LOW,LOW,bagged_stump_ensemble,True,LOW,0.06955291636375882,0.8524009039961877,0.07804617964005338,LOW,0.23013064271219416,0.4521430304507398,0.3177263268370661
at://did:plc:2h454vysj3di3hb4zwv4lljj/app.bsky.feed.post/3mijsrdclls2v,0.0,LOW,LOW,bagged_stump_ensemble,True,LOW,0.04795878927969715,0.886322505993945,0.06571870472635784,LOW,0.12432854896941216,0.6667391350432728,0.20893231598731515
at://did:plc:2h4jcff7dv4is2pxkfxlosjm/app.bsky.feed.post/3mijsxh7nx225,1.0,MEDIUM,LOW,bagged_stump_ensemble,False,LOW,0.07844930256092315,0.8346199981926271,0.08693069924644982,HIGH,0.39928998094055396,0.26827341661170334,0.3324366024477427
at://did:plc:2h6yvnlfnf7vsvlz6vvy6pmw/app.bsky.feed.post/3mijstqw76k27,1.0,MEDIUM,LOW,bagged_stump_ensemble,False,LOW,0.07820655311249815,0.835121771503154,0.08667167538434782,HIGH,0.524775145983435,0.2204775471145408,0.25474730690202424
at://did:plc:2hb4f7qalzkxwgjkacv2zv2l/app.bsky.feed.post/3mijt7zgrns2j,0.0,LOW,LOW,bagged_stump_ensemble,True,LOW,0.06606604510939673,0.8520104992054601,0.08192345568514316,HIGH,0.36376275132946034,0.28800537208901006,0.3482318765815297
at://did:plc:2hbvffy65qbh46vivrkva2hj/app.bsky.feed.post/3mijsp365i22f,0.0,LOW,LOW,bagged_stump_ensemble,True,LOW,0.04872658161539817,0.884920540622616,0.06635287776198572,LOW,0.1521135098529884,0.6024332806053055,0.24545320954170607
at://did:plc:2hjf2tsjo6pk5ccskpgrfity/app.bsky.feed.post/3mijsuybi2k2p,3.0,HIGH,LOW,bagged_stump_ensemble,False,LOW,0.07199976340646896,0.8482307706455242,0.07976946594800681,LOW,0.3368779326545654,0.3576523149095148,0.3054697524359197
at://did:plc:2ikga26ie5k45w2iulysf4bn/app.bsky.feed.post/3mijsxca4i222,0.0,LOW,LOW,bagged_stump_ensemble,True,LOW,0.07216862123686713,0.8488948029919706,0.07893657577116234,HIGH,0.37774682364350165,0.3694983087877477,0.25275486756875065
at://did:plc:2j3anexcypd3l25ptnlzqyb7/app.bsky.feed.post/3mijsqgzesc24,0.0,LOW,LOW,bagged_stump_ensemble,True,LOW,0.06633129376764815,0.8498440136005239,0.08382469263182807,MEDIUM,0.2897318219746384,0.3458357957606599,0.3644323822647016
at://did:plc:2jblzvdjm67pujqdcuhmdwtp/app.bsky.feed.post/3mijsnreay22l,0.0,LOW,LOW,bagged_stump_ensemble,True,LOW,0.07763655567715852,0.8360142724482544,0.08634917187458706,LOW,0.2712857181735023,0.39438081306660916,0.3343334687598887
at://did:plc:2jblzvdjm67pujqdcuhmdwtp/app.bsky.feed.post/3mijsxp24ls23,0.0,LOW,LOW,bagged_stump_ensemble,True,LOW,0.07763655567715852,0.8360142724482544,0.08634917187458706,LOW,0.25873707368869237,0.39047268718932915,0.3507902391219786
at://did:plc:2jgm4cttw5imqoal7utbvm2n/app.bsky.feed.post/3mijsylvqb22x,0.0,LOW,LOW,bagged_stump_ensemble,True,LOW,0.049886753501442435,0.8833069482074001,0.06680629829115749,LOW,0.19170288215778,0.5644264447659575,0.2438706730762625
at://did:plc:2jm3zcnstcgayuwso4e752du/app.bsky.feed.post/3mijstrjhfc2y,0.0,LOW,LOW,bagged_stump_ensemble,True,LOW,0.06619084690280229,0.8511595268953992,0.08264962620179853,MEDIUM,0.37932285883300204,0.2365960793267798,0.3840810618402181
at://did:plc:2jmgsaxfoogfcdf42kwczxi5/app.bsky.feed.post/3mijsy3oky22h,0.0,LOW,LOW,bagged_stump_ensemble,True,LOW,0.0654519946921972,0.8514867976157756,0.08306120769202709,MEDIUM,0.36596534161475136,0.23040535979905122,0.4036292985861973
at://did:plc:2joirvqkdn2xiufye2aqzlds/app.bsky.feed.post/3mijstkitvc2l,1.0,MEDIUM,LOW,bagged_stump_ensemble,False,LOW,0.08003626651010415,0.8325782253677637,0.08738550812213208,MEDIUM,0.3709064359513874,0.24545008935802287,0.3836434746905898
at://did:plc:2junm4amribp74r2ykx2rttz/app.bsky.feed.post/3mijsuyjczs26,0.0,LOW,LOW,bagged_stump_ensemble,True,LOW,0.07934531552017138,0.8334617249265758,0.08719295955325286,MEDIUM,0.32623224335221584,0.29952020703390303,0.3742475496138811
at://did:plc:2jwmwpma5fpdvwo26fwgoxb6/app.bsky.feed.post/3mijsu6x3gs2q,0.0,LOW,LOW,bagged_stump_ensemble,True,LOW,0.07369743942439375,0.8458883453129402,0.08041421526266594,LOW,0.2729506679058172,0.38422614275677497,0.3428231893374079
at://did:plc:2k6avu5mrlxqqwsfceza2g3w/app.bsky.feed.post/3mijsqism642c,0.0,LOW,LOW,bagged_stump_ensemble,True,LOW,0.05905441719874064,0.8695548051009423,0.07139077770031703,LOW,0.22009640860605525,0.49543423420601856,0.28446935718792615
at://did:plc:2k6avu5mrlxqqwsfceza2g3w/app.bsky.feed.post/3mijsu6ahyt2j,0.0,LOW,LOW,bagged_stump_ensemble,True,LOW,0.058995001560396,0.8696807516194631,0.07132424682014082,LOW,0.19484565513644933,0.5143425464587021,0.2908117984048486
at://did:plc:2k6avu5mrlxqqwsfceza2g3w/app.bsky.feed.post/3mijsv5k4522o,0.0,LOW,LOW,bagged_stump_ensemble,True,LOW,0.05905441719874064,0.8695548051009423,0.07139077770031703,LOW,0.27802315974751113,0.46063378385812603,0.2613430563943628
at://did:plc:2k75pwnnmwm4ppvqgbtmbdei/app.bsky.feed.post/3mijsth355k2g,0.0,LOW,LOW,bagged_stump_ensemble,True,LOW,0.07446771758015866,0.839973312183636,0.08555897023620519,HIGH,0.42247302859380226,0.2291435676614169,0.3483834037447808
at://did:plc:2kketofljfsjg3zcxbwjao4y/app.bsky.feed.post/3mijsnoicls2b,0.0,LOW,LOW,bagged_stump_ensemble,True,LOW,0.07631730864296608,0.8372309391831899,0.08645175217384406,MEDIUM,0.299567148901887,0.2550316276137194,0.4454012234843936
at://did:plc:2knwm7g3qy275mcvy2kiuagj/app.bsky.feed.post/3mijsqqmb4c2z,0.0,LOW,LOW,bagged_stump_ensemble,True,LOW,0.07928488842643028,0.8320614710952858,0.08865364047828395,MEDIUM,0.3630864652254663,0.22167719107230668,0.4152363437022271
at://did:plc:2ko2tqrgtayrrfkhxjilvyct/app.bsky.feed.post/3mijsw676wc2t,0.0,LOW,LOW,bagged_stump_ensemble,True,LOW,0.0629486384754476,0.861594470186037,0.07545689133851544,LOW,0.2569137722150338,0.45238455275380524,0.2907016750311609
at://did:plc:2kqolcwlsxiqhi3t5td45uvz/app.bsky.feed.post/3mijsx2a62c2n,0.0,LOW,LOW,bagged_stump_ensemble,True,LOW,0.056726490034682636,0.8685091629967477,0.0747643469685696,MEDIUM,0.35854335487936395,0.2624663661191703,0.37899027900146576
at://did:plc:2kzk3x3ug6xgnou7nhjdllot/app.bsky.feed.post/3mijsuqw5rs25,0.0,LOW,LOW,bagged_stump_ensemble,True,LOW,0.05080989967519657,0.881866482131676,0.06732361819312754,LOW,0.17090362154032077,0.5889159565527141,0.2401804219069651
at://did:plc:2lh75owheylr7plb57thpduz/app.bsky.feed.post/3mijssk5puk2f,0.0,LOW,LOW,bagged_stump_ensemble,True,LOW,0.0742028442744726,0.8407355297691531,0.08506162595637434,MEDIUM,0.3489690333533311,0.266650117806671,0.38438084883999774
at://did:plc:2ligemhu7jprupb7tgh6uecd/app.bsky.feed.post/3mijsv5yrc22j,1.0,MEDIUM,LOW,bagged_stump_ensemble,False,LOW,0.06811322046905473,0.8501626342477672,0.08172414528317812,MEDIUM,0.29346852688539476,0.34499314989172547,0.3615383232228797
at://did:plc:2lkz2tj7m5thhm56qdhtj3dm/app.bsky.feed.post/3mijsphrcts2k,0.0,LOW,LOW,bagged_stump_ensemble,True,LOW,0.0793257370461037,0.8338875768026669,0.08678668615122945,HIGH,0.38191430157521883,0.3154092249401629,0.30267647348461835
at://did:plc:2ls6j2anpilaalciilqrp2b2/app.bsky.feed.post/3mijsruedhk2y,0.0,LOW,LOW,bagged_stump_ensemble,True,LOW,0.07290294590032677,0.8483389541563873,0.07875809994328599,LOW,0.198359662708661,0.5502344602710532,0.25140587702028583
at://did:plc:2ltjyeiniqo5s72pffjejiad/app.bsky.feed.post/3mijswsf57h2t,0.0,LOW,LOW,bagged_stump_ensemble,True,LOW,0.05541114538184369,0.8707979929103865,0.07379086170776977,LOW,0.2613313672364167,0.4318786377894523,0.3067899949741309
at://did:plc:2m4k3jp6v56uhbc2ogzyneel/app.bsky.feed.post/3mijspdtjhc2p,0.0,LOW,LOW,bagged_stump_ensemble,True,LOW,0.05780056530261363,0.8661482071920922,0.0760512275052943,HIGH,0.4218212566252103,0.30295533430033017,0.27522340907445936
at://did:plc:2m5ahrmlrxbbr36q6gh2rn76/app.bsky.feed.post/3mijsuiobh22q,0.0,LOW,LOW,bagged_stump_ensemble,True,LOW,0.0802069492181911,0.8320942345059633,0.08769881627584558,MEDIUM,0.3191019463506599,0.29608875133243284,0.3848093023169072
at://did:plc:2m6jeaeiyml4ngxxwmumck63/app.bsky.feed.post/3mijsvygbwk2n,0.0,LOW,LOW,bagged_stump_ensemble,True,LOW,0.06004160366191909,0.8626449201113321,0.07731347622674872,HIGH,0.40282391988963423,0.3014645145918947,0.29571156551847094
at://did:plc:2mgis3tp472bn3r3n24ys44m/app.bsky.feed.post/3mijsrck6ds23,0.0,LOW,LOW,bagged_stump_ensemble,True,LOW,0.0656853325279393,0.852719769959248,0.08159489751281264,HIGH,0.424017034270284,0.25449462923327854,0.3214883364964374
at://did:plc:2mgis3tp472bn3r3n24ys44m/app.bsky.feed.post/3mijst4ap7k23,0.0,LOW,LOW,bagged_stump_ensemble,True,LOW,0.06562591688959467,0.852845716477769,0.08152836663263643,HIGH,0.4158117459798962,0.30392011293962246,0.28026814108048126
at://did:plc:2mtybp457hofn2jbqntcwmsz/app.bsky.feed.post/3mijsoi7u4c2s,0.0,LOW,LOW,bagged_stump_ensemble,True,LOW,0.0669297237557504,0.8512692132438145,0.08180106300043508,HIGH,0.3657066855869328,0.27172771855657046,0.3625655958564968
at://did:plc:2mx6mhbg7zfixflsqllvp5rt/app.bsky.feed.post/3mijso75i3a22,0.0,LOW,LOW,bagged_stump_ensemble,True,LOW,0.06482909304040695,0.8527083930346088,0.08246251392498431,HIGH,0.3861105580389353,0.2653820425388219,0.34850739942224274
at://did:plc:2mx6mhbg7zfixflsqllvp5rt/app.bsky.feed.post/3mijsomv34k2z,0.0,LOW,LOW,bagged_stump_ensemble,True,LOW,0.06349034222672707,0.8567279985984472,0.07978165917482569,MEDIUM,0.3586164141065209,0.27901721035040516,0.36236637554307394
at://did:plc:2mx6mhbg7zfixflsqllvp5rt/app.bsky.feed.post/3mijsop5qxc2a,0.0,LOW,LOW,bagged_stump_ensemble,True,LOW,0.06478664028672566,0.8520067148476294,0.08320664486564498,MEDIUM,0.3335922598203875,0.22664341043252015,0.43976432974709234
at://did:plc:2mx6mhbg7zfixflsqllvp5rt/app.bsky.feed.post/3mijsorg7fu2d,0.0,LOW,LOW,bagged_stump_ensemble,True,LOW,0.06450626819181307,0.8532058863744524,0.08228784543373462,MEDIUM,0.3150539199421827,0.2415993301904426,0.44334674986737477
at://did:plc:2mx6mhbg7zfixflsqllvp5rt/app.bsky.feed.post/3mijsovxl4q2z,0.0,LOW,LOW,bagged_stump_ensemble,True,LOW,0.06349034222672707,0.8567279985984472,0.07978165917482569,HIGH,0.3596949638642329,0.2969899727812503,0.3433150633545168
at://did:plc:2mxwjdlgcw6keju67y3rxzfr/app.bsky.feed.post/3mijspfymfc24,0.0,LOW,LOW,bagged_stump_ensemble,True,LOW,0.06412067820949201,0.8604839242040245,0.07539539758648352,LOW,0.20728468722056703,0.4818693785730215,0.31084593420641143
at://did:plc:2mxwjdlgcw6keju67y3rxzfr/app.bsky.feed.post/3mijswmblz224,0.0,LOW,LOW,bagged_stump_ensemble,True,LOW,0.06433052933396946,0.8601770318543891,0.07549243881164155,LOW,0.22078737495901984,0.48546580339971285,0.2937468216412674
at://did:plc:2mxwjdlgcw6keju67y3rxzfr/app.bsky.feed.post/3mijsyf7is224,0.0,LOW,LOW,bagged_stump_ensemble,True,LOW,0.06445936252769581,0.8597754227343477,0.07576521473795653,LOW,0.2967962755020932,0.46136021106315694,0.2418435134347498
at://did:plc:2n2mg4afxpo3wprgposzjfw5/app.bsky.feed.post/3mijsqrvndc2e,0.0,LOW,LOW,bagged_stump_ensemble,True,LOW,0.061464223597855895,0.8601223068383073,0.0784134695638369,MEDIUM,0.29075765917239177,0.28830356119612893,0.42093877963147935
at://did:plc:2ncafdqctxyrd4gpjln6e2vw/app.bsky.feed.post/3mijsy7e3ps25,0.0,LOW,LOW,bagged_stump_ensemble,True,LOW,0.06399688047655404,0.8533517651497311,0.08265135437371496,MEDIUM,0.29784920661599423,0.20584860942164987,0.4963021839623559
at://did:plc:2nfexzpaqiyscshuda2gyqzf/app.bsky.feed.post/3mijsrusdpc2h,0.0,LOW,LOW,bagged_stump_ensemble,True,LOW,0.08090266996156813,0.8293980870981452,0.08969924294028671,HIGH,0.5126410622013806,0.15426749189968547,0.33309144589893386
at://did:plc:2nfexzpaqiyscshuda2gyqzf/app.bsky.feed.post/3mijswdi65k2h,1.0,MEDIUM,LOW,bagged_stump_ensemble,False,LOW,0.08044258878550774,0.8310409009071223,0.08851651030736993,HIGH,0.5859317666714988,0.16169287913932662,0.2523753541891745
at://did:plc:2nkkszwavrwdouiqvytk4qqe/app.bsky.feed.post/3mijswo7fkc27,0.0,LOW,LOW,bagged_stump_ensemble,True,LOW,0.07827861985283621,0.8351039890544276,0.08661739109273632,MEDIUM,0.34657302551577834,0.2771397931572736,0.376287181326948
at://did:plc:2nllfhem3cy4pbid7cne4jhl/app.bsky.feed.post/3mijsyiqvp22q,0.0,LOW,LOW,bagged_stump_ensemble,True,LOW,0.06871961576715187,0.8483279639906849,0.08295242024216322,HIGH,0.3944329580497232,0.22991771231048588,0.37564932963979086
at://did:plc:2nlzeogz3ghykjixm44qxllm/app.bsky.feed.post/3mijsuv3if224,0.0,LOW,LOW,bagged_stump_ensemble,True,LOW,0.0587629829537006,0.868268112951174,0.07296890409512541,HIGH,0.4622198870208724,0.3296066048034704,0.2081735081756571
at://did:plc:2nuaz7x652n657zielxph3hl/app.bsky.feed.post/3mijspup5z22z,0.0,LOW,LOW,bagged_stump_ensemble,True,LOW,0.0795213761988752,0.8338561452371195,0.08662247856400525,LOW,0.35230807135997483,0.3559869742962053,0.2917049543438199
at://did:plc:2nuaz7x652n657zielxph3hl/app.bsky.feed.post/3mijsqnfky22z,0.0,LOW,LOW,bagged_stump_ensemble,True,LOW,0.0795213761988752,0.8338561452371195,0.08662247856400525,LOW,0.35230807135997483,0.3559869742962053,0.2917049543438199
at://did:plc:2o4ganzjdricanz2kfpi4yj2/app.bsky.feed.post/3mijss2f7dk2i,0.0,LOW,LOW,bagged_stump_ensemble,True,LOW,0.07622536423742664,0.8374475484969724,0.08632708726560095,MEDIUM,0.3583871920557543,0.25221350160197525,0.3893993063422703
at://did:plc:2o7opegwkvb4chdfppjd62oa/app.bsky.feed.post/3mijsw6lpcs2t,1.0,MEDIUM,LOW,bagged_stump_ensemble,False,LOW,0.07359013386707217,0.841741129017996,0.08466873711493189,LOW,0.23339915859401125,0.3973205448024799,0.3692802966035089
at://did:plc:2ob3illanggbfq2nge33zzq3/app.bsky.feed.post/3mijsqrmpkv2d,0.0,LOW,LOW,bagged_stump_ensemble,True,LOW,0.06947841349232621,0.8474756168344724,0.08304596967320142,MEDIUM,0.35637208102388707,0.2720554924406916,0.37157242653542133
at://did:plc:2od2c3g7qhosowieuzcoyxzc/app.bsky.feed.post/3mijsr5fsmh27,0.0,LOW,LOW,bagged_stump_ensemble,True,LOW,0.07791056798886795,0.8357096560966085,0.08637977591452367,HIGH,0.5224802919762843,0.19745587791771937,0.28006383010599634
at://did:plc:2ogt5coalu46eqfr4no5ooco/app.bsky.feed.post/3mijsgzvcck22,0.0,LOW,LOW,bagged_stump_ensemble,True,LOW,0.07948726614691956,0.8330711076210106,0.08744162623206977,HIGH,0.3849526713332057,0.3132918787481748,0.3017554499186195
at://did:plc:2okb2wd3y45k3ql2pwx6ae5a/app.bsky.feed.post/3mijspfrrnc23,0.0,LOW,LOW,bagged_stump_ensemble,True,LOW,0.0527182563291828,0.8794694444101279,0.0678122992606894,LOW,0.1166927143656519,0.7002513460251821,0.1830559396091659
at://did:plc:2okb2wd3y45k3ql2pwx6ae5a/app.bsky.feed.post/3mijswpzfyk23,0.0,LOW,LOW,bagged_stump_ensemble,True,LOW,0.0527182563291828,0.8794694444101279,0.0678122992606894,LOW,0.10571162064655841,0.7045958366201941,0.18969254273324754
at://did:plc:2omnudoww2jceiriux6vpo3v/app.bsky.feed.post/3mijsrpmqus2r,0.0,LOW,LOW,bagged_stump_ensemble,True,LOW,0.06598442614565683,0.8532080080023821,0.08080756585196112,MEDIUM,0.30554291674009815,0.31795353790337694,0.37650354535652497
at://did:plc:2otejz54xcx5es6hskvuv34u/app.bsky.feed.post/3mijsqce7em2t,0.0,LOW,LOW,bagged_stump_ensemble,True,LOW,0.05783706585123203,0.8667463943309596,0.07541653981780838,MEDIUM,0.35052836285772015,0.2944730839440021,0.3549985531982777
at://did:plc:2owjpbaq5bgkxcjopsv5ne6y/app.bsky.feed.post/3mijso6pdxs2a,0.0,LOW,LOW,bagged_stump_ensemble,True,LOW,0.07722697997457034,0.8363091980796885,0.08646382194574127,LOW,0.25356113112329737,0.4229574639641844,0.32348140491251826
at://did:plc:2ozoxklye2q7dszym45gheju/app.bsky.feed.post/3mijss22lik2r,0.0,LOW,LOW,bagged_stump_ensemble,True,LOW,0.07803276406195707,0.8335786237592692,0.08838861217877385,MEDIUM,0.31560877633730305,0.23899692659583063,0.44539429706686634
at://did:plc:2p4ed2zqnxba6bxyyd3j3gxi/app.bsky.feed.post/3mijsshqtvs2e,0.0,LOW,LOW,bagged_stump_ensemble,True,LOW,0.0802069492181911,0.8320942345059633,0.08769881627584558,MEDIUM,0.3398046955636258,0.29527906944507615,0.3649162349912981
at://did:plc:2p73aps4rcx72kako2lkgfqp/app.bsky.feed.post/3mijswcjpk22t,1.0,MEDIUM,LOW,bagged_stump_ensemble,False,LOW,0.0802069492181911,0.8320942345059633,0.08769881627584558,HIGH,0.38715854090951785,0.2778210923610334,0.3350203667294488
at://did:plc:2pfxirxozabwgvaglpkpnoy7/app.bsky.feed.post/3mijstcdvck2a,0.0,LOW,LOW,bagged_stump_ensemble,True,LOW,0.07280273253790696,0.8436880644548557,0.08350920300723719,HIGH,0.36694066774258144,0.3646066152594244,0.2684527169979942
at://did:plc:2pjpamfhebw2eulmz3k625hx/app.bsky.feed.post/3mijssvbsfk2h,0.0,LOW,LOW,bagged_stump_ensemble,True,LOW,0.0747155630651854,0.8403874323844128,0.0848970045504018,MEDIUM,0.36671085972843004,0.25746360021550996,0.37582554005605995
at://did:plc:2q2vupkvsyjtebw3tkqtowwl/app.bsky.feed.post/3mijsnwxjck24,0.0,LOW,LOW,bagged_stump_ensemble,True,LOW,0.07822352243604233,0.8357258553951992,0.08605062216875853,LOW,0.25586581818479737,0.47891216516133445,0.26522201665386813
at://did:plc:2q4pdltlh25bolatpy4jwykj/app.bsky.feed.post/3mijssnisms2c,0.0,LOW,LOW,bagged_stump_ensemble,True,LOW,0.07573013008166361,0.8385171709974687,0.08575269892086769,MEDIUM,0.35570547414984083,0.28678262885513794,0.3575118969950212
at://did:plc:2q4xsegq2id2yytrfo4bab3b/app.bsky.feed.post/3mijspv6wvc2b,0.0,LOW,LOW,bagged_stump_ensemble,True,LOW,0.08112362641813607,0.828324862089843,0.09055151149202087,HIGH,0.4359219350847,0.19501269536161447,0.3690653695536856
at://did:plc:2q4xsegq2id2yytrfo4bab3b/app.bsky.feed.post/3mijsth7vik2b,15.0,HIGH,LOW,bagged_stump_ensemble,False,LOW,0.08127024798257594,0.8284043130023307,0.09032543901509342,MEDIUM,0.37574979994502344,0.21385050493829488,0.4103996951166818
at://did:plc:2q5c5fys2x66mmen25gxablo/app.bsky.feed.post/3mijsswg5qr2l,0.0,LOW,LOW,bagged_stump_ensemble,True,LOW,0.058297578524212794,0.8654913760649687,0.07621104541081855,HIGH,0.3607934178793865,0.3123610764386514,0.32684550568196213
at://did:plc:2q766zuc3cagxjp3exfzwnbe/app.bsky.feed.post/3mijsv3ic3s2p,0.0,LOW,LOW,bagged_stump_ensemble,True,LOW,0.06775125310124881,0.8549180758814374,0.07733067101731382,LOW,0.23220514431057213,0.43997353241701326,0.3278213232724145
at://did:plc:2q7pjljhupi33gzyjub3ljph/app.bsky.feed.post/3mijsr72e6r2r,0.0,LOW,LOW,bagged_stump_ensemble,True,LOW,0.049073653032436826,0.8840724603809277,0.06685388658663544,LOW,0.01004695605077638,0.872997482224088,0.11695556172513558
at://did:plc:2q7pjljhupi33gzyjub3ljph/app.bsky.feed.post/3mijsrv5vzx22,0.0,LOW,LOW,bagged_stump_ensemble,True,LOW,0.04888682623935236,0.8849241553214885,0.06618901843915921,LOW,0.00886373748396216,0.8909668056208557,0.10016945689518209
at://did:plc:2qauo67ubtqi7wxodkclk6um/app.bsky.feed.post/3mijsxkyk232r,1.0,MEDIUM,LOW,bagged_stump_ensemble,False,LOW,0.06768247268545309,0.8534852033692357,0.07883232394531121,LOW,0.034304765300451026,0.786367054337119,0.17932818036243003
at://did:plc:2qeg5hf3gkddc3zh2776wnb5/app.bsky.feed.post/3mijsxcf2ym2c,0.0,LOW,LOW,bagged_stump_ensemble,True,LOW,0.056297406213469244,0.869697984996381,0.07400460879014967,LOW,0.032486098994774455,0.767263706838382,0.2002501941668436
at://did:plc:2qeivddf67jadjlpzhratpnf/app.bsky.feed.post/3mijso5rumc2p,0.0,LOW,LOW,bagged_stump_ensemble,True,LOW,0.07868111208859271,0.8345410091893213,0.08677787872208596,MEDIUM,0.2912694164535066,0.3032735739113505,0.4054570096351428
at://did:plc:2qfk6s7s5ism7odsfwgu6vhz/app.bsky.feed.post/3mijssgirok2b,0.0,LOW,LOW,bagged_stump_ensemble,True,LOW,0.057114917615099244,0.8679998959485243,0.07488518643637647,HIGH,0.35116711396049977,0.349104613148408,0.29972827289109216
at://did:plc:2qjwmnxikm6awgk453eji7b6/app.bsky.feed.post/3mijsq6xews2r,0.0,LOW,LOW,bagged_stump_ensemble,True,LOW,0.07896691189879057,0.8346355060001487,0.08639758210106072,HIGH,0.3591192005092215,0.3306034937775005,0.31027730571327794
at://did:plc:2qldtbcfnk7fdd3v6ueuvqu5/app.bsky.feed.post/3mijsurf2ds2c,0.0,LOW,LOW,bagged_stump_ensemble,True,LOW,0.07888797434672393,0.834269129176154,0.08684289647712214,LOW,0.23560799078243103,0.401770163462655,0.36262184575491413
at://did:plc:2qmfari2rdaxtm2n642qu7hb/app.bsky.feed.post/3mijsthnvqc26,0.0,LOW,LOW,bagged_stump_ensemble,True,LOW,0.08008604213551195,0.831781405741263,0.08813255212322506,MEDIUM,0.3668065427998037,0.2607914906549116,0.37240196654528473
at://did:plc:2qmfari2rdaxtm2n642qu7hb/app.bsky.feed.post/3mijsxha2nc2r,1.0,MEDIUM,LOW,bagged_stump_ensemble,False,LOW,0.07941768145164314,0.8336709674888843,0.08691135105947254,HIGH,0.38104942298622524,0.31275970855452057,0.3061908684592542
at://did:plc:2qoisvj4pxjdaoxbjmatvq7x/app.bsky.feed.post/3mijssh5pm226,2.0,HIGH,LOW,bagged_stump_ensemble,False,LOW,0.0677750948248551,0.8499806344958443,0.08224427067930065,MEDIUM,0.3418578405741208,0.300748563783556,0.35739359564232326
at://did:plc:2qqj5kizkl7x6rycsb4qfr2v/app.bsky.feed.post/3mijsp646bc25,0.0,LOW,LOW,bagged_stump_ensemble,True,LOW,0.07496880321850287,0.8404897989124429,0.0845413978690543,LOW,0.2657038490090636,0.4010283836523199,0.33326776733861657
at://did:plc:2r7zpeoudnovqqopankzivy2/app.bsky.feed.post/3mijstynww22t,0.0,LOW,LOW,bagged_stump_ensemble,True,LOW,0.056292013541069996,0.8684182942393803,0.07528969221954962,MEDIUM,0.3298332154526711,0.288129798019225,0.3820369865281039
at://did:plc:2rihfj2poj3s2lbr6g4tvyxu/app.bsky.feed.post/3mijssztap225,0.0,LOW,LOW,bagged_stump_ensemble,True,LOW,0.07506663295608547,0.8389765077588468,0.08595685928506763,MEDIUM,0.3196808782285205,0.2792979560002528,0.4010211657712267
at://did:plc:2rtxfpu6stukwmulwhcp53he/app.bsky.feed.post/3mijsr4ah6h62,0.0,LOW,LOW,bagged_stump_ensemble,True,LOW,0.059411443534431826,0.8608522961139334,0.07973626035163477,MEDIUM,0.2936137484302507,0.22077208323751257,0.4856141683322368
at://did:plc:2rwrodmut3u5is4fmjpkv2zv/app.bsky.feed.post/3mijsp44bds2z,0.0,LOW,LOW,bagged_stump_ensemble,True,LOW,0.07603615060825204,0.8377402514633135,0.08622359792843443,HIGH,0.36313676394309974,0.28730111104433803,0.3495621250125622
at://did:plc:2rzcnjvlvesxhpiiapkjwjkx/app.bsky.feed.post/3mijspdxnc22x,0.0,LOW,LOW,bagged_stump_ensemble,True,LOW,0.07863873872830925,0.8332158110579578,0.08814545021373295,MEDIUM,0.32947839210884927,0.23291447574871188,0.4376071321424389
at://did:plc:2rzcnjvlvesxhpiiapkjwjkx/app.bsky.feed.post/3mijswtacxk2x,1.0,MEDIUM,LOW,bagged_stump_ensemble,False,LOW,0.0785451934264811,0.83356328764422,0.08789151892929876,MEDIUM,0.3453329207004242,0.2505932109683577,0.4040738683312181
at://did:plc:2rzmr3x5w335as2rmeueo7gp/app.bsky.feed.post/3mijsnxtf5z2l,0.0,LOW,LOW,bagged_stump_ensemble,True,LOW,0.049470161772779526,0.8835912931846566,0.06693854504256401,LOW,0.16665341842898584,0.599987841734561,0.23335873983645317
at://did:plc:2s3rkarjm2gaxfglf6sw5b3l/app.bsky.feed.post/3mijsyaswqk2h,0.0,LOW,LOW,bagged_stump_ensemble,True,LOW,0.058026107663560526,0.8678298052447407,0.07414408709169884,LOW,0.20159442187477897,0.5318562099217068,0.2665493682035142
at://did:plc:2sddgx5jxukqk2v6kssqinyt/app.bsky.feed.post/3mijsweg64c2b,1.0,MEDIUM,LOW,bagged_stump_ensemble,False,LOW,0.07988519896357327,0.8325608568991661,0.08755394413726049,MEDIUM,0.3464833578450372,0.2892288369152366,0.36428780523972626
at://did:plc:2sidns5sb4psqgiobitewfsa/app.bsky.feed.post/3mijsotb2ts25,0.0,LOW,LOW,bagged_stump_ensemble,True,LOW,0.0601745253597652,0.8649979500608382,0.0748275245793966,LOW,0.2747257024006254,0.4377027410622278,0.2875715565371468
at://did:plc:2slfykealaqu3lcq4chdtg2c/app.bsky.feed.post/3mijswztxgc2i,3.0,HIGH,LOW,bagged_stump_ensemble,False,LOW,0.07988519896357327,0.8325608568991661,0.08755394413726049,MEDIUM,0.3005085042436082,0.29202941218230394,0.40746208357408775
at://did:plc:2sm5ekmcnqk2f5aueaplvib2/app.bsky.feed.post/3mijsrhezgc2d,0.0,LOW,LOW,bagged_stump_ensemble,True,LOW,0.06892833853516558,0.84799937003436,0.08307229143047448,HIGH,0.36487646969949045,0.3040028445640852,0.3311206857364244
at://did:plc:2su6e6a6pvnmehjhexwconsc/app.bsky.feed.post/3mijsnzhktc25,0.0,LOW,LOW,bagged_stump_ensemble,True,LOW,0.0800675806764634,0.831227932919663,0.0887044864038737,MEDIUM,0.3492990271562079,0.25206586690028915,0.39863510594350293
at://did:plc:2svkteq3ltckffqyetypak5t/app.bsky.feed.post/3mijswqppuc2f,0.0,LOW,LOW,bagged_stump_ensemble,True,LOW,0.056119033346986674,0.8670701023292715,0.07681086432374185,MEDIUM,0.336896780758799,0.3082403861591616,0.3548628330820393
at://did:plc:2swl4c54byt3it23whl5mu4w/app.bsky.feed.post/3mijsqiikpd2n,0.0,LOW,LOW,bagged_stump_ensemble,True,LOW,0.06929683158194516,0.8491483264817093,0.08155484193634559,MEDIUM,0.27718337445213126,0.3396159856960845,0.38320063985178426
at://did:plc:2tcbjxbe5gdoqpehnbrqf5ro/app.bsky.feed.post/3mijss6kb5k2b,0.0,LOW,LOW,bagged_stump_ensemble,True,LOW,0.06568885273809671,0.8515941494448113,0.08271699781709216,MEDIUM,0.3164192330442863,0.24626352887673428,0.43731723807897943
at://did:plc:2tdgnqpj4nmehwaefndrb3zb/app.bsky.feed.post/3mijsp6343k23,0.0,LOW,LOW,bagged_stump_ensemble,True,LOW,0.06631257580540338,0.8496446632090369,0.08404276098555982,MEDIUM,0.2976555997541293,0.21767818824152493,0.4846662120043456
at://did:plc:2thzlmzdmifqiut5cnilnedl/app.bsky.feed.post/3mijswdjj4k2l,0.0,LOW,LOW,bagged_stump_ensemble,True,LOW,0.05704326615945324,0.8674632442979194,0.07549348954262741,MEDIUM,0.2510912535128736,0.25058645266922014,0.49832229381790627
at://did:plc:2tyjvuovngdtelbgjpxrspnx/app.bsky.feed.post/3mijsv4k63c2y,0.0,LOW,LOW,bagged_stump_ensemble,True,LOW,0.05726294635879731,0.86677262708285,0.0759644265583527,MEDIUM,0.14617594131937608,0.4005425067803249,0.4532815519002989
at://did:plc:2usndrtzo73g44stbx7q5vhl/app.bsky.feed.post/3mijsr2vrzs2c,0.0,LOW,LOW,bagged_stump_ensemble,True,LOW,0.05825356065877571,0.8659195492817189,0.07582689005950542,LOW,0.258839019343178,0.3888298291936729,0.352331151463149
at://did:plc:2uw7siqhnqfunwyxd2dmq3lm/app.bsky.feed.post/3mijsojccnk2s,0.0,LOW,LOW,bagged_stump_ensemble,True,LOW,0.07980627080363684,0.8328914335208238,0.0873022956755393,LOW,0.2916677896949173,0.37335599137604497,0.3349762189290376
at://did:plc:2v4chkfo6tn2u4jvw3zz4qzu/app.bsky.feed.post/3mijsrarulk2o,0.0,LOW,LOW,bagged_stump_ensemble,True,LOW,0.07022183910694137,0.8461225142631615,0.08365564662989708,MEDIUM,0.32868435456826434,0.2902567792375248,0.3810588661942109
at://did:plc:2v5h74lusimrraqgmzlkbqzc/app.bsky.feed.post/3mijsxsukks2f,0.0,LOW,LOW,bagged_stump_ensemble,True,LOW,0.07862354639952734,0.832943268638453,0.08843318496201971,MEDIUM,0.34007201030756995,0.22493321858902424,0.4349947711034058
at://did:plc:2vo2q3yrgzjxot5efinkyd2x/app.bsky.feed.post/3mijsu2mjts2m,1.0,MEDIUM,LOW,bagged_stump_ensemble,False,LOW,0.07343051409993806,0.8472223365578444,0.07934714934221761,LOW,0.19879954030092717,0.507640575564431,0.2935598841346419
at://did:plc:2vptxuojvyrt2wpj2lpdyfxx/app.bsky.feed.post/3mijsocl6uc2k,0.0,LOW,LOW,bagged_stump_ensemble,True,LOW,0.08051420242543017,0.8294661895977976,0.0900196079767722,HIGH,0.46032378216338415,0.18424195116237013,0.3554342666742457
at://did:plc:2vscvtmlhai7cstitbxdbvvq/app.bsky.feed.post/3mijswfvbwc2r,0.0,LOW,LOW,bagged_stump_ensemble,True,LOW,0.07987315612452747,0.8325189941380494,0.08760784973742318,MEDIUM,0.33262947679766947,0.25514916555028316,0.41222135765204737
at://did:plc:2wqicio5thhf2i2odvwbmxhp/app.bsky.feed.post/3mijsu7pgqc22,1.0,MEDIUM,LOW,bagged_stump_ensemble,False,LOW,0.07798178504899303,0.8357301087823451,0.08628810616866188,HIGH,0.39785802553861616,0.3015732863216217,0.3005686881397622
at://did:plc:2x2ij7t5x7lh3bxn3pctfzen/app.bsky.feed.post/3mijspqenfc2r,0.0,LOW,LOW,bagged_stump_ensemble,True,LOW,0.08025432201748993,0.8319264252263256,0.08781925275618445,MEDIUM,0.36287695826079847,0.23171581107520456,0.4054072306639969
at://did:plc:2xn2ypebsd7k7qqjt3n6iltr/app.bsky.feed.post/3mijsvczvk223,0.0,LOW,LOW,bagged_stump_ensemble,True,LOW,0.05487826419731669,0.8714261225559905,0.07369561324669284,LOW,0.1924994166336294,0.4746806631885325,0.33281992017783796
at://did:plc:2xovlrblzq34vzq5yoejewnw/app.bsky.feed.post/3mijsw5ktkk2k,0.0,LOW,LOW,bagged_stump_ensemble,True,LOW,0.06716275665523755,0.8506133865735364,0.08222385677122615,MEDIUM,0.2800204635590045,0.287380568378755,0.4325989680622405
at://did:plc:2xt4eoxbdqstxqtapfaminsm/app.bsky.feed.post/3mijssroc4c25,0.0,LOW,LOW,bagged_stump_ensemble,True,LOW,0.07298266481717228,0.8479899326945687,0.07902740248825904,LOW,0.2640684565249342,0.4556151468199822,0.28031639665508357
at://did:plc:2ykuluutrc5fbd73gfmeyneo/app.bsky.feed.post/3mijsvxd7uc2w,0.0,LOW,LOW,bagged_stump_ensemble,True,LOW,0.07751048938828979,0.8362795423957532,0.086209968215957,HIGH,0.36720401241905104,0.2913156256128816,0.34148036196806736
at://did:plc:2ykuluutrc5fbd73gfmeyneo/app.bsky.feed.post/3mijswvrwc22w,0.0,LOW,LOW,bagged_stump_ensemble,True,LOW,0.07745107374994514,0.8364054889142741,0.08614343733578078,HIGH,0.368550293753592,0.29842095559395954,0.33302875065244847
at://did:plc:2yp37n5wf5vdx3ikt6ttx7gi/app.bsky.feed.post/3mijsrakswu2g,0.0,LOW,LOW,bagged_stump_ensemble,True,LOW,0.049194180548598566,0.8845564042146782,0.06624941523672331,LOW,0.025760223916386906,0.7934298130356708,0.18080996304794225
at://did:plc:2ytdovdlpndfg2kau6awxncw/app.bsky.feed.post/3mijstapx722s,2.0,HIGH,LOW,bagged_stump_ensemble,False,LOW,0.06688137497012524,0.8521235145719575,0.08099511045791727,HIGH,0.49017640721595523,0.27351982196143915,0.2363037708226056
at://did:plc:2z5bis4baseymjiv62s34a6t/app.bsky.feed.post/3mijsoa2itc2e,0.0,LOW,LOW,bagged_stump_ensemble,True,LOW,0.0646756056832668,0.8549164827137337,0.08040791160299948,MEDIUM,0.35502790804311474,0.26678657395279426,0.37818551800409106
at://did:plc:2zffjkikik3r3zuflrm7bm3k/app.bsky.feed.post/3mijsohzymc2a,0.0,LOW,LOW,bagged_stump_ensemble,True,LOW,0.06673528765235132,0.8519702624793273,0.08129444986832149,HIGH,0.3596310504769366,0.3055661944423194,0.33480275508074403
at://did:plc:2zgmtjwanzy2y73in5m3glpz/app.bsky.feed.post/3mijsogz7rs2n,0.0,LOW,LOW,bagged_stump_ensemble,True,LOW,0.07826105372885218,0.8351475538311892,0.08659139243995867,LOW,0.25649335942592827,0.3843241308574784,0.35918250971659327
at://did:plc:323aadkr2qmytha66aj2dqdb/app.bsky.feed.post/3mijsxiyp5c24,0.0,LOW,LOW,bagged_stump_ensemble,True,LOW,0.07585624118350996,0.8380819801698131,0.08606177864667698,MEDIUM,0.3000056069312,0.32093386400286206,0.379060529065938
at://did:plc:3254uuyy7wtp3236hn66fnh3/app.bsky.feed.post/3mijsxbkg5c2y,0.0,LOW,LOW,bagged_stump_ensemble,True,LOW,0.0588306283558964,0.8652191995572018,0.0759501720869018,HIGH,0.3806424666179671,0.31880538093045596,0.30055215245157696
at://did:plc:32buhmumguf75n7ursdawjuh/app.bsky.feed.post/3mijspkscec2e,0.0,LOW,LOW,bagged_stump_ensemble,True,LOW,0.05466357119721322,0.8713221553966831,0.07401427340610374,LOW,0.25601714254018676,0.4413588890564221,0.30262396840339123
at://did:plc:32gts3hxp3dp3oeaomevvp75/app.bsky.feed.post/3mijswlqfa22g,4.0,HIGH,LOW,bagged_stump_ensemble,False,LOW,0.08090266996156813,0.8293980870981452,0.08969924294028671,MEDIUM,0.36117027331831514,0.22457022795607093,0.41425949872561396
at://did:plc:32r5ftv2zm3jirgykuiylo3l/app.bsky.feed.post/3mijsujoknk2k,0.0,LOW,LOW,bagged_stump_ensemble,True,LOW,0.07363214820426028,0.841689089815535,0.08467876198020458,HIGH,0.3469563491117058,0.3317810173163692,0.3212626335719249
at://did:plc:32yospmqlqdz67wgk7q7vbjy/app.bsky.feed.post/3mijsynb4wk23,0.0,LOW,LOW,bagged_stump_ensemble,True,LOW,0.04946930892560838,0.8816603106711125,0.06887038040327916,LOW,0.22445190861307915,0.4777127816683748,0.2978353097185461
at://did:plc:32znra3irzy3axbshmohr4we/app.bsky.feed.post/3mijsvbjzcs23,6.0,HIGH,LOW,bagged_stump_ensemble,False,LOW,0.07834859665847788,0.8351185300822624,0.08653287325925967,MEDIUM,0.32178091389645086,0.2756655056138981,0.40255358048965106
at://did:plc:332n3c4xnrzhhbyjhu7vpzjo/app.bsky.feed.post/3mijspg3ldr2c,0.0,LOW,LOW,bagged_stump_ensemble,True,LOW,0.06950071460713275,0.8499955592779717,0.08050372611489563,MEDIUM,0.2994067337988464,0.2369402307373456,0.4636530354638081
at://did:plc:33netfp6xxa3eymycvvygvqc/app.bsky.feed.post/3mijsyejzc222,0.0,LOW,LOW,bagged_stump_ensemble,True,LOW,0.07367685571285355,0.8461217400467369,0.08020140424040964,LOW,0.22519662161585216,0.4632173933116831,0.31158598507246477
at://did:plc:33rtaf75mjhmdpxg6q2ru6ee/app.bsky.feed.post/3mijsrcwju22u,0.0,LOW,LOW,bagged_stump_ensemble,True,LOW,0.0735822999716448,0.8463941635323726,0.08002353649598264,HIGH,0.3571546648913296,0.3554430382560683,0.28740229685260227
at://did:plc:33y7cljk4f2b7ltrbw557bcb/app.bsky.feed.post/3mijsqvkhmc27,0.0,LOW,LOW,bagged_stump_ensemble,True,LOW,0.07539572851052917,0.839336998435804,0.08526727305366676,HIGH,0.4306228957599032,0.24428068319063306,0.3250964210494638
at://did:plc:33ydzoxjzz7ojhqlud2c3ggl/app.bsky.feed.post/3mijsvxe7jy2x,0.0,LOW,LOW,bagged_stump_ensemble,True,LOW,0.0692469482829681,0.8484888492577135,0.0822642024593185,HIGH,0.39684450798734,0.3154894087267673,0.2876660832858927
at://did:plc:3477flynqqs7ezvnlwnvoi4e/app.bsky.feed.post/3mijstvkkas2w,4.0,HIGH,LOW,bagged_stump_ensemble,False,LOW,0.07813985764899646,0.8354310158122888,0.08642912653871475,MEDIUM,0.3544577645128238,0.2821616897150264,0.3633805457721497
at://did:plc:34nflzp3ijkbqjmdq7omtnsx/app.bsky.feed.post/3mijsouswkc2j,0.0,LOW,LOW,bagged_stump_ensemble,True,LOW,0.07605188033628148,0.8380505486042659,0.08589757105945278,HIGH,0.3499112597075011,0.3082437491685055,0.34184499112399336
at://did:plc:34plhcvcr6mq3nkcr46ofqog/app.bsky.feed.post/3mijsyasvrc2g,0.0,LOW,LOW,bagged_stump_ensemble,True,LOW,0.07024745657534141,0.8460522133834416,0.08370033004121696,MEDIUM,0.2801759748848849,0.29542047605037414,0.424403549064741
at://did:plc:34s7g6xs4osremecdepqoafv/app.bsky.feed.post/3mijsr7qvvk2k,0.0,LOW,LOW,bagged_stump_ensemble,True,LOW,0.0566598678274465,0.8718316672907552,0.07150846488179818,LOW,0.19048469385480693,0.6102562292825854,0.19925907686260771
at://did:plc:34sxpyzjf55qawmspif4lzsz/app.bsky.feed.post/3mijswgwzys2g,1.0,MEDIUM,LOW,bagged_stump_ensemble,False,LOW,0.06690140285506617,0.8514331524486846,0.08166544469624921,MEDIUM,0.31357562782268333,0.34213702347533465,0.344287348701982
at://did:plc:352ocdgph2fpyb64eiaska3v/app.bsky.feed.post/3mijsxmdrvk2f,0.0,LOW,LOW,bagged_stump_ensemble,True,LOW,0.07942677591459889,0.8332279250861722,0.08734529899922894,HIGH,0.4892274105457964,0.22723875111694175,0.28353383833726187
at://did:plc:356vf3h26qcjvm7upg7ogzxe/app.bsky.feed.post/3mijss5x7rk2g,0.0,LOW,LOW,bagged_stump_ensemble,True,LOW,0.0801949063791453,0.8320523717448465,0.08775272187600824,MEDIUM,0.35664086140991613,0.23916127434045686,0.40419786424962695
at://did:plc:35gxrdaamd5mxkpuzfmxw6ae/app.bsky.feed.post/3mijsnwsxsc2m,0.0,LOW,LOW,bagged_stump_ensemble,True,LOW,0.07844930256092315,0.8346199981926271,0.08693069924644982,HIGH,0.4325167104304764,0.24910441669281516,0.3183788728767085
at://did:plc:35lraeod2gevfwqz7y47smej/app.bsky.feed.post/3mijssa3zwc2s,0.0,LOW,LOW,bagged_stump_ensemble,True,LOW,0.07594818558904941,0.8378653708560305,0.08618644355492008,MEDIUM,0.3109285470907788,0.3115671514039777,0.3775043015052435
at://did:plc:35shxcf5ku2ud2surb5wqrr2/app.bsky.feed.post/3mijsw3sook2e,0.0,LOW,LOW,bagged_stump_ensemble,True,LOW,0.06701450522602954,0.8489943496427311,0.08399114513123936,MEDIUM,0.3163108820084482,0.2440365660861117,0.43965255190544006
at://did:plc:35wqwejtyr26cahnu4vggtr3/app.bsky.feed.post/3mijst4n4oc2t,1.0,MEDIUM,LOW,bagged_stump_ensemble,False,LOW,0.0801949063791453,0.8320523717448465,0.08775272187600824,MEDIUM,0.30854285629420997,0.3105590631284267,0.38089808057736335
at://did:plc:35wqwejtyr26cahnu4vggtr3/app.bsky.feed.post/3mijsubyyas2t,1.0,MEDIUM,LOW,bagged_stump_ensemble,False,LOW,0.0802069492181911,0.8320942345059633,0.08769881627584558,MEDIUM,0.34984651346127,0.24350388294725894,0.406649603591471
at://did:plc:35wqwejtyr26cahnu4vggtr3/app.bsky.feed.post/3mijsvnds6k2t,3.0,HIGH,LOW,bagged_stump_ensemble,False,LOW,0.0802069492181911,0.8320942345059633,0.08769881627584558,MEDIUM,0.3212837085044461,0.2721148726136071,0.40660141888194684
at://did:plc:372yknj7jnen7nu6umxzzpep/app.bsky.feed.post/3mijsttva722t,5.0,HIGH,LOW,bagged_stump_ensemble,False,LOW,0.07814907257936712,0.8351477695822914,0.08670315783834155,MEDIUM,0.3454361921212921,0.2567002639672979,0.39786354391141
at://did:plc:376aobmff3nkuuctd2xgd33d/app.bsky.feed.post/3mijso4c5bc2d,0.0,LOW,LOW,bagged_stump_ensemble,True,LOW,0.05165291708815989,0.8784148856822168,0.06993219722962327,LOW,0.24460313609030943,0.40762108009434705,0.3477757838153435
at://did:plc:3773gbohvs7d4uwbfbq4rnhh/app.bsky.feed.post/3mijsqebuyk2e,0.0,LOW,LOW,bagged_stump_ensemble,True,LOW,0.0792853690857542,0.8342002937585775,0.08651433715566832,HIGH,0.3733660562071196,0.2592460799439838,0.36738786384889655
at://did:plc:37egbajnyuujgggvvtubzl7f/app.bsky.feed.post/3mijswlzq2k2b,0.0,LOW,LOW,bagged_stump_ensemble,True,LOW,0.07573013008166361,0.8385171709974687,0.08575269892086769,MEDIUM,0.30804662071012867,0.29531940478149843,0.39663397450837284
at://did:plc:37it3t225fqrtonyfvr3fa72/app.bsky.feed.post/3mijsv35ifc2y,0.0,LOW,LOW,bagged_stump_ensemble,True,LOW,0.06386738996263513,0.8555938544443431,0.08053875559302169,MEDIUM,0.26644845119468263,0.35536554826775874,0.3781860005375587
at://did:plc:37za7qlg7ucye6bl55gqzfuz/app.bsky.feed.post/3mijststlzk22,0.0,LOW,LOW,bagged_stump_ensemble,True,LOW,0.06961165241122773,0.8472340176144895,0.08315432997428267,MEDIUM,0.2766131941041674,0.3446098179879075,0.3787769879079252
at://did:plc:3abkipkukcajgiwgsn3afz5w/app.bsky.feed.post/3mijsuhtptk2y,5.0,HIGH,LOW,bagged_stump_ensemble,False,LOW,0.056119296256140296,0.8733236456309128,0.07055705811294685,LOW,0.2390226575207169,0.5595541951527907,0.2014231473264923
at://did:plc:3abl7p5fzdet77ia5k3ggd7t/app.bsky.feed.post/3mijspdiwlk2k,0.0,LOW,LOW,bagged_stump_ensemble,True,LOW,0.08007811602446477,0.8324958436260046,0.08742604034953064,MEDIUM,0.3054335174749669,0.3145952257216805,0.3799712568033525
at://did:plc:3abl7p5fzdet77ia5k3ggd7t/app.bsky.feed.post/3mijsyhr7zk2k,0.0,LOW,LOW,bagged_stump_ensemble,True,LOW,0.0802069492181911,0.8320942345059633,0.08769881627584558,MEDIUM,0.307593971501412,0.2825649120701924,0.4098411164283956
at://did:plc:3aozfglato2bxejjnt2y4cul/app.bsky.feed.post/3mijsxrn4ts2f,0.0,LOW,LOW,bagged_stump_ensemble,True,LOW,0.06998713916472762,0.8466762730067667,0.0833365878285057,MEDIUM,0.35704893953038913,0.28094338899049204,0.3620076714791188
at://did:plc:3asecnwqosq4yyhqgt7sntmu/app.bsky.feed.post/3mijso3qlqk2s,0.0,LOW,LOW,bagged_stump_ensemble,True,LOW,0.07887431883607865,0.8346995526659458,0.08642612849797564,MEDIUM,0.34842105116618194,0.2568987443398292,0.3946802044939889
at://did:plc:3axxckb43rux7l4nyqmkx3b5/app.bsky.feed.post/3mijssmysvs2n,2.0,HIGH,LOW,bagged_stump_ensemble,False,LOW,0.06608499924723732,0.8520320000510352,0.0818830007017275,MEDIUM,0.31532034447062185,0.2837965520329086,0.4008831034964695
at://did:plc:3b6oakpowm4yzhvz5hgb7tzd/app.bsky.feed.post/3mijsvqekuc2f,0.0,LOW,LOW,bagged_stump_ensemble,True,LOW,0.07908172360944138,0.8339274724299378,0.0869908039606209,HIGH,0.38174773667459455,0.25543137204502925,0.3628208912803761
at://did:plc:3bwr6dyoqlwefzesgctslrpc/app.bsky.feed.post/3mijstbwars2w,1.0,MEDIUM,LOW,bagged_stump_ensemble,False,LOW,0.05775093445918144,0.8658408190922987,0.07640824644851989,MEDIUM,0.2857672600098843,0.2575637346648113,0.4566690053253044
at://did:plc:3bwr6dyoqlwefzesgctslrpc/app.bsky.feed.post/3mijsxanp722w,0.0,LOW,LOW,bagged_stump_ensemble,True,LOW,0.05796380759332743,0.8643835624199167,0.07765262998675604,MEDIUM,0.21015541905062748,0.33737854751430096,0.4524660334350715
at://did:plc:3bybqexpmvrcl5j5eulxfisz/app.bsky.feed.post/3mijsuhjers2i,1.0,MEDIUM,LOW,bagged_stump_ensemble,False,LOW,0.07960711934037204,0.8337336713653746,0.08665920929425341,HIGH,0.3730229654503298,0.3064339108070882,0.32054312374258204
at://did:plc:3cebj6f46k7p2fse2sxj33mi/app.bsky.feed.post/3mijsr7gwks2h,0.0,LOW,LOW,bagged_stump_ensemble,True,LOW,0.059129812329983454,0.8679682123402099,0.07290197532980659,LOW,0.16728126215381517,0.6057247685080589,0.22699396933812596
at://did:plc:3cjvnvl3b5c4qfgjsrezcqo3/app.bsky.feed.post/3mijsx7kdqy23,0.0,LOW,LOW,bagged_stump_ensemble,True,LOW,0.057147402961010466,0.8680600120132412,0.07479258502574826,LOW,0.24937500014269248,0.4022261852714376,0.3483988145858699
at://did:plc:3cksja6o6uvivy33nq6owpyo/app.bsky.feed.post/3mijsrw2kss2f,0.0,LOW,LOW,bagged_stump_ensemble,True,LOW,0.055440878727593665,0.869722684960328,0.07483643631207837,HIGH,0.36487137520683083,0.2747039627222459,0.36042466207092333
at://did:plc:3cmk3pgi6ybz5774l7uto62c/app.bsky.feed.post/3mijspxnqes2r,0.0,LOW,LOW,bagged_stump_ensemble,True,LOW,0.05667132973094152,0.8681304459165611,0.07519822435249729,HIGH,0.34339175767938546,0.3312032734152505,0.3254049689053639
at://did:plc:3dkbg5lqfjuzlr5bviseaipw/app.bsky.feed.post/3mijswusbls23,0.0,LOW,LOW,bagged_stump_ensemble,True,LOW,0.07227306967183957,0.8479607221626188,0.0797662081655417,LOW,0.22621039821230524,0.42843777788968535,0.3453518238980095
at://did:plc:3dq7pt3ueeedfxrpnpmeycvz/app.bsky.feed.post/3mijsp642ec2s,0.0,LOW,LOW,bagged_stump_ensemble,True,LOW,0.07442089978185837,0.8400837296277149,0.08549537059042672,HIGH,0.36389564308451844,0.2891411510144328,0.3469632059010487
at://did:plc:3dq7pt3ueeedfxrpnpmeycvz/app.bsky.feed.post/3mijsqubxpk24,0.0,LOW,LOW,bagged_stump_ensemble,True,LOW,0.07442089978185837,0.8400837296277149,0.08549537059042672,MEDIUM,0.34812395608936136,0.28421218393379327,0.3676638599768453
at://did:plc:3dso5wdcbem6ex2xygrn2tle/app.bsky.feed.post/3mijsuchlzk2i,3.0,HIGH,LOW,bagged_stump_ensemble,False,LOW,0.08011500481265166,0.8323108438197457,0.08757415136760248,MEDIUM,0.31618263094962795,0.32012501505024654,0.3636923540001255
at://did:plc:3dso5wdcbem6ex2xygrn2tle/app.bsky.feed.post/3mijsxxu5yc2i,1.0,MEDIUM,LOW,bagged_stump_ensemble,False,LOW,0.08011500481265166,0.8323108438197457,0.08757415136760248,MEDIUM,0.3309092179598038,0.3185110845431797,0.35057969749701634
at://did:plc:3e5ebg7manlmq6gs3goa2uii/app.bsky.feed.post/3mijsym5r3s2a,0.0,LOW,LOW,bagged_stump_ensemble,True,LOW,0.048438814259746533,0.8853242267397438,0.0662369590005095,LOW,0.20208001499909453,0.6159182292576498,0.18200175574325564
at://did:plc:3ecle23klzwkmufkg6ynouqz/app.bsky.feed.post/3mijstjbtjx2u,0.0,LOW,LOW,bagged_stump_ensemble,True,LOW,0.07785897509397342,0.8355261995736168,0.08661482533240972,MEDIUM,0.34949491167772156,0.2779263152467251,0.37257877307555326
at://did:plc:3eisyfdhtz7fd72srp2gfxyu/app.bsky.feed.post/3mijsrzopmc2g,0.0,LOW,LOW,bagged_stump_ensemble,True,LOW,0.06405273523751655,0.8556441556998488,0.08030310906263474,LOW,0.2703034496666098,0.3918054944733152,0.337891055860075
at://did:plc:3eisyfdhtz7fd72srp2gfxyu/app.bsky.feed.post/3mijstb3u2k2g,0.0,LOW,LOW,bagged_stump_ensemble,True,LOW,0.06405273523751655,0.8556441556998488,0.08030310906263474,LOW,0.2679086948404503,0.39355820891600723,0.3385330962435425
at://did:plc:3enn2yvvjf7aeiok2b7smubc/app.bsky.feed.post/3mijswoaln22x,1.0,MEDIUM,LOW,bagged_stump_ensemble,False,LOW,0.0802069492181911,0.8320942345059633,0.08769881627584558,MEDIUM,0.3506913002099996,0.2600096985574089,0.3892990012325914
at://did:plc:3enn2yvvjf7aeiok2b7smubc/app.bsky.feed.post/3mijsx6prqs2x,2.0,HIGH,LOW,bagged_stump_ensemble,False,LOW,0.0802069492181911,0.8320942345059633,0.08769881627584558,MEDIUM,0.34813570579257486,0.260372471133392,0.39149182307403313
at://did:plc:3epk4r3rjiaksr7kjnalm224/app.bsky.feed.post/3mijsokkuis2j,0.0,LOW,LOW,bagged_stump_ensemble,True,LOW,0.06838458542036037,0.8493309347774359,0.08228447980220377,MEDIUM,0.3414462589971493,0.28037710927268705,0.3781766317301635
at://did:plc:3ezxjnbaqwuvu6uwdocxuf4e/app.bsky.feed.post/3mijsygmgc22l,0.0,LOW,LOW,bagged_stump_ensemble,True,LOW,0.06409458447604423,0.855399655536776,0.0805057599871798,MEDIUM,0.3544597459164394,0.2541808817944294,0.39135937228913126
at://did:plc:3f6abi7qg6b4kf7nhvrusoj3/app.bsky.feed.post/3mijsqu447k2q,0.0,LOW,LOW,bagged_stump_ensemble,True,LOW,0.057289829422456404,0.8682055263824963,0.07450464419504739,LOW,0.27696536412964257,0.4047055714384238,0.3183290644319337
at://did:plc:3f6abi7qg6b4kf7nhvrusoj3/app.bsky.feed.post/3mijsyjyefc2n,0.0,LOW,LOW,bagged_stump_ensemble,True,LOW,0.05775734693438652,0.8670954157927782,0.07514723727283533,HIGH,0.3642660608669234,0.3294221875587948,0.3063117515742817
at://did:plc:3f6wfjffw4vakrwb27wo57ld/app.bsky.feed.post/3mijswgedek2o,0.0,LOW,LOW,bagged_stump_ensemble,True,LOW,0.06568455613145381,0.8530974806343189,0.08121796323422734,HIGH,0.44227946877835145,0.331609163187132,0.22611136803451642
at://did:plc:3ffsiftahtrm6igfmwwjgxj7/app.bsky.feed.post/3mijspcfpn22s,0.0,LOW,LOW,bagged_stump_ensemble,True,LOW,0.0742036844745944,0.8413590134870761,0.08443730203832953,HIGH,0.3612849215220698,0.30000858891438487,0.3387064895635453
at://did:plc:3fm5xhm7pn4vack4rffcpq5t/app.bsky.feed.post/3mijsvokz2s2c,1.0,MEDIUM,LOW,bagged_stump_ensemble,False,LOW,0.07720123919970963,0.8370468923181998,0.08575186848209045,LOW,0.33036604769541034,0.3835740895931603,0.28605986271142936
at://did:plc:3g6e2ta5sevhk3w6llzqvf6z/app.bsky.feed.post/3mijsxx2okk2k,0.0,LOW,LOW,bagged_stump_ensemble,True,LOW,0.05809030140971997,0.8662165750871827,0.07569312350309737,LOW,0.28517385069815077,0.38566921658404885,0.32915693271780033
at://did:plc:3gim4ktr6fimqiufjxustfup/app.bsky.feed.post/3mijsrh6fj22g,0.0,LOW,LOW,bagged_stump_ensemble,True,LOW,0.07442089978185837,0.8400837296277149,0.08549537059042672,MEDIUM,0.30089109363931077,0.2909238384937248,0.40818506786696446
at://did:plc:3h67skozuzfnfqxuef7spda2/app.bsky.feed.post/3mijss3zzrc2r,0.0,LOW,LOW,bagged_stump_ensemble,True,LOW,0.07998889371080532,0.8327460346474014,0.0872650716417932,MEDIUM,0.33289702120317244,0.29817965790150097,0.36892332089532653
at://did:plc:3hb63rlsq7cbyzfkmp7mq5j5/app.bsky.feed.post/3mijsseid6k2j,1.0,MEDIUM,LOW,bagged_stump_ensemble,False,LOW,0.05697270131192101,0.8677140286984143,0.0753132699896647,MEDIUM,0.33750541323979955,0.2827930023849313,0.379701584375269
at://did:plc:3hsv6xmeg3gebjnowiqhffnz/app.bsky.feed.post/3mijswj4bt22h,2.0,HIGH,LOW,bagged_stump_ensemble,False,LOW,0.07579682554516533,0.8382079266883339,0.08599524776650078,HIGH,0.4056096207372302,0.28130407470024016,0.3130863045625298
at://did:plc:3i6uzuatdyk7rwfkrybynf5j/app.bsky.feed.post/3mijsu4roqc2f,1.0,MEDIUM,LOW,bagged_stump_ensemble,False,LOW,0.06755703931746933,0.8506324346372824,0.08181052604524827,HIGH,0.5382471962337686,0.29181959835656507,0.16993320540966628
at://did:plc:3iazyken23toclrz5mxrofiv/app.bsky.feed.post/3mijsx5o4m22t,0.0,LOW,LOW,bagged_stump_ensemble,True,LOW,0.052845041904931084,0.8782340841936762,0.06892087390139276,LOW,0.20633355190348948,0.5673234382530548,0.22634300984345573
at://did:plc:3iicjux25rqo22abev7eukfr/app.bsky.feed.post/3mijsofbilc2r,0.0,LOW,LOW,bagged_stump_ensemble,True,LOW,0.07982578332522863,0.8326868034176871,0.0874874132570843,MEDIUM,0.3521556419685577,0.26593834630984103,0.3819060117216012
at://did:plc:3iicjux25rqo22abev7eukfr/app.bsky.feed.post/3mijsq63r5k2f,0.0,LOW,LOW,bagged_stump_ensemble,True,LOW,0.07942510491067435,0.8334840024325476,0.08709089265677801,LOW,0.34059103576612726,0.36910067716791767,0.290308287065955
at://did:plc:3iicjux25rqo22abev7eukfr/app.bsky.feed.post/3mijswxfrhs2e,0.0,LOW,LOW,bagged_stump_ensemble,True,LOW,0.07953189334831783,0.833190246634389,0.0872778600172931,LOW,0.32321472387222905,0.35383317975287093,0.3229520963749001
at://did:plc:3io5xzm5fcewkzwb2gmpdqru/app.bsky.feed.post/3mijsva4zuc2p,0.0,LOW,LOW,bagged_stump_ensemble,True,LOW,0.05842172017749096,0.8689393654475137,0.07263891437499531,LOW,0.2392912480114267,0.4295113002078965,0.3311974517806768
at://did:plc:3ip6nmfnzvu7wusgmma4yxai/app.bsky.feed.post/3mijsq2supc2p,0.0,LOW,LOW,bagged_stump_ensemble,True,LOW,0.08090266996156813,0.8293980870981452,0.08969924294028671,MEDIUM,0.37523092412558107,0.2176499043491119,0.4071191715253071
at://did:plc:3jb5fx3zd5xntipfuq227oev/app.bsky.feed.post/3mijsttb2os2h,0.0,LOW,LOW,bagged_stump_ensemble,True,LOW,0.0802069492181911,0.8320942345059633,0.08769881627584558,MEDIUM,0.34527116057620627,0.2908485161831322,0.36388032324066155
at://did:plc:3jtyjvhbt6rilueodman7lo6/app.bsky.feed.post/3mijsp77vt22p,0.0,LOW,LOW,bagged_stump_ensemble,True,LOW,0.06683961394014176,0.851039010355648,0.08212137570421035,MEDIUM,0.3260675637593161,0.28023489012920066,0.3936975461114831
at://did:plc:3ju6hyzrwt7l3rxpdr2jkl22/app.bsky.feed.post/3mijsoxauos2b,0.0,LOW,LOW,bagged_stump_ensemble,True,LOW,0.07789039564445212,0.8358893262605687,0.08622027809497919,LOW,0.2834750290552761,0.36938746870765277,0.347137502237071
at://did:plc:3jwigna2nxj3k4i2xfi3bggv/app.bsky.feed.post/3mijsxwrdqh23,1.0,MEDIUM,LOW,bagged_stump_ensemble,False,LOW,0.06679815654804111,0.8515142679230364,0.0816875755289225,MEDIUM,0.3125129411394803,0.23191715527214107,0.4555699035883787
at://did:plc:3jwigna2nxj3k4i2xfi3bggv/app.bsky.feed.post/3mijsxwwa2226,1.0,MEDIUM,LOW,bagged_stump_ensemble,False,LOW,0.06673874090969648,0.8516402144415574,0.08162104464874628,MEDIUM,0.2896721507122192,0.22645396922017835,0.4838738800676024
at://did:plc:3jzeb2xpfa4hu5mjechemp2p/app.bsky.feed.post/3mijswtmhn22q,0.0,LOW,LOW,bagged_stump_ensemble,True,LOW,0.06571895460483346,0.8533299339099605,0.08095111148520608,HIGH,0.3759546385294624,0.2978597324350195,0.32618562903551807
at://did:plc:3k23pkj3pagwjwsfoaco7cpz/app.bsky.feed.post/3mijspr25uk2b,0.0,LOW,LOW,bagged_stump_ensemble,True,LOW,0.056890136064894625,0.868417549539383,0.07469231439572248,MEDIUM,0.35460650381022013,0.2868703172053911,0.3585231789843887
at://did:plc:3k6gk5z2yqpwuegd7ynsnbns/app.bsky.feed.post/3mijsqqrk2k2y,0.0,LOW,LOW,bagged_stump_ensemble,True,LOW,0.06330700715645171,0.8575405904086177,0.07915240243493057,HIGH,0.35325217941253,0.3392245482627324,0.3075232723247377
at://did:plc:3keohxkuvwjp5g2k7ipv3mxm/app.bsky.feed.post/3mijsodtqpk23,0.0,LOW,LOW,bagged_stump_ensemble,True,LOW,0.06644116094767366,0.8525506057599461,0.08100823329238023,HIGH,0.3443798762321769,0.3395795427000979,0.31604058106772526
at://did:plc:3knsc6ghmibl7xk3jgxdqf3g/app.bsky.feed.post/3mijsvkqi622d,0.0,LOW,LOW,bagged_stump_ensemble,True,LOW,0.06396134583297562,0.8558033731780723,0.08023528098895205,LOW,0.2699398868420893,0.3912859838530785,0.3387741293048322
at://did:plc:3kvdq7x3c7byuw5vl46ducd3/app.bsky.feed.post/3mijswf7tfk2o,0.0,LOW,LOW,bagged_stump_ensemble,True,LOW,0.07522742792380183,0.8388731149177185,0.08589945715847964,MEDIUM,0.3225792826369256,0.2896435204789133,0.3877771968841611
at://did:plc:3larrbdcyqd577elfb4crqmu/app.bsky.feed.post/3mijsoes6ds2d,0.0,LOW,LOW,bagged_stump_ensemble,True,LOW,0.07914502330430016,0.8319238507848089,0.08893112591089095,MEDIUM,0.32055225736174475,0.23823195518064882,0.4412157874576065
at://did:plc:3lhkngmqje7i3t4ca2p5gawh/app.bsky.feed.post/3mijswaalp22l,0.0,LOW,LOW,bagged_stump_ensemble,True,LOW,0.06537923127850803,0.8538759754638695,0.08074479325762249,HIGH,0.427162195543793,0.2269785893939193,0.3458592150622877
at://did:plc:3lnivzgr6heyjrrifeyrw2gl/app.bsky.feed.post/3mijsrwjfgc22,0.0,LOW,LOW,bagged_stump_ensemble,True,LOW,0.07985343820966367,0.8302750607686369,0.08987150102169947,MEDIUM,0.22779314371969922,0.28668648360550114,0.48552037267479964
at://did:plc:3lqmq5moq5q336shkvrt3f5s/app.bsky.feed.post/3mijsvtvqwk24,0.0,LOW,LOW,bagged_stump_ensemble,True,LOW,0.07987315612452747,0.8325189941380494,0.08760784973742318,HIGH,0.36460421017841144,0.29464462087694604,0.3407511689446426
at://did:plc:3lvlqhqgmwtkjpzopefiai26/app.bsky.feed.post/3mijsq4433d26,0.0,LOW,LOW,bagged_stump_ensemble,True,LOW,0.05028496067531377,0.8816252452696421,0.06808979405504423,LOW,0.24670845938601937,0.42668461864720847,0.3266069219667722
at://did:plc:3lvlqhqgmwtkjpzopefiai26/app.bsky.feed.post/3mijsvgyldu24,0.0,LOW,LOW,bagged_stump_ensemble,True,LOW,0.05028496067531377,0.8816252452696421,0.06808979405504423,LOW,0.24738301985053648,0.43010405580633754,0.322512924343126
at://did:plc:3lw33m7te66qam2b7irtnldr/app.bsky.feed.post/3mijsuip6qk2w,1.0,MEDIUM,LOW,bagged_stump_ensemble,False,LOW,0.07970158401567967,0.829890122640395,0.09040829334392536,MEDIUM,0.3013364379861602,0.20391286743412984,0.4947506945797099
at://did:plc:3m2vd5b23axzlqmtgj643qms/app.bsky.feed.post/3mijsu4wxpu2i,0.0,LOW,LOW,bagged_stump_ensemble,True,LOW,0.057651847903633625,0.8666521535189353,0.07569599857743109,LOW,0.2569723606401865,0.3717868804049446,0.3712407589548689
at://did:plc:3m3m5ivvmbx3gjaukunmkkg7/app.bsky.feed.post/3mijsrrmnsc23,0.0,LOW,LOW,bagged_stump_ensemble,True,LOW,0.0802069492181911,0.8320942345059633,0.08769881627584558,HIGH,0.41596191954307626,0.2537354872491567,0.330302593207767
at://did:plc:3mbiqnsd5kcchkt53vldmoan/app.bsky.feed.post/3mijsnre53226,0.0,LOW,LOW,bagged_stump_ensemble,True,LOW,0.07874052772693735,0.8344150626708005,0.08684440960226218,MEDIUM,0.3076281330983733,0.2925181410289576,0.3998537258726691
at://did:plc:3mn56v4dlq26elsetrrjnhbg/app.bsky.feed.post/3mijswxhn6xl2,0.0,LOW,LOW,bagged_stump_ensemble,True,LOW,0.049049312698837215,0.8839109092006857,0.06703977810047694,LOW,0.2266092021076429,0.528757114377411,0.24463368351494613
at://did:plc:3mqzvudwcgn32oeqbphxct4o/app.bsky.feed.post/3mijso74lsc2q,0.0,LOW,LOW,bagged_stump_ensemble,True,LOW,0.07294742467625862,0.8475207619692133,0.07953181335452802,LOW,0.2679712645512575,0.43061048806903696,0.3014182473797056
at://did:plc:3mqzvudwcgn32oeqbphxct4o/app.bsky.feed.post/3mijsydu53s2q,0.0,LOW,LOW,bagged_stump_ensemble,True,LOW,0.07326199509983727,0.8463196948572523,0.08041831004291033,LOW,0.2866877334666472,0.3795382332693652,0.33377403326398764
at://did:plc:3mt3eikuxnxfrbfprujw2j46/app.bsky.feed.post/3mijspbcok22r,0.0,LOW,LOW,bagged_stump_ensemble,True,LOW,0.0758312042616394,0.8363935768236831,0.08777521891467764,MEDIUM,0.351632564896625,0.2392879680785794,0.40907946702479564
at://did:plc:3muhtgdy5kkwg7uvzav2aadn/app.bsky.feed.post/3mijsnt3sd22r,0.0,LOW,LOW,bagged_stump_ensemble,True,LOW,0.07798178504899303,0.8357301087823451,0.08628810616866188,HIGH,0.36792740972750815,0.31344080354795467,0.31863178672453724
at://did:plc:3ndw2qyvf454vfdh5glxs4s2/app.bsky.feed.post/3mijsumstn22v,1.0,MEDIUM,LOW,bagged_stump_ensemble,False,LOW,0.0523109724684533,0.8792143928327897,0.06847463469875711,LOW,0.23343715275672983,0.4494286074338166,0.31713423980945354
at://did:plc:3nsfnmjlgsogqpd37vmaxixw/app.bsky.feed.post/3mijsqbrzdc2q,0.0,LOW,LOW,bagged_stump_ensemble,True,LOW,0.07349795349109899,0.8423801604513073,0.08412188605759381,MEDIUM,0.3647634837735497,0.25682617692099236,0.3784103393054579
at://did:plc:3nxoecyqfinoh25u7p4rha5g/app.bsky.feed.post/3mijsvlzpis2g,4.0,HIGH,LOW,bagged_stump_ensemble,False,LOW,0.07318162155709053,0.8471913625472332,0.07962701589567635,LOW,0.27683816098076347,0.4693540008893279,0.25380783812990865
at://did:plc:3o5gjwivfizgxr5luhp5k5mo/app.bsky.feed.post/3mijssd4a2c2c,0.0,LOW,LOW,bagged_stump_ensemble,True,LOW,0.07382671616708338,0.8416864228806475,0.08448686095226905,LOW,0.2692128957481666,0.39777078477644584,0.3330163194753875
at://did:plc:3o733zemy5oma43nweefbjf7/app.bsky.feed.post/3mijsuvqbgc2z,0.0,LOW,LOW,bagged_stump_ensemble,True,LOW,0.07803658130732306,0.8353753344463708,0.08658808424630621,LOW,0.29257485594865745,0.36445287994420805,0.3429722641071345
at://did:plc:3o733zemy5oma43nweefbjf7/app.bsky.feed.post/3mijsx4g2es2k,0.0,LOW,LOW,bagged_stump_ensemble,True,LOW,0.07804862414636887,0.8354171972074876,0.08653417864614352,LOW,0.28736846475736133,0.3639412811608897,0.348690254081749
at://did:plc:3ojmbwnwriuo2ri3iz7rrpaf/app.bsky.feed.post/3mijsshw5tc2u,0.0,LOW,LOW,bagged_stump_ensemble,True,LOW,0.0676767670211976,0.847375900246207,0.0849473327325954,MEDIUM,0.301322661350136,0.22793144937993332,0.4707458892699307
at://did:plc:3p5duudo4gecmj7m2kalvxc6/app.bsky.feed.post/3mijsprlubk27,0.0,LOW,LOW,bagged_stump_ensemble,True,LOW,0.059134719950187084,0.8677768263485534,0.07308845370125949,LOW,0.22088018354035957,0.6088134532881629,0.1703063631714776
at://did:plc:3piderjeymvbstixafh3yzo2/app.bsky.feed.post/3mijsutkiys2n,0.0,LOW,LOW,bagged_stump_ensemble,True,LOW,0.0802069492181911,0.8320942345059633,0.08769881627584558,MEDIUM,0.33567441314293994,0.26522876920250893,0.3990968176545511
at://did:plc:3q47732243ykup6rb5w5eaff/app.bsky.feed.post/3mijsyjzw722u,0.0,LOW,LOW,bagged_stump_ensemble,True,LOW,0.06855526812844731,0.8488469439156354,0.0825977879559173,HIGH,0.35014576121492225,0.32236623953851107,0.3274879992465667
at://did:plc:3q6n6vcpgbhndzijq6zshfsy/app.bsky.feed.post/3mijsod7cg22v,0.0,LOW,LOW,bagged_stump_ensemble,True,LOW,0.08025432201748993,0.8319264252263256,0.08781925275618445,MEDIUM,0.3675640211482911,0.23506224261557798,0.3973737362361309
at://did:plc:3qeuv7i6thzhiwwodev3zlxs/app.bsky.feed.post/3mijsykbw2k26,0.0,LOW,LOW,bagged_stump_ensemble,True,LOW,0.0680877506165172,0.8499570545053535,0.08195519487812936,LOW,0.26625672394110345,0.39273623515630335,0.34100704090259315
at://did:plc:3qhxzgsvcdtpdppyesrjrbsd/app.bsky.feed.post/3mijso4mma224,0.0,LOW,LOW,bagged_stump_ensemble,True,LOW,0.07360819771107134,0.8413080830031856,0.08508371928574318,MEDIUM,0.32077592409474653,0.2918163303313803,0.38740774557387314
at://did:plc:3qp6di7ta5zb7cyo5mpl3f2q/app.bsky.feed.post/3mijswnvpy226,0.0,LOW,LOW,bagged_stump_ensemble,True,LOW,0.07920872040721312,0.8338797252276103,0.08691155436517657,HIGH,0.4461609393326164,0.21948636542684036,0.3343526952405431
at://did:plc:3quaovkig5nxj4h4hjz5bnx4/app.bsky.feed.post/3mijsqau2ds23,0.0,LOW,LOW,bagged_stump_ensemble,True,LOW,0.08030451975116827,0.8306136915206475,0.08908178872818431,HIGH,0.42108723542170656,0.2581868180034563,0.3207259465748371
at://did:plc:3r2yjd2sx676mzg4537og2th/app.bsky.feed.post/3mijsrivxtc26,0.0,LOW,LOW,bagged_stump_ensemble,True,LOW,0.08001368020691388,0.832568189779024,0.08741813001406207,MEDIUM,0.29014809951999415,0.31071785589244333,0.3991340445875626
at://did:plc:3r2yjd2sx676mzg4537og2th/app.bsky.feed.post/3mijswctqtc26,0.0,LOW,LOW,bagged_stump_ensemble,True,LOW,0.08005558917430704,0.8324367903382667,0.0875076204874263,HIGH,0.36801207202033653,0.284432313059133,0.3475556149205305
at://did:plc:3rbhuywpc33kvnqzkkmrax2v/app.bsky.feed.post/3mijsycoupk2m,0.0,LOW,LOW,bagged_stump_ensemble,True,LOW,0.07876577257376825,0.83535003784738,0.08588418957885173,MEDIUM,0.3305680994468491,0.2965282829662192,0.37290361758693175
at://did:plc:3rbhuywpc33kvnqzkkmrax2v/app.bsky.feed.post/3mijsyn35jk2m,0.0,LOW,LOW,bagged_stump_ensemble,True,LOW,0.07910445689197206,0.8346415363777033,0.08625400673032474,MEDIUM,0.3079533654405895,0.3126196249391779,0.37942700962023257
at://did:plc:3rfmyade35win2twlshyfvkt/app.bsky.feed.post/3mijspzcdxs22,0.0,LOW,LOW,bagged_stump_ensemble,True,LOW,0.07798178504899303,0.8357301087823451,0.08628810616866188,HIGH,0.5221199234406432,0.23594634025870248,0.2419337363006543
at://did:plc:3rh62gewium7ituud5r3cfgl/app.bsky.feed.post/3mijsomdvp22b,0.0,LOW,LOW,bagged_stump_ensemble,True,LOW,0.07429423367901351,0.8405763122909294,0.08512945403005703,HIGH,0.39760827878017285,0.30150314719459825,0.30088857402522884
at://did:plc:3rwiraxbeydi4j34yqwklaeu/app.bsky.feed.post/3mijsrbz5gc2n,0.0,LOW,LOW,bagged_stump_ensemble,True,LOW,0.07835791315638223,0.8347792156708507,0.08686287117276713,HIGH,0.41208529302745467,0.23364539270787146,0.35426931426467395
at://did:plc:3rwiraxbeydi4j34yqwklaeu/app.bsky.feed.post/3mijswxbomc2n,0.0,LOW,LOW,bagged_stump_ensemble,True,LOW,0.07789039564445212,0.8358893262605687,0.08622027809497919,LOW,0.29053574626416523,0.3723951837958969,0.3370690699399378
at://did:plc:3s4ckvcx4bh3kswr3zhwgo5o/app.bsky.feed.post/3mijsuruiic2k,0.0,LOW,LOW,bagged_stump_ensemble,True,LOW,0.06825408605199441,0.8491996267506813,0.08254628719732428,MEDIUM,0.2974788324709979,0.29546158232199893,0.40705958520700325
at://did:plc:3sntd53op5ob5wnoenp7pq2b/app.bsky.feed.post/3mijsqfqj6k27,0.0,LOW,LOW,bagged_stump_ensemble,True,LOW,0.07108728657076842,0.8466297463190999,0.08228296711013164,LOW,0.22797421893027853,0.45256951505626847,0.31945626601345295
at://did:plc:3spasscg4r6q3vomj4sqc2ud/app.bsky.feed.post/3mijsplggvc2v,0.0,LOW,LOW,bagged_stump_ensemble,True,LOW,0.07984375034569743,0.8330336336328285,0.08712261602147413,MEDIUM,0.3091483032908499,0.2717426516824159,0.4191090450267341
at://did:plc:3swl5mg6wrxwraorsb55of3p/app.bsky.feed.post/3mijsqmzq322y,0.0,LOW,LOW,bagged_stump_ensemble,True,LOW,0.048894541955772204,0.8842408496318876,0.0668646084123401,LOW,0.24709993198145822,0.43694656617454136,0.31595350184400034
at://did:plc:3tc2w7qm2fag6wmraoecezai/app.bsky.feed.post/3mijsqtnocc2y,0.0,LOW,LOW,bagged_stump_ensemble,True,LOW,0.07789039564445212,0.8358893262605687,0.08622027809497919,LOW,0.2914984820720482,0.3741210037900545,0.33438051413789727
at://did:plc:3tc6hudyzcrepzkwcp5vkgsw/app.bsky.feed.post/3mijsthilss2f,2.0,HIGH,LOW,bagged_stump_ensemble,False,LOW,0.07605332423910709,0.8380353687099131,0.08591130705097985,MEDIUM,0.28472837242503923,0.2932351829974998,0.42203644457746103
at://did:plc:3tcmmazql7dewk5lubf5andt/app.bsky.feed.post/3mijsolfvqc2v,0.0,LOW,LOW,bagged_stump_ensemble,True,LOW,0.06614810177456559,0.8521744879123497,0.08167741031308474,HIGH,0.3679005602217476,0.27893476711776827,0.353164672660484
at://did:plc:3tmi6ogmwauvic3ay6yn6med/app.bsky.feed.post/3mijsrf7wic2n,0.0,LOW,LOW,bagged_stump_ensemble,True,LOW,0.05107513325853465,0.8810905404078151,0.06783432633365025,LOW,0.22329971823874956,0.48687794485686187,0.2898223369043886
at://did:plc:3tsoehije64dqq5nzncx7kyl/app.bsky.feed.post/3mijswlifek2k,1.0,MEDIUM,LOW,bagged_stump_ensemble,False,LOW,0.07221365403349493,0.8480866686811397,0.07969967728536549,LOW,0.3643899640828662,0.42662740562486484,0.2089826302922688
at://did:plc:3tzhilsbcry7ua4jhan5vyef/app.bsky.feed.post/3mijssyowlk23,1.0,MEDIUM,LOW,bagged_stump_ensemble,False,LOW,0.06160447741633296,0.8641828524318634,0.07421267015180362,LOW,0.1876661090813618,0.5358231844598491,0.27651070645878917
at://did:plc:3ubiqoyx3ss4pr6mdkitedpz/app.bsky.feed.post/3mijsx7x4k22j,1.0,MEDIUM,LOW,bagged_stump_ensemble,False,LOW,0.07795794078816677,0.8355418468169707,0.08650021239486254,HIGH,0.46294983058482886,0.19587517088411532,0.34117499853105565
at://did:plc:3ud7332mupfikanchti76lck/app.bsky.feed.post/3mijsv5hngs2k,0.0,LOW,LOW,bagged_stump_ensemble,True,LOW,0.06923116610914098,0.8528675263893908,0.0779013075014683,LOW,0.19185047630427934,0.4901240923930218,0.31802543130269895
at://did:plc:3ulikcka5ctcph4ow2q4cm26/app.bsky.feed.post/3mijsqq3ne42t,0.0,LOW,LOW,bagged_stump_ensemble,True,LOW,0.08005558917430704,0.8324367903382667,0.0875076204874263,HIGH,0.3499544760098072,0.3359538692755596,0.3140916547146332
at://did:plc:3uv6z6daqv7cllcbz2imapl2/app.bsky.feed.post/3mijsopjzbk2h,0.0,LOW,LOW,bagged_stump_ensemble,True,LOW,0.07835735815538371,0.8348366075064095,0.08680603433820673,HIGH,0.4792090460621387,0.22009710409199382,0.3006938498458675
at://did:plc:3uv6z6daqv7cllcbz2imapl2/app.bsky.feed.post/3mijss7caq22h,0.0,LOW,LOW,bagged_stump_ensemble,True,LOW,0.07835735815538371,0.8348366075064095,0.08680603433820673,HIGH,0.4792090460621387,0.22009710409199382,0.3006938498458675
at://did:plc:3v3b6swri27ctyo2mlh55bst/app.bsky.feed.post/3mijsxoyvjs2r,1.0,MEDIUM,LOW,bagged_stump_ensemble,False,LOW,0.06702567261824369,0.8511418432395778,0.08183248414217857,MEDIUM,0.3384330172909473,0.30099631825987877,0.36057066444917385
at://did:plc:3v5qavrpkwsryk5nyunxhd3r/app.bsky.feed.post/3mijsqoyhv22r,0.0,LOW,LOW,bagged_stump_ensemble,True,LOW,0.06502350990830699,0.8541207093543218,0.08085578073737115,MEDIUM,0.3316248742454728,0.2756240359472153,0.3927510898073118
at://did:plc:3v5qavrpkwsryk5nyunxhd3r/app.bsky.feed.post/3mijssdqu7c2w,0.0,LOW,LOW,bagged_stump_ensemble,True,LOW,0.06502350990830699,0.8541207093543218,0.08085578073737115,HIGH,0.3895773737712985,0.27890648242807964,0.3315161438006219
at://did:plc:3vokltk6jdf7z7mlz2oamieq/app.bsky.feed.post/3mijstitmrc2o,6.0,HIGH,LOW,bagged_stump_ensemble,False,LOW,0.06849939316888463,0.8488887905889498,0.08261181624216557,MEDIUM,0.2850066018400952,0.3344825457194429,0.38051085244046184
at://did:plc:3vujld5drhsxeao6peqfmalc/app.bsky.feed.post/3mijswshaa22u,0.0,LOW,LOW,bagged_stump_ensemble,True,LOW,0.057460597497489496,0.8665537129336403,0.07598568956887036,MEDIUM,0.3283635135878064,0.29471622440071055,0.37692026201148304
at://did:plc:3vuvauzupqwvjybd46q7tyse/app.bsky.feed.post/3mijssr7w5k2t,0.0,LOW,LOW,bagged_stump_ensemble,True,LOW,0.07016647675862558,0.8469606460715803,0.08287287716979419,MEDIUM,0.3493709382966378,0.29562995394864244,0.3549991077547198
at://did:plc:3vuvauzupqwvjybd46q7tyse/app.bsky.feed.post/3mijswgla322t,0.0,LOW,LOW,bagged_stump_ensemble,True,LOW,0.07005968832098211,0.8472544018697389,0.0826859098092791,HIGH,0.36173551452726643,0.32673618829076306,0.3115282971819706
at://did:plc:3vuvauzupqwvjybd46q7tyse/app.bsky.feed.post/3mijsxydm4s2t,0.0,LOW,LOW,bagged_stump_ensemble,True,LOW,0.07011910395932675,0.847128455351218,0.08275244068945531,HIGH,0.35635148748455825,0.3098883243029577,0.33376018821248404
at://did:plc:3vwtqqqv7mbfhbl6fradu3us/app.bsky.feed.post/3mijss5seis2p,0.0,LOW,LOW,bagged_stump_ensemble,True,LOW,0.07795723474182796,0.8355764146857113,0.08646635057246083,HIGH,0.4824438878376966,0.22444615988702413,0.2931099522752793
at://did:plc:3vwu3yncn5aecxadjnl5cxg6/app.bsky.feed.post/3mijsvgdzzk2i,0.0,LOW,LOW,bagged_stump_ensemble,True,LOW,0.06633978347530378,0.8572937297510663,0.07636648677362982,LOW,0.19657102324217882,0.547332559077373,0.25609641768044816
at://did:plc:3vwuditvoidbm2mtdm4fnmxo/app.bsky.feed.post/3mijspzopi22d,0.0,LOW,LOW,bagged_stump_ensemble,True,LOW,0.07698859071397898,0.8376612328956187,0.0853501763904023,LOW,0.2638844593715816,0.4182548404888753,0.3178607001395431
at://did:plc:3vzxi77jjmsaroiqtjj4btmk/app.bsky.feed.post/3mijssvpsnc2i,0.0,LOW,LOW,bagged_stump_ensemble,True,LOW,0.07840528595568107,0.8346114063912129,0.08698330765310601,MEDIUM,0.37621595578922307,0.2240570808068457,0.3997269634039312
at://did:plc:3w5r5mxzxmtvxu2elgrgjjtc/app.bsky.feed.post/3mijsxsiook2h,0.0,LOW,LOW,bagged_stump_ensemble,True,LOW,0.07916444129832569,0.8335686009608543,0.08726695774082006,MEDIUM,0.33530404216843923,0.26247732609257846,0.40221863173898237
at://did:plc:3w7rtfvxew6rcqv5hlph2vpr/app.bsky.feed.post/3mijsovqnps2c,0.0,LOW,LOW,bagged_stump_ensemble,True,LOW,0.0801949063791453,0.8320523717448465,0.08775272187600824,MEDIUM,0.37426862041969106,0.2507957359137351,0.3749356436665738
at://did:plc:3wapuxelcxldjvuho5d26rqh/app.bsky.feed.post/3mijsw4jqkp22,0.0,LOW,LOW,bagged_stump_ensemble,True,LOW,0.06601049139912465,0.8544270246446372,0.07956248395623829,HIGH,0.40581293641357796,0.24864501555874044,0.3455420480276816
at://did:plc:3wjo75ypg336mzhveefs2q7n/app.bsky.feed.post/3mijspq2rip2o,0.0,LOW,LOW,bagged_stump_ensemble,True,LOW,0.058297578524212794,0.8654913760649687,0.07621104541081855,MEDIUM,0.2908695025813452,0.3025488804035529,0.4065816170151018
at://did:plc:3wjpte2aamve3b7ofx6qp7mh/app.bsky.feed.post/3mijsoa3jzs2t,0.0,LOW,LOW,bagged_stump_ensemble,True,LOW,0.05552670278225966,0.8698023577612455,0.07467093945649485,HIGH,0.36550976014332637,0.29886071852504464,0.33562952133162893
at://did:plc:3wv7nkgz33x3ugfhcbhxjjqw/app.bsky.feed.post/3mijst3ofbk2k,0.0,LOW,LOW,bagged_stump_ensemble,True,LOW,0.05533536350807113,0.8732952215286612,0.07136941496326761,LOW,0.27955443798802787,0.4233046458142508,0.29714091619772137
at://did:plc:3wwcgrc3ubpz5efq4kkypd2c/app.bsky.feed.post/3mijsvnawf22c,2.0,HIGH,LOW,bagged_stump_ensemble,False,LOW,0.0646044766287974,0.8550883993636059,0.08030712400759671,HIGH,0.37143909362460353,0.30731435914150695,0.32124654723388946
at://did:plc:3xbnbadrxss2lezwkk64hrhk/app.bsky.feed.post/3mijsq7rfx22o,0.0,LOW,LOW,bagged_stump_ensemble,True,LOW,0.06767371549548339,0.8499580808184517,0.08236820368606486,MEDIUM,0.34513606912385747,0.26053917977397734,0.3943247511021652
at://did:plc:3xcnndlaj6tdy5jet4zli2xz/app.bsky.feed.post/3mijsw3ucgs2u,10.0,HIGH,LOW,bagged_stump_ensemble,False,LOW,0.07495245721732771,0.8394157592215686,0.08563178356110372,HIGH,0.4245879606163019,0.21739121137601197,0.3580208280076861
at://did:plc:3xkwgiek5qin3rkilmkcip6e/app.bsky.feed.post/3mijsuu5cks2u,1.0,MEDIUM,LOW,bagged_stump_ensemble,False,LOW,0.0737915315211517,0.8409322562111794,0.08527621226766899,HIGH,0.40200220724018715,0.2832233890458404,0.3147744037139723
at://did:plc:3xo6vzgt4ai53idtmjyafcyd/app.bsky.feed.post/3mijsnuny242k,0.0,LOW,LOW,bagged_stump_ensemble,True,LOW,0.07989960872995437,0.83141908215814,0.08868130911190561,HIGH,0.3832617009214236,0.24380988239557524,0.37292841668300125
at://did:plc:3xupp54emlpuhjwucgnma6wg/app.bsky.feed.post/3mijsw6p5o22f,0.0,LOW,LOW,bagged_stump_ensemble,True,LOW,0.08003626651010415,0.8325782253677637,0.08738550812213208,HIGH,0.3919384816023157,0.2524050439834879,0.3556564744141964
at://did:plc:3xwazun7ftemaskpjh4rfih2/app.bsky.feed.post/3mijsslomd22s,0.0,LOW,LOW,bagged_stump_ensemble,True,LOW,0.06174676840314164,0.8607582326193004,0.07749499897755809,MEDIUM,0.21623279941384038,0.3614790785812697,0.42228812200488997
at://did:plc:3xwmhzzkwrf3vou4r5pgzqtk/app.bsky.feed.post/3mijsrczvbk2u,0.0,LOW,LOW,bagged_stump_ensemble,True,LOW,0.05723269082097351,0.8674151047779555,0.075352204401071,HIGH,0.3470719550938186,0.33274262938587573,0.32018541552030566
at://did:plc:3xwmhzzkwrf3vou4r5pgzqtk/app.bsky.feed.post/3mijsrhmpjc2u,0.0,LOW,LOW,bagged_stump_ensemble,True,LOW,0.05729952991834935,0.867102193203098,0.07559827687855267,LOW,0.255860057487626,0.38346661980639307,0.3606733227059808
at://did:plc:3xzuajjta6vfb4cwl5l5iw4p/app.bsky.feed.post/3mijsnyj7fx27,0.0,LOW,LOW,bagged_stump_ensemble,True,LOW,0.07872598532748999,0.8345129355355814,0.08676107913692868,LOW,0.27891244530938436,0.4155657768625252,0.3055217778280904
at://did:plc:3xzuajjta6vfb4cwl5l5iw4p/app.bsky.feed.post/3mijsp2itjn2u,0.0,LOW,LOW,bagged_stump_ensemble,True,LOW,0.07878540096583463,0.8343869890170605,0.08682761001710489,LOW,0.27698224158188944,0.4000149896756616,0.323002768742449
at://did:plc:3y32ire2hg4dwpurnlebtoxo/app.bsky.feed.post/3mijsr2ctlk2n,0.0,LOW,LOW,bagged_stump_ensemble,True,LOW,0.06801897336962358,0.8495646614497672,0.08241636518060921,LOW,0.2746834398215085,0.4124785385022876,0.31283802167620395
at://did:plc:3ymvrykq2grajicia56pwt6l/app.bsky.feed.post/3mijsqr4ll22v,0.0,LOW,LOW,bagged_stump_ensemble,True,LOW,0.07024745657534141,0.8460522133834416,0.08370033004121696,MEDIUM,0.3695707817168,0.2532584057307434,0.37717081255245666
at://did:plc:3yu4xw5xnhrurhayd6jnyvpr/app.bsky.feed.post/3mijswd6xa222,2.0,HIGH,LOW,bagged_stump_ensemble,False,LOW,0.06549382735310032,0.8533283545372753,0.08117781810962443,MEDIUM,0.3493849960479807,0.27896785372104826,0.37164715023097106
at://did:plc:3zifh3wvz24mntcewmv3rey3/app.bsky.feed.post/3mijsrhg5kk2w,0.0,LOW,LOW,bagged_stump_ensemble,True,LOW,0.06457508289763675,0.8540436240111662,0.08138129309119707,MEDIUM,0.2835454270033249,0.27725057297600597,0.43920400002066906
at://did:plc:3zsgmn7rur5mjjet3szt4v7v/app.bsky.feed.post/3mijsxzxo5c2i,0.0,LOW,LOW,bagged_stump_ensemble,True,LOW,0.08011500481265166,0.8323108438197457,0.08757415136760248,HIGH,0.4053880865601808,0.24308672140576315,0.35152519203405586
at://did:plc:3zt6jes4pjr5ealmmdkl4xgh/app.bsky.feed.post/3mijstuhga22p,0.0,LOW,LOW,bagged_stump_ensemble,True,LOW,0.056145510665281194,0.8721464778604525,0.07170801147426634,LOW,0.2633848854580083,0.44795102739544834,0.28866408714654324
at://did:plc:3zvbqrymkrfsg4khgtz34ep5/app.bsky.feed.post/3mijsyk4dds2z,0.0,LOW,LOW,bagged_stump_ensemble,True,LOW,0.05893929136281901,0.8648609178982423,0.07619979073893866,MEDIUM,0.24430723019506265,0.3513890400494816,0.4043037297554558
at://did:plc:3zxh2cma2ecwt6qbn4ptef2j/app.bsky.feed.post/3mijsqcu6422k,0.0,LOW,LOW,bagged_stump_ensemble,True,LOW,0.0802069492181911,0.8320942345059633,0.08769881627584558,MEDIUM,0.3553440505133052,0.28123211392274844,0.36342383556394625
at://did:plc:3zxnol5mzv5d2t5vevc5v3kj/app.bsky.feed.post/3mijspmxsxs2o,0.0,LOW,LOW,bagged_stump_ensemble,True,LOW,0.050633405694509935,0.8825057668324042,0.06686082747308589,LOW,0.12264771012785439,0.7038424224778271,0.1735098673943185
at://did:plc:426g3z7oywz6nmgpb6zpe3ja/app.bsky.feed.post/3mijsxolew22r,0.0,LOW,LOW,bagged_stump_ensemble,True,LOW,0.05045417388050989,0.8818412786780225,0.0677045474414676,LOW,0.24053197058433767,0.44232837552496307,0.31713965389069926
at://did:plc:42b7rorfmqhxsyyxnu476n7f/app.bsky.feed.post/3mijsvli2322p,0.0,LOW,LOW,bagged_stump_ensemble,True,LOW,0.06071411388231497,0.8618828107932038,0.0774030753244812,LOW,0.2651537716162138,0.4461378029674795,0.2887084254163067
at://did:plc:42imh7gdtrrzuohu6hcvdvuy/app.bsky.feed.post/3mijsobidms2l,0.0,LOW,LOW,bagged_stump_ensemble,True,LOW,0.07388216520980315,0.8411733875316962,0.08494444725850055,MEDIUM,0.327376444864542,0.29730113553471926,0.3753224196007388
at://did:plc:42yft4rnjtygpkyti4zujtha/app.bsky.feed.post/3mijsvax4t22w,2.0,HIGH,LOW,bagged_stump_ensemble,False,LOW,0.06954034899821186,0.8475493215969655,0.08291032940482262,HIGH,0.38120154416618063,0.24746766025328754,0.3713307955805319
at://did:plc:43dqskcsjdzdf4zrsddyi35y/app.bsky.feed.post/3mijsrk35bs2s,0.0,LOW,LOW,bagged_stump_ensemble,True,LOW,0.07965510061714168,0.8331707942794875,0.08717410510337076,MEDIUM,0.3402833700952558,0.3091945320917833,0.35052209781296084
at://did:plc:43fdk46qa5gsokzygzildsaq/app.bsky.feed.post/3mijsslmcax2y,0.0,LOW,LOW,bagged_stump_ensemble,True,LOW,0.06865021347362363,0.8522045661153135,0.0791452204110629,HIGH,0.3768129512599594,0.2921414220289092,0.33104562671113136
at://did:plc:43iu2mcecybxwcgrltdv56nq/app.bsky.feed.post/3mijsxpgmlc2c,0.0,LOW,LOW,bagged_stump_ensemble,True,LOW,0.061173296609364415,0.8602914076722332,0.07853529571840227,HIGH,0.3854948070655323,0.26816637224279327,0.34633882069167443
at://did:plc:43njnuwzxyvlwo5kq45qdgvp/app.bsky.feed.post/3mijsvmw4ok2n,0.0,LOW,LOW,bagged_stump_ensemble,True,LOW,0.04934826667749615,0.882769498735408,0.06788223458709589,LOW,0.2738174508913201,0.42906086795173654,0.29712168115694326
at://did:plc:43owpchvwchg2kxoxh2r2wrp/app.bsky.feed.post/3mijsrd3ql32s,0.0,LOW,LOW,bagged_stump_ensemble,True,LOW,0.059628169447598,0.8615933634496411,0.07877846710276097,MEDIUM,0.23937597995766527,0.34408872715734945,0.41653529288498536
at://did:plc:43qusv6fpalagdzsmfkjbqnj/app.bsky.feed.post/3mijswo5a7k2p,0.0,LOW,LOW,bagged_stump_ensemble,True,LOW,0.05517103804941096,0.870231200583664,0.07459776136692514,HIGH,0.3883615378282887,0.27672782802473367,0.3349106341469776
at://did:plc:43t6rwtmjyvycr5zmv65erhq/app.bsky.feed.post/3mijspjeglk23,0.0,LOW,LOW,bagged_stump_ensemble,True,LOW,0.05665095105730315,0.8681806510916174,0.0751683978510796,HIGH,0.44115377493458574,0.2594672889563833,0.2993789361090308
at://did:plc:43uuzrcfp4zwytdatzdopn2n/app.bsky.feed.post/3mijsswbux52e,0.0,LOW,LOW,bagged_stump_ensemble,True,LOW,0.06406739942293599,0.8582598998592574,0.07767270071780666,LOW,0.04490767201504879,0.6778766441799666,0.27721568380498457
at://did:plc:43vdxomh7hyrbvuq23y4soi2/app.bsky.feed.post/3mijsrxgqus2y,0.0,LOW,LOW,bagged_stump_ensemble,True,LOW,0.07835791315638223,0.8347792156708507,0.08686287117276713,MEDIUM,0.3052679489766703,0.2832970312368577,0.411435019786472
at://did:plc:44fq43g7dj2wrowalmv74ucd/app.bsky.feed.post/3mijsnyxebk2a,0.0,LOW,LOW,bagged_stump_ensemble,True,LOW,0.06657933859332929,0.8512873518175811,0.08213330958908964,MEDIUM,0.33583388086734867,0.2640180042128814,0.40014811491977004
at://did:plc:44iit4w4walw2npg4jenenjf/app.bsky.feed.post/3mijswvgub62v,1.0,MEDIUM,LOW,bagged_stump_ensemble,False,LOW,0.051904001030655296,0.8792534722578147,0.06884252671152992,LOW,0.16503973155732057,0.562141897716556,0.27281837072612336
at://did:plc:44qw3kabkua4w2o3nkcj33vw/app.bsky.feed.post/3mijso7bjob2r,0.0,LOW,LOW,bagged_stump_ensemble,True,LOW,0.06720284065856215,0.8537827944695175,0.07901436487192037,LOW,0.3219583821818479,0.33922535598221243,0.3388162618359396
at://did:plc:44wrl34uil4kbnao4mu2b2rp/app.bsky.feed.post/3mijsqszonk2e,0.0,LOW,LOW,bagged_stump_ensemble,True,LOW,0.0759036139828088,0.8379141708901754,0.08618221512701586,MEDIUM,0.3573512960738804,0.24998858992685563,0.39266011399926404
at://did:plc:454vi7j6cedc7n2xztcvlvyp/app.bsky.feed.post/3mijstkxll22a,0.0,LOW,LOW,bagged_stump_ensemble,True,LOW,0.061746115233313505,0.8597608604704949,0.07849302429619151,LOW,0.22660404962621225,0.42759540055300765,0.3458005498207802
at://did:plc:45evldj6ropibkiybwkbz7kf/app.bsky.feed.post/3mijstonlws25,0.0,LOW,LOW,bagged_stump_ensemble,True,LOW,0.07692427842733901,0.8339700519213895,0.08910566965127158,MEDIUM,0.2694832863221095,0.20955321668735533,0.5209634969905351
at://did:plc:45fpvabmdjuakayqb5rmcbbg/app.bsky.feed.post/3mijsvjqvgc2x,0.0,LOW,LOW,bagged_stump_ensemble,True,LOW,0.07329946370205649,0.8418886727042634,0.08481186359367998,LOW,0.275485618026906,0.3980032601003562,0.32651112187273773
at://did:plc:45fr5chffwj2hekyxuj3gd77/app.bsky.feed.post/3mijspd57wg23,0.0,LOW,LOW,bagged_stump_ensemble,True,LOW,0.0570422274608905,0.8664896216725307,0.07646815086657877,MEDIUM,0.24976993864280042,0.3457003124562196,0.40452974890098
at://did:plc:45fr5chffwj2hekyxuj3gd77/app.bsky.feed.post/3mijsqjf6d42n,0.0,LOW,LOW,bagged_stump_ensemble,True,LOW,0.0570422274608905,0.8664896216725307,0.07646815086657877,MEDIUM,0.24946252677563396,0.3339716564012622,0.41656581682310395
at://did:plc:45fr5chffwj2hekyxuj3gd77/app.bsky.feed.post/3mijsxj2gsc2b,0.0,LOW,LOW,bagged_stump_ensemble,True,LOW,0.05744290587544478,0.8656924226576702,0.07686467146688507,MEDIUM,0.3250451371884113,0.2487331584461909,0.42622170436539775
at://did:plc:45gpysvbcgu2ouh2u4ukwve4/app.bsky.feed.post/3mijsrzyygf2p,0.0,LOW,LOW,bagged_stump_ensemble,True,LOW,0.056354486548024135,0.869324251279589,0.07432126217238695,LOW,0.038979837036794536,0.6474345215932464,0.3135856413699591
at://did:plc:45q3p7lyocuczn4nmezbgfev/app.bsky.feed.post/3mijsuen5mc2x,1.0,MEDIUM,LOW,bagged_stump_ensemble,False,LOW,0.06527543556108588,0.8532770458543225,0.08144751858459169,MEDIUM,0.32311842336129437,0.2970259920821227,0.37985558455658297
at://did:plc:45rg6hl56wvyocrjra67czdl/app.bsky.feed.post/3mijsrpyvkc2k,0.0,LOW,LOW,bagged_stump_ensemble,True,LOW,0.07071239496479799,0.8433017044690393,0.08598590056616276,MEDIUM,0.37239165404264857,0.21922256500843962,0.40838578094891176
at://did:plc:45t3x6xdsim6euvaymzunc4r/app.bsky.feed.post/3mijsrdkw722r,0.0,LOW,LOW,bagged_stump_ensemble,True,LOW,0.0801623776119505,0.8321430345401081,0.08769458784794136,HIGH,0.40052747838165226,0.23959710687800737,0.3598754147403404
at://did:plc:45uvd3axmzzqzz2bacte5u6u/app.bsky.feed.post/3mijst7ukak24,0.0,LOW,LOW,bagged_stump_ensemble,True,LOW,0.06562234103122762,0.8542260255296895,0.08015163343908288,LOW,0.2362351348375447,0.4182111817469836,0.34555368341547177
at://did:plc:46qthtt2tfkipn5uclqxcmai/app.bsky.feed.post/3mijsvb7eik2f,0.0,LOW,LOW,bagged_stump_ensemble,True,LOW,0.0801623776119505,0.8321430345401081,0.08769458784794136,HIGH,0.3850031215858887,0.28828378589686426,0.32671309251724706
at://did:plc:46thswtwq7dbqr7eafnfq3fr/app.bsky.feed.post/3mijsxll4tk2f,0.0,LOW,LOW,bagged_stump_ensemble,True,LOW,0.047983339586862225,0.8864762000905789,0.06554046032255889,LOW,0.12269211264123502,0.703794316986215,0.17351357037254994
at://did:plc:46zuybqiavfcorkyejk2xoes/app.bsky.feed.post/3mijsvg5xos2c,1.0,MEDIUM,LOW,bagged_stump_ensemble,False,LOW,0.07450739529817021,0.8406586345051789,0.08483397019665093,MEDIUM,0.30941251741889253,0.2925038371714012,0.3980836454097062
at://did:plc:46zuybqiavfcorkyejk2xoes/app.bsky.feed.post/3mijswvh3mc2c,0.0,LOW,LOW,bagged_stump_ensemble,True,LOW,0.07450739529817021,0.8406586345051789,0.08483397019665093,HIGH,0.38640057346879375,0.25382988480072916,0.35976954173047704
at://did:plc:4734gr22n5zse3jlfqjq74ws/app.bsky.feed.post/3mijsxaehcc2x,1.0,MEDIUM,LOW,bagged_stump_ensemble,False,LOW,0.0513311824067062,0.8797840194595531,0.06888479813374067,LOW,0.2556707768859084,0.42198182034474563,0.3223474027693459
at://did:plc:474ldquxwzrlcvjhhbbk2wte/app.bsky.feed.post/3mijsnxb2xs2t,0.0,LOW,LOW,bagged_stump_ensemble,True,LOW,0.08086289700540279,0.8290383406936216,0.09009876230097573,HIGH,0.6644255809340026,0.13460385767734837,0.20097056138864908
at://did:plc:47ctrrmmlemmxjyc3qnzfhlk/app.bsky.feed.post/3mijspfhrdc2z,0.0,LOW,LOW,bagged_stump_ensemble,True,LOW,0.08011500481265166,0.8323108438197457,0.08757415136760248,HIGH,0.36340671499562843,0.28305014455738603,0.35354314044698554
at://did:plc:47z57bxp5ttfka42ft5mj2nh/app.bsky.feed.post/3mijsu6ykcs2t,0.0,LOW,LOW,bagged_stump_ensemble,True,LOW,0.0656835848460061,0.8532244843292422,0.08109193082475163,MEDIUM,0.3249932343648291,0.27853108770787843,0.39647567792729244
at://did:plc:4aavmsjlhzfraxbs5whcrjle/app.bsky.feed.post/3mijsoqrtos2w,0.0,LOW,LOW,bagged_stump_ensemble,True,LOW,0.07801977006168977,0.8354228067324886,0.08655742320582172,MEDIUM,0.3398372260551161,0.26116935124457374,0.3989934227003101
at://did:plc:4aeinxjwao74le6dktiiyxg4/app.bsky.feed.post/3mijsppaaxh25,0.0,LOW,LOW,bagged_stump_ensemble,True,LOW,0.05907394827288597,0.8621510570986626,0.0787749946284515,MEDIUM,0.29902875024249115,0.2686047048143862,0.43236654494312277
at://did:plc:4aeinxjwao74le6dktiiyxg4/app.bsky.feed.post/3mijsv5mx3i2z,0.0,LOW,LOW,bagged_stump_ensemble,True,LOW,0.05839754535996721,0.86478509557785,0.07681735906218272,MEDIUM,0.30272164384471867,0.3291668618646093,0.3681114942906719
at://did:plc:4ajjq2si36rrnzgda4a5ytlp/app.bsky.feed.post/3mijsotlvjk2l,0.0,LOW,LOW,bagged_stump_ensemble,True,LOW,0.07919640129751149,0.8344249270639207,0.08637867163856784,HIGH,0.349963397928725,0.317507386724683,0.332529215346592
at://did:plc:4at57uj6nxk7btjzq5zmmmrj/app.bsky.feed.post/3mijsqe4sv22m,0.0,LOW,LOW,bagged_stump_ensemble,True,LOW,0.06035286446692389,0.8661089228771369,0.07353821265593917,LOW,0.20244200936489448,0.5494892677767436,0.2480687228583619
at://did:plc:4avk7eapkcp5ab3xe6wn3gdy/app.bsky.feed.post/3mijsw4m5522g,0.0,LOW,LOW,bagged_stump_ensemble,True,LOW,0.055058732005809984,0.8708582629007791,0.07408300509341094,MEDIUM,0.2484729030361209,0.33469856358020245,0.41682853338367654
at://did:plc:4azdt3udrkqxhyzpmt2olbkr/app.bsky.feed.post/3mijstzdlcc2r,0.0,LOW,LOW,bagged_stump_ensemble,True,LOW,0.0657663274041323,0.8531621246303228,0.08107154796554496,HIGH,0.38309563732853485,0.2779329981657382,0.338971364505727
at://did:plc:4bgjptlfn4dnnkfzjglmv5u7/app.bsky.feed.post/3mijstavwm22w,10.0,HIGH,LOW,bagged_stump_ensemble,False,LOW,0.07838722211168189,0.8350444524060233,0.08656832548229473,LOW,0.2806013127524668,0.3605192004069243,0.35887948684060883
at://did:plc:4bvy3fgspz2koo65vyf4n4xc/app.bsky.feed.post/3mijsorljxc23,0.0,LOW,LOW,bagged_stump_ensemble,True,LOW,0.07329946370205649,0.8418886727042634,0.08481186359367998,LOW,0.253892336407919,0.3986196767049411,0.34748798688714
at://did:plc:4bwemzukqfkvgrfcf6sielfr/app.bsky.feed.post/3mijstga7t22c,0.0,LOW,LOW,bagged_stump_ensemble,True,LOW,0.07784947268310409,0.8362594350520383,0.08589109226485767,MEDIUM,0.3644532535523913,0.2601023295944359,0.3754444168531728
at://did:plc:4cjjypbyrjhbybc74a5jr5ns/app.bsky.feed.post/3mijso4xsms24,0.0,LOW,LOW,bagged_stump_ensemble,True,LOW,0.06875214453434669,0.8482373011954233,0.08301055427023012,MEDIUM,0.33759646874769295,0.29499439243259556,0.36740913881971143
at://did:plc:4czqkuk7joip3mdrcgpclsef/app.bsky.feed.post/3mijsovkmec2d,0.0,LOW,LOW,bagged_stump_ensemble,True,LOW,0.06804528600192206,0.8537410179014833,0.07821369609659472,LOW,0.28902768048373406,0.3713203005772876,0.33965201893897823
at://did:plc:4d4pmxgl3g6ienlxjxkvc6l3/app.bsky.feed.post/3mijsu3xews2i,0.0,LOW,LOW,bagged_stump_ensemble,True,LOW,0.06795459805050645,0.8498628970571237,0.08218250489236989,HIGH,0.3841393652494667,0.236112983301694,0.3797476514488394
at://did:plc:4dimptcn3mhfv3nllbmbgz4v/app.bsky.feed.post/3mijsooe7cs2u,0.0,LOW,LOW,bagged_stump_ensemble,True,LOW,0.07253628460724372,0.8486988636426915,0.07876485175006481,LOW,0.22224207509197855,0.5228143318049848,0.2549435931030367
at://did:plc:4dtjglsbus3wc4yzw3wjofr6/app.bsky.feed.post/3mijsyii6fk2n,0.0,LOW,LOW,bagged_stump_ensemble,True,LOW,0.07547507325102541,0.8403938057753517,0.0841311209736229,MEDIUM,0.35054474582166784,0.2770953234817211,0.372359930696611
at://did:plc:4dz63vzmcbzjdnjjdwgsk3hh/app.bsky.feed.post/3mijsya7lm22k,0.0,LOW,LOW,bagged_stump_ensemble,True,LOW,0.06345346036069602,0.857226200723701,0.07932033891560297,LOW,0.26394922420371786,0.4040845243690065,0.33196625142727554
at://did:plc:4ejidfk4toda3bwrqlj65c6d/app.bsky.feed.post/3mijswna3ls22,0.0,LOW,LOW,bagged_stump_ensemble,True,LOW,0.07960887510999336,0.8333634817601507,0.08702764312985585,MEDIUM,0.29841558053993295,0.3329576120283442,0.36862680743172294
at://did:plc:4ekeqde2owp46kelwl3ps3wh/app.bsky.feed.post/3mijsskkztp2h,0.0,LOW,LOW,bagged_stump_ensemble,True,LOW,0.05994573755494746,0.8629807240663766,0.07707353837867593,LOW,0.21008086583545008,0.53888984076693,0.25102929339761987
at://did:plc:4ewtai2fq75exavtaz7ymrhg/app.bsky.feed.post/3mijswos2a22v,0.0,LOW,LOW,bagged_stump_ensemble,True,LOW,0.056097680155173704,0.8684861833737263,0.07541613647110001,MEDIUM,0.3452053538612907,0.28243797383230146,0.37235667230640784
at://did:plc:4favyt5jchkiz7p5cltt2n3h/app.bsky.feed.post/3mijsu2cog22c,0.0,LOW,LOW,bagged_stump_ensemble,True,LOW,0.07941768145164314,0.8336709674888843,0.08691135105947254,HIGH,0.3446759518181024,0.32454949464416827,0.33077455353772933
at://did:plc:4fewtsbejnwjdeohnp5ztfun/app.bsky.feed.post/3mijsworuek2y,0.0,LOW,LOW,bagged_stump_ensemble,True,LOW,0.07937333410495684,0.8340751743658605,0.08655149152918265,HIGH,0.35584054906416007,0.32366464789793414,0.3204948030379058
at://did:plc:4fewtsbejnwjdeohnp5ztfun/app.bsky.feed.post/3mijsxnauks2y,1.0,MEDIUM,LOW,bagged_stump_ensemble,False,LOW,0.07937333410495684,0.8340751743658605,0.08655149152918265,HIGH,0.44180255400094604,0.27198475435595604,0.28621269164309787
at://did:plc:4fkaiam7xjjpfixpda4z556z/app.bsky.feed.post/3mijspvznf22f,0.0,LOW,LOW,bagged_stump_ensemble,True,LOW,0.06410057655790691,0.8568399056279773,0.07905951781411587,MEDIUM,0.3685754418600838,0.25902316244283674,0.37240139569707936
at://did:plc:4fmikogasqzbwogxphsyiswo/app.bsky.feed.post/3mijsqxzkkl2h,0.0,LOW,LOW,bagged_stump_ensemble,True,LOW,0.055727784797156336,0.869184101291544,0.07508811391129966,MEDIUM,0.29778466220061073,0.27735407042389987,0.4248612673754893
at://did:plc:4fsuw4bzk4j5va7nlc7kbfu6/app.bsky.feed.post/3mijsve5zs22l,2.0,HIGH,LOW,bagged_stump_ensemble,False,LOW,0.07915770237936084,0.8340211799786789,0.08682111764196027,MEDIUM,0.3416480387856103,0.30739851907768906,0.3509534421367006
at://did:plc:4fwllxpemqy247mpwoual2px/app.bsky.feed.post/3mijspdmvk22m,0.0,LOW,LOW,bagged_stump_ensemble,True,LOW,0.0802069492181911,0.8320942345059633,0.08769881627584558,HIGH,0.3491677163497203,0.3103433674679195,0.34048891618236016
at://did:plc:4gcmuuqu73uikfnh6bv5txko/app.bsky.feed.post/3mijsp72nu22e,0.0,LOW,LOW,bagged_stump_ensemble,True,LOW,0.07704297187635967,0.8373896529854713,0.08556737513816905,HIGH,0.35470584999224447,0.3416874784125589,0.30360667159519666
at://did:plc:4gme4ybdnglbgxihttqurmus/app.bsky.feed.post/3mijsr2l66s25,0.0,LOW,LOW,bagged_stump_ensemble,True,LOW,0.05742299017744774,0.8682032284723142,0.07437378135023803,LOW,0.26837529664350174,0.47001888205021686,0.26160582130628146
at://did:plc:4gohe7xzjwjx7ul2tksi5hzn/app.bsky.feed.post/3mijssejic22p,0.0,LOW,LOW,bagged_stump_ensemble,True,LOW,0.06568711706914432,0.8526436365442831,0.08166924638657257,MEDIUM,0.34898262797302654,0.26099900373926355,0.3900183682877099
at://did:plc:4gq3kletllj5qhryijb6pyca/app.bsky.feed.post/3mijsooaccs2g,0.0,LOW,LOW,bagged_stump_ensemble,True,LOW,0.06924537653040225,0.847952459578311,0.08280216389128683,MEDIUM,0.3308612125246497,0.32537071979855964,0.34376806767679063
at://did:plc:4gqt2l2dh5xjsygts3bzxlvm/app.bsky.feed.post/3mijsov4uvs2s,0.0,LOW,LOW,bagged_stump_ensemble,True,LOW,0.06485180799040022,0.8540687170509453,0.0810794749586544,MEDIUM,0.3086489827791284,0.2965024994946546,0.39484851772621704
at://did:plc:4gvknr7shvnikz4ymbtf7wye/app.bsky.feed.post/3mijsvthro22s,0.0,LOW,LOW,bagged_stump_ensemble,True,LOW,0.08090266996156813,0.8293980870981452,0.08969924294028671,MEDIUM,0.34510164597210674,0.2228769845967223,0.4320213694311709
at://did:plc:4hcwxjsp6vqwbelsrzfhdrb3/app.bsky.feed.post/3mijswsqsuk2e,0.0,LOW,LOW,bagged_stump_ensemble,True,LOW,0.0802069492181911,0.8320942345059633,0.08769881627584558,MEDIUM,0.3034125444424721,0.29195400227377794,0.4046334532837499
at://did:plc:4hlty2mwat3rv7keo3jczlhh/app.bsky.feed.post/3mijsyhi32k23,0.0,LOW,LOW,bagged_stump_ensemble,True,LOW,0.05836230453914633,0.8690653119660345,0.07257238349481912,LOW,0.25760053657691934,0.4957377785910438,0.24666168483203682
at://did:plc:4hlvmgprmgcxs3j4jj7k4kkd/app.bsky.feed.post/3mijsxu4hvs2g,0.0,LOW,LOW,bagged_stump_ensemble,True,LOW,0.05484314809277751,0.8747527723412887,0.07040407956593378,LOW,0.13089484428040743,0.57114411554255,0.2979610401770427
at://did:plc:4hvhn7vqn3b5anb4v3dtdx7w/app.bsky.feed.post/3mijsp4vuok26,0.0,LOW,LOW,bagged_stump_ensemble,True,LOW,0.07746096149031574,0.836024890893602,0.08651414761608231,MEDIUM,0.3537563613255072,0.2598055393313788,0.3864380993431141
at://did:plc:4hzo2bld5x7xava77fngd7ss/app.bsky.feed.post/3mijsw7jkf32t,0.0,LOW,LOW,bagged_stump_ensemble,True,LOW,0.05932831148857943,0.8618891688027294,0.07878251970869127,MEDIUM,0.28159268055543285,0.240575882617889,0.47783143682667817
at://did:plc:4i6ckfu6aws6woaeinxcfuik/app.bsky.feed.post/3mijsq26akc2k,0.0,LOW,LOW,bagged_stump_ensemble,True,LOW,0.07118360735823398,0.8497323942794647,0.07908399836230146,LOW,0.13292718238743892,0.5868218961624974,0.2802509214500637
at://did:plc:4iaxmer2dfojhcclcmapnlah/app.bsky.feed.post/3mijsx3nhbc2u,0.0,LOW,LOW,bagged_stump_ensemble,True,LOW,0.06552656665380227,0.8523172715597105,0.08215616178648714,LOW,0.23004304404898576,0.4506215110027895,0.3193354449482247
at://did:plc:4id2qvwwlvyml47zhmc5vdwo/app.bsky.feed.post/3mijstiis3k2m,0.0,LOW,LOW,bagged_stump_ensemble,True,LOW,0.06567115730612873,0.8518872350279912,0.08244160766588012,HIGH,0.4138330079354909,0.2675698428324552,0.3185971492320539
at://did:plc:4idj567kdvs33kzrfftqpwyw/app.bsky.feed.post/3mijsvwimcc2k,0.0,LOW,LOW,bagged_stump_ensemble,True,LOW,0.07798920850802424,0.8355431437260086,0.08646764776596734,LOW,0.27885112762493813,0.3917827509095881,0.32936612146547367
at://did:plc:4iggmwk5pwo575m33duezh2f/app.bsky.feed.post/3mijsvaslcs24,0.0,LOW,LOW,bagged_stump_ensemble,True,LOW,0.07581537300898628,0.8383584698971375,0.08582615709387637,HIGH,0.36679153238588696,0.2959906249904562,0.3372178426236568
at://did:plc:4ijds6ailavwr34l4fsnea4x/app.bsky.feed.post/3mijsptvolc2n,0.0,LOW,LOW,bagged_stump_ensemble,True,LOW,0.07451228918639927,0.8399245121494913,0.08556319866410943,MEDIUM,0.34290438103202164,0.29124578595371414,0.36584983301426416
at://did:plc:4iswymbqrhfcu35k6flcj35a/app.bsky.feed.post/3mijsnozyys2i,0.0,LOW,LOW,bagged_stump_ensemble,True,LOW,0.07898022653645596,0.8311251794177987,0.08989459404574528,MEDIUM,0.25135293206050746,0.29638137792629077,0.4522656900132017
at://did:plc:4iu5kbxn3dkxf3kli75g2to3/app.bsky.feed.post/3mijsnzfakdt2,0.0,LOW,LOW,bagged_stump_ensemble,True,LOW,0.04966744680680116,0.8826892227601029,0.067643330433096,LOW,0.23966315497410817,0.48869733085926126,0.27163951416663046
at://did:plc:4j3t744uyo524j4kqzg44m3t/app.bsky.feed.post/3mijsuon4uk2f,2.0,HIGH,LOW,bagged_stump_ensemble,False,LOW,0.0801160794066277,0.8322799728731052,0.0876039477202671,HIGH,0.3717129695220971,0.28584259020065794,0.342444440277245
at://did:plc:4jasm4otdfyfvbwhncjjmufq/app.bsky.feed.post/3mijsvhzhyc2r,2.0,HIGH,LOW,bagged_stump_ensemble,False,LOW,0.049447424647591914,0.8827449739738725,0.06780760137853563,LOW,0.26158930185516144,0.4213428076950512,0.3170678904497874
at://did:plc:4jrmdncr75mlogpo236234y5/app.bsky.feed.post/3mijsszgw6225,0.0,LOW,LOW,bagged_stump_ensemble,True,LOW,0.055513691525479275,0.8731133081888386,0.07137300028568203,LOW,0.25514174496868763,0.405504932999496,0.33935332203181634
at://did:plc:4jwxje5yfvhhyv62agu734nd/app.bsky.feed.post/3mijsopgxmk25,0.0,LOW,LOW,bagged_stump_ensemble,True,LOW,0.07397074568976435,0.8456182968300348,0.08041095748020083,LOW,0.24456967980550792,0.460338502660531,0.295091817533961
at://did:plc:4jyqbjf5pm373a5fy2ljmu54/app.bsky.feed.post/3mijst43tws2w,1.0,MEDIUM,LOW,bagged_stump_ensemble,False,LOW,0.05438858526442339,0.8720160363164976,0.07359537841907905,LOW,0.23967455033544077,0.39297536832542157,0.3673500813391376
at://did:plc:4k566wkltaovxntbqrvtn6tz/app.bsky.feed.post/3mijstv4tp22l,0.0,LOW,LOW,bagged_stump_ensemble,True,LOW,0.05213399673712262,0.8789402641047547,0.06892573915812268,LOW,0.2750796537805025,0.42544871004702983,0.2994716361724677
at://did:plc:4k566wkltaovxntbqrvtn6tz/app.bsky.feed.post/3mijstxer3l27,0.0,LOW,LOW,bagged_stump_ensemble,True,LOW,0.05213399673712262,0.8789402641047547,0.06892573915812268,LOW,0.274684185893654,0.4395154348718549,0.285800379234491
at://did:plc:4k566wkltaovxntbqrvtn6tz/app.bsky.feed.post/3mijstz3s7m2g,0.0,LOW,LOW,bagged_stump_ensemble,True,LOW,0.05213399673712262,0.8789402641047547,0.06892573915812268,LOW,0.27444965894500883,0.43955494508777726,0.2859953959672139
at://did:plc:4k566wkltaovxntbqrvtn6tz/app.bsky.feed.post/3mijsu2hk7z2x,0.0,LOW,LOW,bagged_stump_ensemble,True,LOW,0.05213399673712262,0.8789402641047547,0.06892573915812268,LOW,0.26582565675501996,0.4309149356163216,0.3032594076286585
at://did:plc:4k566wkltaovxntbqrvtn6tz/app.bsky.feed.post/3mijsu2xehn2g,0.0,LOW,LOW,bagged_stump_ensemble,True,LOW,0.05213399673712262,0.8789402641047547,0.06892573915812268,LOW,0.2738302278896803,0.43634940370633357,0.2898203684039862
at://did:plc:4k566wkltaovxntbqrvtn6tz/app.bsky.feed.post/3mijsu4eo672a,0.0,LOW,LOW,bagged_stump_ensemble,True,LOW,0.05213399673712262,0.8789402641047547,0.06892573915812268,LOW,0.266352847423562,0.4321132647623524,0.3015338878140856
at://did:plc:4kjy67j6vk57defvnna3qz5q/app.bsky.feed.post/3mijsq2j2as2v,0.0,LOW,LOW,bagged_stump_ensemble,True,LOW,0.07960711934037204,0.8337336713653746,0.08665920929425341,HIGH,0.3575090565926046,0.28669003760126954,0.355800905806126
at://did:plc:4kmcovwv7oirzcfsedwjecpt/app.bsky.feed.post/3mijso6nq7k26,0.0,LOW,LOW,bagged_stump_ensemble,True,LOW,0.0788178515738241,0.8353104043482955,0.08587174407788038,LOW,0.2723918184584343,0.4031306128637929,0.32447756867777283
at://did:plc:4kp46csqgvegknx353n6gfja/app.bsky.feed.post/3mijsqua63s2m,0.0,LOW,LOW,bagged_stump_ensemble,True,LOW,0.07960711934037204,0.8337336713653746,0.08665920929425341,HIGH,0.3987466972398525,0.24524696644505414,0.35600633631509326
at://did:plc:4kpp4ouidz2hne72j3n6nvcn/app.bsky.feed.post/3mijsuxo7ts2o,0.0,LOW,LOW,bagged_stump_ensemble,True,LOW,0.07432895537631892,0.8403003389414976,0.08537070568218363,MEDIUM,0.3499174301871286,0.2954926529838939,0.35458991682897745
at://did:plc:4l2npmzbsn4wrtjlqobpmacg/app.bsky.feed.post/3mijsqm72kk26,0.0,LOW,LOW,bagged_stump_ensemble,True,LOW,0.07386844270333814,0.8415553572074884,0.08457620008917338,MEDIUM,0.33385777848520043,0.2784983063436403,0.3876439151711592
at://did:plc:4lulndr7f5udpuamzz4kz6mp/app.bsky.feed.post/3mijsq723u22u,0.0,LOW,LOW,bagged_stump_ensemble,True,LOW,0.08011500481265166,0.8323108438197457,0.08757415136760248,MEDIUM,0.3155035730526611,0.2768886067790403,0.40760782016829866
at://did:plc:4lwh2iz3jjex36udrlb4ocsi/app.bsky.feed.post/3mijsrgsyxq2b,0.0,LOW,LOW,bagged_stump_ensemble,True,LOW,0.06799141871463509,0.8513088453173798,0.08069973596798508,LOW,0.049699514622338514,0.6156042188818395,0.334696266495822
at://did:plc:4m2mvqumu72dar3pcm2tpebi/app.bsky.feed.post/3mijsszpmkp2q,4.0,HIGH,LOW,bagged_stump_ensemble,False,LOW,0.06757526562772774,0.8541108319000039,0.07831390247226844,LOW,0.05559524842632046,0.7282031235989349,0.2162016279747446
at://did:plc:4mmww5wjuxk6dya6a5c55cuq/app.bsky.feed.post/3mijsnxp37k2o,0.0,LOW,LOW,bagged_stump_ensemble,True,LOW,0.06032233937832022,0.8663706097485133,0.07330705087316639,LOW,0.16269412129006405,0.612825488188537,0.22448039052139898
at://did:plc:4mtxfq26yzncxcitut5uicur/app.bsky.feed.post/3mijsvuuh7q2r,0.0,LOW,LOW,bagged_stump_ensemble,True,LOW,0.05113695800881739,0.8797209157436637,0.069142126247519,LOW,0.18230461823673033,0.43431777020013645,0.3833776115631332
at://did:plc:4mtxfq26yzncxcitut5uicur/app.bsky.feed.post/3mijsweg62j2x,0.0,LOW,LOW,bagged_stump_ensemble,True,LOW,0.050983997068644614,0.8801943388484467,0.06882166408290862,LOW,0.17567723973593125,0.42559459927600396,0.39872816098806485
at://did:plc:4mtzhk4cjtphg2g32u7v3m3k/app.bsky.feed.post/3mijsqnniv22u,0.0,LOW,LOW,bagged_stump_ensemble,True,LOW,0.07926813604555775,0.8337537787090895,0.08697808524535276,HIGH,0.38783148598428757,0.2544623617047075,0.35770615231100494
at://did:plc:4mw637hxr7o746qzo2b6futv/app.bsky.feed.post/3mijsqhs7ps2a,0.0,LOW,LOW,bagged_stump_ensemble,True,LOW,0.048359467694251417,0.8855253069790843,0.06611522532666411,LOW,0.18931586412283954,0.611303184557836,0.19938095131932432
at://did:plc:4mykxi5ff6qysi7j3bnyszrf/app.bsky.feed.post/3mijsr6d6z22e,0.0,LOW,LOW,bagged_stump_ensemble,True,LOW,0.07322469615494462,0.8478723317631842,0.07890297208187108,LOW,0.17352996695062384,0.5852900235371205,0.2411800095122557
at://did:plc:4ndxze56544ixqfnwdtsko2t/app.bsky.feed.post/3mijswxtrpk2p,0.0,LOW,LOW,bagged_stump_ensemble,True,LOW,0.06310543309793133,0.8579271641975,0.07896740270456874,MEDIUM,0.3342105449508989,0.3036304959574663,0.3621589590916349
at://did:plc:4nuuuk2lq5cqt2f5mgvizikq/app.bsky.feed.post/3mijsouz2tk25,0.0,LOW,LOW,bagged_stump_ensemble,True,LOW,0.07384772827832942,0.8455745541112967,0.08057771761037394,HIGH,0.38463528992577867,0.37538160274139903,0.23998310733282222
at://did:plc:4oa5w6jm567v2qurt5jacnnd/app.bsky.feed.post/3mijsybgess2h,0.0,LOW,LOW,bagged_stump_ensemble,True,LOW,0.0799294780724607,0.8328719811659223,0.087198540761617,HIGH,0.43066613992769914,0.26168835385494554,0.30764550621735537
at://did:plc:4ohaakbr25uezeviozre3wko/app.bsky.feed.post/3mijsrpws4q5a,2.0,HIGH,LOW,bagged_stump_ensemble,False,LOW,0.06600949547263915,0.8523284785871862,0.08166202594017465,LOW,0.27857614657522384,0.39079379645683415,0.330630056967942
at://did:plc:4otmlq7dvantb2ohdar3nwq7/app.bsky.feed.post/3mijsp3y6jm24,0.0,LOW,LOW,bagged_stump_ensemble,True,LOW,0.06409017210454615,0.855088561739036,0.08082126615641785,MEDIUM,0.34738236364574615,0.25568815075336354,0.39692948560089036
at://did:plc:4p5z4ayodeauxpxnex5ekw26/app.bsky.feed.post/3mijsw2qprc2u,0.0,LOW,LOW,bagged_stump_ensemble,True,LOW,0.07588876995070477,0.8379913173745515,0.08611991267474386,MEDIUM,0.28223666740671516,0.3207982028887642,0.3969651297045207
at://did:plc:4pjcguydolbiuj23d3mugsqa/app.bsky.feed.post/3mijstmiups2c,0.0,LOW,LOW,bagged_stump_ensemble,True,LOW,0.07735968434540424,0.8365647063924978,0.08607560926209808,MEDIUM,0.33768211521168795,0.2834710823358853,0.3788468024524267
at://did:plc:4pk4pp32no564nxalqnffrq2/app.bsky.feed.post/3mijsr2x4kt2o,0.0,LOW,LOW,bagged_stump_ensemble,True,LOW,0.05773027741358856,0.8670401501291183,0.0752295724572933,MEDIUM,0.3240464357802028,0.31620992751327504,0.35974363670652215
at://did:plc:4qajuj4pxs54komfvaqr36k4/app.bsky.feed.post/3mijswcp5ek24,0.0,LOW,LOW,bagged_stump_ensemble,True,LOW,0.05527040897155836,0.8705885172511298,0.07414107377731186,HIGH,0.3602088232012447,0.31277227329433493,0.3270189035044204
at://did:plc:4qleyt7e5lgmamehaujx4pff/app.bsky.feed.post/3mijsum6bgk2h,0.0,LOW,LOW,bagged_stump_ensemble,True,LOW,0.07957477322282537,0.8339148835475554,0.08651034322961924,MEDIUM,0.32396196647748954,0.30070964431900443,0.37532838920350603
at://did:plc:4qosz3pmhqnuilgx63tj7tjb/app.bsky.feed.post/3mijsrshcdk26,0.0,LOW,LOW,bagged_stump_ensemble,True,LOW,0.0761964624983198,0.838941107923497,0.08486242957818331,MEDIUM,0.31847988413335043,0.2930880811208568,0.38843203474579274
at://did:plc:4rax7hezvxb6gxzf7hqu7lle/app.bsky.feed.post/3mijsv5mgr22j,0.0,LOW,LOW,bagged_stump_ensemble,True,LOW,0.07320052560121153,0.8473818002503457,0.07941767414844288,LOW,0.2548765503801918,0.429616754974807,0.31550669464500125
at://did:plc:4reipcjjl2zwxtjruhogohrq/app.bsky.feed.post/3mijsr3tuup25,0.0,LOW,LOW,bagged_stump_ensemble,True,LOW,0.05168594552326951,0.8799052723992529,0.06840878207747751,LOW,0.2272348656929781,0.5290496108558236,0.24371552345119826
at://did:plc:4rfckjknz6lo2t2m6bm7xbwv/app.bsky.feed.post/3mijsr2qmyk2q,0.0,LOW,LOW,bagged_stump_ensemble,True,LOW,0.0656174817353072,0.8531421106407532,0.08124040762393955,HIGH,0.34207355496426994,0.3296035876408212,0.328322857394909
at://did:plc:4rht6gbd533bjqjdl3di2kml/app.bsky.feed.post/3mijstpc37k2p,0.0,LOW,LOW,bagged_stump_ensemble,True,LOW,0.059998001841106444,0.863723629835794,0.07627836832309964,MEDIUM,0.3230713305539525,0.293471291080511,0.38345737836553656
at://did:plc:4ry5myjvfbusvgag3xjf6bi6/app.bsky.feed.post/3mijsstllc422,0.0,LOW,LOW,bagged_stump_ensemble,True,LOW,0.05796540848961608,0.8642526951474369,0.0777818963629471,MEDIUM,0.2168847088193877,0.33545543565240515,0.4476598555282072
at://did:plc:4ry6xfftakhzjoz26556tc5n/app.bsky.feed.post/3mijstgwqjk2f,1.0,MEDIUM,LOW,bagged_stump_ensemble,False,LOW,0.07763715549113465,0.8357869597325387,0.08657588477632668,HIGH,0.4143109453781936,0.21228479606124073,0.3734042585605658
at://did:plc:4ski4lomnygego473mgrgkir/app.bsky.feed.post/3mijsvvlhpk25,0.0,LOW,LOW,bagged_stump_ensemble,True,LOW,0.06119490812483688,0.8604667255603841,0.07833836631477903,HIGH,0.4099271370909867,0.3001155590848159,0.28995730382419727
at://did:plc:4te263lczjljeckowosroid5/app.bsky.feed.post/3mijstvntps2q,1.0,MEDIUM,LOW,bagged_stump_ensemble,False,LOW,0.07906110584727598,0.8342864431344682,0.08665245101825586,HIGH,0.377228217393557,0.2544368664412931,0.3683349161651499
at://did:plc:4tnunc56jpmenycorkuql2gb/app.bsky.feed.post/3mijspvfmr22q,0.0,LOW,LOW,bagged_stump_ensemble,True,LOW,0.07327206895424346,0.8477045224835466,0.07902340856220998,LOW,0.2536557323868436,0.5232898324893068,0.2230544351238496
at://did:plc:4ucokwanzquswllxiysenhrx/app.bsky.feed.post/3mijsvm7bac27,1.0,MEDIUM,LOW,bagged_stump_ensemble,False,LOW,0.06610072897526674,0.8523422971919874,0.08155697383274585,HIGH,0.39852891872945817,0.30757166244125617,0.2938994188292857
at://did:plc:4uhbsxsxwrzpnhsepvwugm6o/app.bsky.feed.post/3mijspiteos2n,0.0,LOW,LOW,bagged_stump_ensemble,True,LOW,0.06610072897526674,0.8523422971919874,0.08155697383274585,MEDIUM,0.3260604367662189,0.2712600222498416,0.4026795409839396
at://did:plc:4uqliz3kxpekvtdntpru6csu/app.bsky.feed.post/3mijstbtvv42s,1.0,MEDIUM,LOW,bagged_stump_ensemble,False,LOW,0.0569834827623907,0.8685483186167752,0.07446819862083408,MEDIUM,0.25145209118867085,0.2927074821382757,0.45584042667305347
at://did:plc:4usak7zy6zgqup43642jo465/app.bsky.feed.post/3mijswux3vc2w,0.0,LOW,LOW,bagged_stump_ensemble,True,LOW,0.07451228918639927,0.8399245121494913,0.08556319866410943,MEDIUM,0.31737117313136076,0.2847973867280873,0.397831440140552
at://did:plc:4uz4akys4xygiz2a22ukgist/app.bsky.feed.post/3mijsu3fche2a,0.0,LOW,LOW,bagged_stump_ensemble,True,LOW,0.05833010729140761,0.8654007132697069,0.07626917943888543,HIGH,0.38350029875468195,0.24132596500233638,0.3751737362429817
at://did:plc:4v2cyf44jqhtqcwxgubd5nm5/app.bsky.feed.post/3mijsp7rkbk2v,0.0,LOW,LOW,bagged_stump_ensemble,True,LOW,0.07763258552014524,0.8364783029280929,0.0858891115517619,LOW,0.2719198760201772,0.4517367432387883,0.2763433807410344
at://did:plc:4vdbvfco4ca4shpt3s3zafb7/app.bsky.feed.post/3mijsx5gjgs2u,0.0,LOW,LOW,bagged_stump_ensemble,True,LOW,0.07405208563182847,0.8405291109782113,0.08541880338996037,MEDIUM,0.363825549984847,0.25451410597089874,0.38166034404425425
at://did:plc:4vdbvfco4ca4shpt3s3zafb7/app.bsky.feed.post/3mijsylauc22u,0.0,LOW,LOW,bagged_stump_ensemble,True,LOW,0.07405208563182847,0.8405291109782113,0.08541880338996037,MEDIUM,0.35104207359688905,0.23744826049189877,0.4115096659112122
at://did:plc:4vi3ldnmoctp4vkw6t2q4dmy/app.bsky.feed.post/3mijsxztbjc2h,0.0,LOW,LOW,bagged_stump_ensemble,True,LOW,0.07820179315488214,0.8355047205747819,0.08629348627033599,MEDIUM,0.3362541258811182,0.2734296713811443,0.3903162027377375
at://did:plc:4vjfcj56u5izpnbvqedgr445/app.bsky.feed.post/3mijssfttr226,0.0,LOW,LOW,bagged_stump_ensemble,True,LOW,0.06400573185609443,0.8620001701893245,0.07399409795458103,LOW,0.2004548689747844,0.5777142076982176,0.22183092332699797
at://did:plc:4vsfhybqvopby5nwotwmfz5j/app.bsky.feed.post/3mijspnfihs2r,0.0,LOW,LOW,bagged_stump_ensemble,True,LOW,0.08011500481265166,0.8323108438197457,0.08757415136760248,MEDIUM,0.3570730809908934,0.2539327759040244,0.38899414310508224
at://did:plc:4vsww6rhxujyrsd3h7z24xj7/app.bsky.feed.post/3mijsp3uogq26,0.0,LOW,LOW,bagged_stump_ensemble,True,LOW,0.06902890125850834,0.8512365939319476,0.07973450480954404,MEDIUM,0.30848589380134345,0.3154889420009045,0.37602516419775206
at://did:plc:4vsww6rhxujyrsd3h7z24xj7/app.bsky.feed.post/3mijsuibtt72f,1.0,MEDIUM,LOW,bagged_stump_ensemble,False,LOW,0.06902890125850834,0.8512365939319476,0.07973450480954404,LOW,0.3065507303037973,0.3510647050018946,0.3423845646943081
at://did:plc:4vsww6rhxujyrsd3h7z24xj7/app.bsky.feed.post/3mijsv7two426,1.0,MEDIUM,LOW,bagged_stump_ensemble,False,LOW,0.06902890125850834,0.8512365939319476,0.07973450480954404,LOW,0.2754340116676136,0.3635441238965867,0.36102186443579976
at://did:plc:4vwidecvn5u2p46a6pxfwj66/app.bsky.feed.post/3mijsrooxqs25,0.0,LOW,LOW,bagged_stump_ensemble,True,LOW,0.06341523040472621,0.8573444461607906,0.07924032343448319,LOW,0.33426759471112555,0.3517980879489948,0.31393431733987964
at://did:plc:4vzhkwfn5do2lrxw2cuk5iml/app.bsky.feed.post/3mijsr62lmk2l,0.0,LOW,LOW,bagged_stump_ensemble,True,LOW,0.0770184215691946,0.8372359588888374,0.08574561954196802,LOW,0.2729782297838598,0.3946237234138971,0.3323980468022431
at://did:plc:4vziktoq7p6jd3i5l3wtmfab/app.bsky.feed.post/3mijswsljwc2g,5.0,HIGH,LOW,bagged_stump_ensemble,False,LOW,0.0801623776119505,0.8321430345401081,0.08769458784794136,HIGH,0.8174215787749081,0.08916176868064875,0.09341665254444298
at://did:plc:4w2jkxx3d5ugo4ihvxjzcaka/app.bsky.feed.post/3mijsoia7tc2x,0.0,LOW,LOW,bagged_stump_ensemble,True,LOW,0.05855710027916957,0.867061109784131,0.07438178993669943,LOW,0.2197584115860331,0.596242739466564,0.18399884894740284
at://did:plc:4w4yt6rvutpsg6sd4zxmcvf6/app.bsky.feed.post/3mijsu63ass2e,0.0,LOW,LOW,bagged_stump_ensemble,True,LOW,0.07998889371080532,0.8327460346474014,0.0872650716417932,HIGH,0.3735428860646553,0.2562439077850075,0.37021320615033726
at://did:plc:4wkqtiypp2c3lkekc3k237wz/app.bsky.feed.post/3mijswoeue22l,1.0,MEDIUM,LOW,bagged_stump_ensemble,False,LOW,0.07988519896357327,0.8325608568991661,0.08755394413726049,MEDIUM,0.3496376989387372,0.26898903573908667,0.3813732653221762
at://did:plc:4wkqtiypp2c3lkekc3k237wz/app.bsky.feed.post/3mijsxdxjw22l,1.0,MEDIUM,LOW,bagged_stump_ensemble,False,LOW,0.07941768145164314,0.8336709674888843,0.08691135105947254,HIGH,0.37068982905646797,0.31686670693877933,0.3124434640047527
at://did:plc:4wmczfbkyxim46yrcajy7d7d/app.bsky.feed.post/3mijswrkc4qz2,0.0,LOW,LOW,bagged_stump_ensemble,True,LOW,0.049267368206223,0.8832591090592475,0.06747352273452933,LOW,0.17833204457159785,0.5898308116234882,0.23183714380491413
at://did:plc:4wmczfbkyxim46yrcajy7d7d/app.bsky.feed.post/3mijswweo2zs2,0.0,LOW,LOW,bagged_stump_ensemble,True,LOW,0.049267368206223,0.8832591090592475,0.06747352273452933,LOW,0.1703312865030645,0.6037775553215269,0.2258911581754087
at://did:plc:4wmczfbkyxim46yrcajy7d7d/app.bsky.feed.post/3mijsx3a2ibi2,0.0,LOW,LOW,bagged_stump_ensemble,True,LOW,0.049267368206223,0.8832591090592475,0.06747352273452933,LOW,0.18704131035321617,0.5441883968939791,0.2687702927528047
at://did:plc:4wt5yyrqsxagukrgnuzmv3pa/app.bsky.feed.post/3mijssjan7c2g,0.0,LOW,LOW,bagged_stump_ensemble,True,LOW,0.05854946399947028,0.8678446318485927,0.07360590415193696,LOW,0.2903211808805543,0.45363257654671185,0.2560462425727338
at://did:plc:4wx67jjx7rzmt6jfzsda7oeh/app.bsky.feed.post/3mijsx35y5k2l,0.0,LOW,LOW,bagged_stump_ensemble,True,LOW,0.07402022136730407,0.8408809286425755,0.08509884999012042,LOW,0.27342667705784285,0.4115688400820262,0.31500448286013105
at://did:plc:4wym4pqb45akm72ch4tx5ckb/app.bsky.feed.post/3mijsrhy64g22,0.0,LOW,LOW,bagged_stump_ensemble,True,LOW,0.06431595802097938,0.8555585209318368,0.08012552104718382,LOW,0.029123798542074513,0.7272827013500562,0.2435935001078694
at://did:plc:4x3pekyezopx66bp3mzjef55/app.bsky.feed.post/3mijsuheqds2h,1.0,MEDIUM,LOW,bagged_stump_ensemble,False,LOW,0.06072149397447169,0.8624470582552652,0.07683144777026307,MEDIUM,0.22413347144766674,0.3744483776544842,0.40141815089784905
at://did:plc:4x72mtglnp3pyg5x5vi6tzrq/app.bsky.feed.post/3mijspa2ifs2j,0.0,LOW,LOW,bagged_stump_ensemble,True,LOW,0.07324621872446854,0.8423287505991969,0.08442503067633458,MEDIUM,0.3415913894433839,0.284384938853031,0.3740236717035851
at://did:plc:4xaad7thmc4uqdhefbq6vizm/app.bsky.feed.post/3mijsyl6g6223,0.0,LOW,LOW,bagged_stump_ensemble,True,LOW,0.07988519896357327,0.8325608568991661,0.08755394413726049,HIGH,0.3884671951934444,0.2464605059746137,0.365072298831942
at://did:plc:4xahuj4pbnnbrcw2taqsee3z/app.bsky.feed.post/3mijstkxvdk23,0.0,LOW,LOW,bagged_stump_ensemble,True,LOW,0.07738441611787887,0.8361069618874496,0.0865086219946716,MEDIUM,0.3729039008645849,0.2532556465002366,0.3738404526351786
at://did:plc:4xmihwiyqeqjrjw25o4fjxgl/app.bsky.feed.post/3mijsykfcct23,0.0,LOW,LOW,bagged_stump_ensemble,True,LOW,0.06350941905947755,0.8598169549769095,0.07667362596361305,LOW,0.027234237111475518,0.8262747649413651,0.14649099794715936
at://did:plc:4xp4fqu4k6nx6dcv23jz7blf/app.bsky.feed.post/3mijsws3hoc23,0.0,LOW,LOW,bagged_stump_ensemble,True,LOW,0.06290677604963808,0.8586161218277114,0.07847710212265055,LOW,0.04852943066440111,0.7270131134996779,0.224457455835921
at://did:plc:4xsvycd5patuukhmgzs3o4gr/app.bsky.feed.post/3mijsrbhjx222,0.0,LOW,LOW,bagged_stump_ensemble,True,LOW,0.06290875018357062,0.857801846779783,0.0792894030366465,HIGH,0.3703055293567948,0.2681715402199274,0.3615229304232778
at://did:plc:4xsvycd5patuukhmgzs3o4gr/app.bsky.feed.post/3mijsusvuts25,1.0,MEDIUM,LOW,bagged_stump_ensemble,False,LOW,0.06286137738427178,0.8579696560594207,0.07916896655630762,MEDIUM,0.37359953575216126,0.23101218369110085,0.3953882805567379
at://did:plc:4y3wcmmyzmcpgearodhrbsae/app.bsky.feed.post/3mijsu53gb22s,1.0,MEDIUM,LOW,bagged_stump_ensemble,False,LOW,0.08099771768036756,0.8286862767703773,0.09031600554925512,MEDIUM,0.3298375055449113,0.2211043809354692,0.4490581135196195
at://did:plc:4y6u3rjyibwgx6v7blvjwhcq/app.bsky.feed.post/3mijstbo4zj26,2.0,HIGH,LOW,bagged_stump_ensemble,False,LOW,0.06524244085323655,0.8549934962998242,0.07976406284693914,MEDIUM,0.34247222972619246,0.30094976595852735,0.35657800431528025
at://did:plc:4yms2t5lpwgulmkkpjpadvi5/app.bsky.feed.post/3mijsxsoryk24,2.0,HIGH,LOW,bagged_stump_ensemble,False,LOW,0.0641355258074096,0.8553688150591515,0.08049565913343895,HIGH,0.360373236427066,0.3173375651100755,0.3222891984628586
at://did:plc:4ypafy7fbadzvmru3lejvgb5/app.bsky.feed.post/3mijsrolzc626,0.0,LOW,LOW,bagged_stump_ensemble,True,LOW,0.06400197849394412,0.8619195985861207,0.07407842291993524,MEDIUM,0.2591611238161901,0.36350934361346315,0.37732953257034674
at://did:plc:4ytg3a2d5e3ebd6cgzbblhnl/app.bsky.feed.post/3mijsns6jsc2b,0.0,LOW,LOW,bagged_stump_ensemble,True,LOW,0.05932485450854339,0.8623299005979651,0.07834524489349137,MEDIUM,0.3675811362966661,0.24216809779167364,0.39025076591166025
at://did:plc:4z764ts25fgsrjh6gktmu7dq/app.bsky.feed.post/3mijsrtqshk2o,0.0,LOW,LOW,bagged_stump_ensemble,True,LOW,0.07964748730072155,0.8334209544094638,0.08693155828981454,LOW,0.2780928098161065,0.3879690305804094,0.33393815960348405
at://did:plc:4zd6mbhgvmjri5rmlsyeq6go/app.bsky.feed.post/3mijsxlkt322e,1.0,MEDIUM,LOW,bagged_stump_ensemble,False,LOW,0.08058091970695029,0.8298647094913482,0.0895543708017016,MEDIUM,0.35649216651380383,0.23368909321020073,0.4098187402759954
at://did:plc:4zifgvhvv6izldqdfkolsrur/app.bsky.feed.post/3mijsq3rvuk22,0.0,LOW,LOW,bagged_stump_ensemble,True,LOW,0.07892928976900276,0.8341844005070569,0.08688630972394025,MEDIUM,0.30785736086164395,0.3004914833884651,0.39165115574989096
at://did:plc:4zyepbntx5mghzabvip3sdri/app.bsky.feed.post/3mijsydguc224,0.0,LOW,LOW,bagged_stump_ensemble,True,LOW,0.08095514846916949,0.8280853437909942,0.09095950773983637,MEDIUM,0.3721265770334554,0.21968131940410704,0.40819210356243757
at://did:plc:4zylrbdimhmlv3uilxfofkkq/app.bsky.feed.post/3mijsorkyes2a,0.0,LOW,LOW,bagged_stump_ensemble,True,LOW,0.05752231206026036,0.8665969004977908,0.0758807874419488,MEDIUM,0.3122509519266661,0.27257286615331683,0.415176181920017
at://did:plc:4zzfmj6ocdheeubrphkittq3/app.bsky.feed.post/3mijspwkih22k,0.0,LOW,LOW,bagged_stump_ensemble,True,LOW,0.05558754788032838,0.8730326112093092,0.07137984091036231,LOW,0.24640713911576084,0.4266949806378382,0.326897880246401
at://did:plc:522iqfcgyjqt23cfrxzavujt/app.bsky.feed.post/3mijsoo3iyk2s,0.0,LOW,LOW,bagged_stump_ensemble,True,LOW,0.06580081680558257,0.8523295188305827,0.08186966436383468,MEDIUM,0.33504816715227004,0.28420695959182585,0.3807448732559041
at://did:plc:523d6pfw5gdrlscs7vbbvpcv/app.bsky.feed.post/3mijssv6nss2i,0.0,LOW,LOW,bagged_stump_ensemble,True,LOW,0.07762511265208885,0.8357450969714219,0.08662979037648937,HIGH,0.4061402141078692,0.23387202371589202,0.3599877621762387
at://did:plc:52fsavypoiclkoutdszxo6gc/app.bsky.feed.post/3mijsowfbus23,0.0,LOW,LOW,bagged_stump_ensemble,True,LOW,0.07142303289243458,0.8503895036484339,0.07818746345913154,LOW,0.20221349223803298,0.5808233289742023,0.21696317878776464
at://did:plc:52p7c63kxj2yzx6qd4zvpgsh/app.bsky.feed.post/3mijssdl2ns2j,0.0,LOW,LOW,bagged_stump_ensemble,True,LOW,0.05523206587418712,0.8700735828477343,0.07469435127807864,LOW,0.24123813076489606,0.40037112291739163,0.35839074631771217
at://did:plc:52p7c63kxj2yzx6qd4zvpgsh/app.bsky.feed.post/3mijsvh7zjs2j,0.0,LOW,LOW,bagged_stump_ensemble,True,LOW,0.05523206587418712,0.8700735828477343,0.07469435127807864,LOW,0.24123813076489606,0.40037112291739163,0.35839074631771217
at://did:plc:52pt2wenglom7bdwpzfzfsld/app.bsky.feed.post/3mijsnuygqs2n,0.0,LOW,LOW,bagged_stump_ensemble,True,LOW,0.0673599514871052,0.8504354502911561,0.08220459822173873,MEDIUM,0.3167635202302024,0.2962317974905144,0.38700468227928325
at://did:plc:52pt2wenglom7bdwpzfzfsld/app.bsky.feed.post/3mijst3ykhs2n,1.0,MEDIUM,LOW,bagged_stump_ensemble,False,LOW,0.0673599514871052,0.8504354502911561,0.08220459822173873,MEDIUM,0.31839249741837067,0.27897732354797977,0.40263017903364956
at://did:plc:52uedv5pad65da4zv5czmhf4/app.bsky.feed.post/3mijsxxz2ac2i,1.0,MEDIUM,LOW,bagged_stump_ensemble,False,LOW,0.07352394811579187,0.8413294048504661,0.08514664703374189,HIGH,0.41540502468723717,0.2943113964590178,0.2902835788537449
at://did:plc:53a6xion52meecdwuleo4qee/app.bsky.feed.post/3mijsrmyse22d,0.0,LOW,LOW,bagged_stump_ensemble,True,LOW,0.08025432201748993,0.8319264252263256,0.08781925275618445,MEDIUM,0.34445908032849265,0.26644264321476374,0.38909827645674366
at://did:plc:53qp7a7ui34djcqohzaqtls2/app.bsky.feed.post/3mijsyai5zc2v,0.0,LOW,LOW,bagged_stump_ensemble,True,LOW,0.07873661430283982,0.8346116850084574,0.08665170068870282,LOW,0.24897415600191908,0.40379228019256397,0.3472335638055169
at://did:plc:53vnu4dw6vxlwmrw2g5muvkj/app.bsky.feed.post/3mijsr5hxw22q,0.0,LOW,LOW,bagged_stump_ensemble,True,LOW,0.0571378762726444,0.8710519495466533,0.0718101741807023,LOW,0.09973032250213193,0.7056988481962396,0.19457082930162847
at://did:plc:53z3vjoh4jmm36t76jqwi3wq/app.bsky.feed.post/3mijsnw4j2c2p,0.0,LOW,LOW,bagged_stump_ensemble,True,LOW,0.06341793253288062,0.8583680802358978,0.07821398723122158,LOW,0.3175533788458221,0.40016589891352716,0.28228072224065076
at://did:plc:53zqlfzrvss7bps7ogoa3xsg/app.bsky.feed.post/3mijssf2vvs24,0.0,LOW,LOW,bagged_stump_ensemble,True,LOW,0.07733704331858003,0.8362747711670873,0.08638818551433272,MEDIUM,0.33046522586870813,0.28851388149184914,0.3810208926394427
at://did:plc:54d7mpogf7cbdstbzjvujg3x/app.bsky.feed.post/3mijss7wi6s2l,0.0,LOW,LOW,bagged_stump_ensemble,True,LOW,0.057248926525756,0.8707597524929624,0.07199132098128166,LOW,0.19073098852574696,0.6080191267405608,0.2012498847336922
at://did:plc:54fy6flclaj3fldr5ffxrvg5/app.bsky.feed.post/3mijsretky22v,0.0,LOW,LOW,bagged_stump_ensemble,True,LOW,0.06565953896648884,0.8534558804284813,0.08088458060502986,LOW,0.3242290980765528,0.3385779590385538,0.3371929428848933
at://did:plc:54ia3giep52q2krqxa4uq36l/app.bsky.feed.post/3mijswpmivs2f,0.0,LOW,LOW,bagged_stump_ensemble,True,LOW,0.08048207295351811,0.8303465387888985,0.08917138825758339,MEDIUM,0.3582289114261916,0.24380327422648532,0.39796781434732315
at://did:plc:54jsv63xeqr33oxql5yzmd2v/app.bsky.feed.post/3mijsuef2t227,0.0,LOW,LOW,bagged_stump_ensemble,True,LOW,0.07054420601223842,0.8465939162425796,0.08286187774518192,HIGH,0.342900025760216,0.32590171994092915,0.3311982542988549
at://did:plc:54pmhcjgdxyjfkjkezqn7hdl/app.bsky.feed.post/3mijsxrga5c23,0.0,LOW,LOW,bagged_stump_ensemble,True,LOW,0.07442089978185837,0.8400837296277149,0.08549537059042672,MEDIUM,0.29706295442977576,0.2898389348976768,0.41309811067254737
at://did:plc:54pmhcjgdxyjfkjkezqn7hdl/app.bsky.feed.post/3mijsynz2kk23,0.0,LOW,LOW,bagged_stump_ensemble,True,LOW,0.07442089978185837,0.8400837296277149,0.08549537059042672,MEDIUM,0.33464458471704156,0.2686726425293637,0.39668277275359465
at://did:plc:54snf474a5tcb2qiuxkaoxy7/app.bsky.feed.post/3mijsszak2s2i,1.0,MEDIUM,LOW,bagged_stump_ensemble,False,LOW,0.07604915824440146,0.8380169668966513,0.08593387485894712,MEDIUM,0.29019161908953345,0.32122115240773613,0.38858722850273036
at://did:plc:54tkpbjumgz5nu7zs65kvqgn/app.bsky.feed.post/3mijso2uo6s2o,0.0,LOW,LOW,bagged_stump_ensemble,True,LOW,0.07988519896357327,0.8325608568991661,0.08755394413726049,MEDIUM,0.3511740291716178,0.24571046969553384,0.4031155011328483
at://did:plc:54trcoe5g7dmsgquhduhcfoz/app.bsky.feed.post/3mijswng3y222,0.0,LOW,LOW,bagged_stump_ensemble,True,LOW,0.0716391314401435,0.8495005919416374,0.07886027661821918,LOW,0.1398921951855364,0.6559147586018148,0.20419304621264883
at://did:plc:5572k7sgjdykxtgvem5jpfiv/app.bsky.feed.post/3mijsv25gys2g,0.0,LOW,LOW,bagged_stump_ensemble,True,LOW,0.061265241014903875,0.8600747983584508,0.07865996062664538,MEDIUM,0.33795615610085106,0.28681012955842944,0.3752337143407195
at://did:plc:557tjv74l4jnxgzdh6tis4t3/app.bsky.feed.post/3mijsprr67222,0.0,LOW,LOW,bagged_stump_ensemble,True,LOW,0.07844930256092315,0.8346199981926271,0.08693069924644982,MEDIUM,0.34764840038331474,0.29502874009894636,0.35732285951773884
at://did:plc:557tjv74l4jnxgzdh6tis4t3/app.bsky.feed.post/3mijsqlsbes22,0.0,LOW,LOW,bagged_stump_ensemble,True,LOW,0.07844930256092315,0.8346199981926271,0.08693069924644982,MEDIUM,0.3375079414338291,0.2694066342621278,0.3930854243040431
at://did:plc:55naclpccexaxkdgcoepr4fg/app.bsky.feed.post/3mijsuxgqlk2t,0.0,LOW,LOW,bagged_stump_ensemble,True,LOW,0.07993364295282052,0.8323642829888689,0.0877020740583107,HIGH,0.3936818907506718,0.2493119877854684,0.35700612146385985
at://did:plc:55olwk5sdcjoeklelfsz3icd/app.bsky.feed.post/3mijsrgpntc2i,0.0,LOW,LOW,bagged_stump_ensemble,True,LOW,0.06579691412604118,0.8521205319774939,0.08208255389646485,MEDIUM,0.34296580663228754,0.2664342878742684,0.39059990549344403
at://did:plc:565ei3uq2cu3lncnehgcp4cz/app.bsky.feed.post/3mijsxdr7rc2s,0.0,LOW,LOW,bagged_stump_ensemble,True,LOW,0.07513548351826238,0.8390897242315011,0.08577479225023653,MEDIUM,0.30803704256546405,0.28456797606510587,0.4073949813694301
at://did:plc:56ezrzxuzktvqmgz2p6qeqnm/app.bsky.feed.post/3mijsxm6fv322,0.0,LOW,LOW,bagged_stump_ensemble,True,LOW,0.06107843224843664,0.8606161644825686,0.07830540326899468,MEDIUM,0.23632463745009755,0.361127797317252,0.4025475652326505
at://did:plc:56wqixukjh7zgn7jjueqftt7/app.bsky.feed.post/3mijsp64srk2j,0.0,LOW,LOW,bagged_stump_ensemble,True,LOW,0.055908310872577624,0.8697803969576655,0.07431129216975688,MEDIUM,0.3113941016590622,0.31128149713828723,0.3773244012026506
at://did:plc:56wqixukjh7zgn7jjueqftt7/app.bsky.feed.post/3mijswlj6r22f,0.0,LOW,LOW,bagged_stump_ensemble,True,LOW,0.055908310872577624,0.8697803969576655,0.07431129216975688,MEDIUM,0.3114962034202777,0.3114160446099619,0.37708775196976035
at://did:plc:57qokm5ucvu2fmqino3vpl2h/app.bsky.feed.post/3mijstczutq2p,0.0,LOW,LOW,bagged_stump_ensemble,True,LOW,0.05055550685401468,0.8809301913978256,0.06851430174815971,LOW,0.020915769877469372,0.7727959138475394,0.20628831627499122
at://did:plc:5a4n76whq63hx7faqpl6kj6d/app.bsky.feed.post/3mijsonvdq22o,0.0,LOW,LOW,bagged_stump_ensemble,True,LOW,0.07100569929951722,0.8452572580627881,0.08373704263769476,HIGH,0.45083034011518147,0.24017602214160044,0.3089936377432181
at://did:plc:5ac46ljkoontq4off47b67bz/app.bsky.feed.post/3mijsrqxur22d,0.0,LOW,LOW,bagged_stump_ensemble,True,LOW,0.060047528561993475,0.8650456972631655,0.07490677417484094,LOW,0.2615703046382167,0.3828035966831349,0.35562609867864836
at://did:plc:5aeylfseikkwlxn4yljzhuts/app.bsky.feed.post/3mijsy4sx3q2p,0.0,LOW,LOW,bagged_stump_ensemble,True,LOW,0.0556683691588117,0.8693100478100648,0.07502158303112344,MEDIUM,0.31461121033569156,0.2832791797560767,0.4021096099082317
at://did:plc:5b2em4yuka4enx3zm6xndyrf/app.bsky.feed.post/3mijsuf4rmc2u,0.0,LOW,LOW,bagged_stump_ensemble,True,LOW,0.06565953896648884,0.8534558804284813,0.08088458060502986,MEDIUM,0.34033632099511385,0.2888234953556066,0.3708401836492795
at://did:plc:5b6p64qjiue2uty22jd3ocpn/app.bsky.feed.post/3mijsqbubls25,0.0,LOW,LOW,bagged_stump_ensemble,True,LOW,0.0745854588450277,0.840371376769103,0.08504316438586934,HIGH,0.37343602477873206,0.30847945696334395,0.318084518257924
at://did:plc:5bf5ykiz4fq6ocrrau7sxg7m/app.bsky.feed.post/3mijsoj4zpc2h,0.0,LOW,LOW,bagged_stump_ensemble,True,LOW,0.05615066325400552,0.8727378569429379,0.07111147980305672,LOW,0.24029322685868074,0.4860788832095589,0.27362788993176035
at://did:plc:5bgbranj5zib3fykp3gkggbh/app.bsky.feed.post/3mijsoqdnlk2c,0.0,LOW,LOW,bagged_stump_ensemble,True,LOW,0.0741891593437294,0.839797455698158,0.08601338495811271,MEDIUM,0.3484903774921326,0.2381635306970572,0.4133460918108102
at://did:plc:5buugrzviweisd2bhkrtlh76/app.bsky.feed.post/3mijsr2chuk2v,0.0,LOW,LOW,bagged_stump_ensemble,True,LOW,0.07976169919739622,0.8329402335549687,0.08729806724763507,LOW,0.3072818563320944,0.3658445068370731,0.32687363683083254
at://did:plc:5c6aji5s2r7z55nnyowtmhvx/app.bsky.feed.post/3mijsou7odk2x,0.0,LOW,LOW,bagged_stump_ensemble,True,LOW,0.06407479814268414,0.8553064011043511,0.08061880075296482,HIGH,0.41264313292539295,0.3480334161628444,0.23932345091176277
at://did:plc:5cfotfg73lwnpeitsiyue6mf/app.bsky.feed.post/3mijswk6cos2i,0.0,LOW,LOW,bagged_stump_ensemble,True,LOW,0.06885893297199015,0.8479435453972647,0.08319752163074519,MEDIUM,0.3396818809457902,0.26168593032905796,0.3986321887251519
at://did:plc:5ckrs7nl4glh6miqbos3tfj3/app.bsky.feed.post/3mijsoitjyk2t,0.0,LOW,LOW,bagged_stump_ensemble,True,LOW,0.05890589577350697,0.8680805027722346,0.07301360145425852,LOW,0.16909514178101653,0.5727756927338167,0.2581291654851668
at://did:plc:5ckscnc4alabjv4xxshw6vcx/app.bsky.feed.post/3mijso454522s,0.0,LOW,LOW,bagged_stump_ensemble,True,LOW,0.0638515723094507,0.8560602654968876,0.08008816219366165,MEDIUM,0.3507147872359935,0.29312375066875473,0.35616146209525185
at://did:plc:5cqhzmb7yjwl5i7gkxgd42sl/app.bsky.feed.post/3mijstdt3322n,2.0,HIGH,LOW,bagged_stump_ensemble,False,LOW,0.07835791315638223,0.8347792156708507,0.08686287117276713,HIGH,0.42028281045648225,0.21734433622643848,0.36237285331707914
at://did:plc:5d3tfesgpb5wknprbbzilgd5/app.bsky.feed.post/3mijsw3eogs23,0.0,LOW,LOW,bagged_stump_ensemble,True,LOW,0.05952192644935163,0.8635628511603245,0.07691522239032388,MEDIUM,0.35682085977047784,0.2627610447733655,0.3804180954561567
at://did:plc:5d3uy2qsdjevajpprp5r7oqa/app.bsky.feed.post/3mijsxutm5c2e,0.0,LOW,LOW,bagged_stump_ensemble,True,LOW,0.06636760595954397,0.8517511036825852,0.08188129035787083,MEDIUM,0.3170566499438813,0.2603737149391984,0.42256963511692025
at://did:plc:5dha7mzsgdc5y7vsopvkoixv/app.bsky.feed.post/3mijsptgags2j,0.0,LOW,LOW,bagged_stump_ensemble,True,LOW,0.07529925042319155,0.8390916399124368,0.08560910966437163,MEDIUM,0.358110709957043,0.2666214750959121,0.3752678149470448
at://did:plc:5dnoxfuod3suopewqirqog5k/app.bsky.feed.post/3mijsrtjyos2b,0.0,LOW,LOW,bagged_stump_ensemble,True,LOW,0.0513832385411372,0.8808036607424661,0.06781310071639657,LOW,0.19169388150990427,0.5511636990105396,0.2571424194795562
at://did:plc:5dpoa6372epbewg2zgznlxam/app.bsky.feed.post/3mijsqhpjrs2p,0.0,LOW,LOW,bagged_stump_ensemble,True,LOW,0.07352227585582938,0.8469151778571427,0.07956254628702798,LOW,0.2860786834513296,0.39665703700176497,0.31726427954690556
at://did:plc:5dstvt4yfge6lcucnlyfrrw7/app.bsky.feed.post/3mijsoikunk22,0.0,LOW,LOW,bagged_stump_ensemble,True,LOW,0.05788647756268381,0.864366081149158,0.0777474412881582,MEDIUM,0.27231035706966344,0.21997185127887034,0.5077177916514662
at://did:plc:5dxprgiespyp4rwdnimilp6z/app.bsky.feed.post/3mijsqjie5c24,0.0,LOW,LOW,bagged_stump_ensemble,True,LOW,0.07766411163482102,0.8360950245941978,0.08624086377098115,HIGH,0.38512721940566746,0.2809749105311161,0.33389787006321636
at://did:plc:5dxvbgg5rbqyeyoiij5ja4cw/app.bsky.feed.post/3mijsowgnt22d,0.0,LOW,LOW,bagged_stump_ensemble,True,LOW,0.06962350427754403,0.8453606144621006,0.0850158812603552,MEDIUM,0.3300561733509389,0.21574961135834175,0.45419421529071924
at://did:plc:5e4yytgbbbtwig6ave6nobrt/app.bsky.feed.post/3mijsw6m4yc2k,0.0,LOW,LOW,bagged_stump_ensemble,True,LOW,0.06978520028392218,0.8481901852334227,0.08202461448265512,LOW,0.24707645777041332,0.3864081657759026,0.36651537645368415
at://did:plc:5e5eprapvvzwuqozontyedsf/app.bsky.feed.post/3mijsxfmja22i,1.0,MEDIUM,LOW,bagged_stump_ensemble,False,LOW,0.06689517324987773,0.8510105352128232,0.08209429153729908,MEDIUM,0.3378051257542405,0.3234475402369358,0.3387473340088238
at://did:plc:5e7ryeooev23uopxu63eiedq/app.bsky.feed.post/3mijst4wsak2s,0.0,LOW,LOW,bagged_stump_ensemble,True,LOW,0.05519578053696426,0.87399535717591,0.07080886228712567,LOW,0.22746992161318916,0.47417401033040973,0.29835606805640114
at://did:plc:5ex4adxtbr4664jwdhbuy4fo/app.bsky.feed.post/3mijsyc26m22h,0.0,LOW,LOW,bagged_stump_ensemble,True,LOW,0.06496770414932365,0.8537963495313481,0.08123594631932826,HIGH,0.3861393723188065,0.28832887681405284,0.3255317508671407
at://did:plc:5eyba52s3jrzpujaq7p7ndzj/app.bsky.feed.post/3mijss6mmds26,0.0,LOW,LOW,bagged_stump_ensemble,True,LOW,0.0772109322167337,0.8367099619947429,0.08607910578852343,HIGH,0.35357153829934895,0.2947432443347331,0.3516852173659179
at://did:plc:5f6kqjktcvvunk7olikihjmt/app.bsky.feed.post/3mijsqvfdkc2y,0.0,LOW,LOW,bagged_stump_ensemble,True,LOW,0.06431263998343001,0.8547478553953378,0.08093950462123223,MEDIUM,0.30512807869454234,0.28505861836125784,0.4098133029441998
at://did:plc:5fgw7vv6s353cijwmh2bvx2e/app.bsky.feed.post/3mijswoojwc2s,0.0,LOW,LOW,bagged_stump_ensemble,True,LOW,0.07896469002108478,0.8346381515211206,0.08639715845779455,HIGH,0.3791706741268433,0.30320436956431035,0.31762495630884646
at://did:plc:5fkaj7zmtrdz6o4az3vvlxbf/app.bsky.feed.post/3mijsy277e223,0.0,LOW,LOW,bagged_stump_ensemble,True,LOW,0.08003626651010415,0.8325782253677637,0.08738550812213208,HIGH,0.4330691263500823,0.2797322410724432,0.2871986325774746
at://did:plc:5fm7uzmdemgbjagltnyijtfo/app.bsky.feed.post/3mijsxosu6c2v,1.0,MEDIUM,LOW,bagged_stump_ensemble,False,LOW,0.0674513408916461,0.8502762328129325,0.08227242629542143,MEDIUM,0.3044465523311992,0.29405803394266306,0.4014954137261378
at://did:plc:5fxh5jlny26wt6is6yfsoc5k/app.bsky.feed.post/3mijsrcgn2s2b,0.0,LOW,LOW,bagged_stump_ensemble,True,LOW,0.0747039970550265,0.8380420492962225,0.08725395364875095,MEDIUM,0.31903753158697934,0.2602745082075811,0.4206879602054396
at://did:plc:5fxxxsoo5yem5ibihse4el2u/app.bsky.feed.post/3mijsrch6u722,0.0,LOW,LOW,bagged_stump_ensemble,True,LOW,0.049996043531271864,0.884180755581225,0.0658232008875031,LOW,0.0920966153120586,0.7345101108710396,0.17339327381690187
at://did:plc:5fxxxsoo5yem5ibihse4el2u/app.bsky.feed.post/3mijsrckies2u,0.0,LOW,LOW,bagged_stump_ensemble,True,LOW,0.049996043531271864,0.884180755581225,0.0658232008875031,LOW,0.0920966153120586,0.7345101108710396,0.17339327381690187
at://did:plc:5fxxxsoo5yem5ibihse4el2u/app.bsky.feed.post/3mijswknfcd2u,0.0,LOW,LOW,bagged_stump_ensemble,True,LOW,0.049996043531271864,0.884180755581225,0.0658232008875031,LOW,0.09628882098392198,0.7369992157897562,0.1667119632263217
at://did:plc:5fzy3cduilqm3d26fpg5i6my/app.bsky.feed.post/3mijsocbtzs2q,0.0,LOW,LOW,bagged_stump_ensemble,True,LOW,0.07814069784911828,0.8360544995302117,0.08580480262066997,HIGH,0.3894032961676536,0.2526431024495678,0.35795360138277854
at://did:plc:5g5dsydhizgarawydgdihvsy/app.bsky.feed.post/3mijss32e3s2d,0.0,LOW,LOW,bagged_stump_ensemble,True,LOW,0.0802069492181911,0.8320942345059633,0.08769881627584558,MEDIUM,0.30012043977679603,0.2837641615154438,0.41611539870776015
at://did:plc:5g5w6trzfbpnqukyonaugz6m/app.bsky.feed.post/3mijsr2vewf2q,0.0,LOW,LOW,bagged_stump_ensemble,True,LOW,0.0584590054016846,0.8660921226375394,0.07544887196077604,LOW,0.32759973755283983,0.36749694949030104,0.3049033129568592
at://did:plc:5ghgw2j26asogngztneru4uu/app.bsky.feed.post/3mijswepzk224,0.0,LOW,LOW,bagged_stump_ensemble,True,LOW,0.0780046075411268,0.8354086054060735,0.08658678705279971,HIGH,0.44024954490957785,0.2589793615992616,0.3007710934911605
at://did:plc:5gjprajqd35ndvjzj6gu5ucz/app.bsky.feed.post/3mijsr7siok22,0.0,LOW,LOW,bagged_stump_ensemble,True,LOW,0.057721466250095256,0.8691054547188816,0.07317307903102316,LOW,0.16712248948089317,0.5675977045848773,0.26527980593422945
at://did:plc:5gn7a3bj3wk5ac2kwm4dapso/app.bsky.feed.post/3mijsn3tjw22j,0.0,LOW,LOW,bagged_stump_ensemble,True,LOW,0.04789195018232132,0.8866354175688026,0.06547263224887619,LOW,0.16865068824842544,0.6519260588239616,0.17942325292761296
at://did:plc:5gn7a3bj3wk5ac2kwm4dapso/app.bsky.feed.post/3mijsosttyk2j,0.0,LOW,LOW,bagged_stump_ensemble,True,LOW,0.04789195018232132,0.8866354175688026,0.06547263224887619,LOW,0.16865068824842544,0.6519260588239616,0.17942325292761296
at://did:plc:5golcfazkuf5imhwjud2yldq/app.bsky.feed.post/3mijssm5a3s24,0.0,LOW,LOW,bagged_stump_ensemble,True,LOW,0.06672777144682868,0.8521764793106724,0.08109574924249893,HIGH,0.37410383845642403,0.31108592687771475,0.31481023466586117
at://did:plc:5growevgn4q4rd4cotgguzo3/app.bsky.feed.post/3mijsouwayk24,0.0,LOW,LOW,bagged_stump_ensemble,True,LOW,0.07631730864296608,0.8372309391831899,0.08645175217384406,MEDIUM,0.3356782379972685,0.2757029186619731,0.3886188433407583
at://did:plc:5gvlsmal6towdncryptnmwbk/app.bsky.feed.post/3mijstpt72s2t,1.0,MEDIUM,LOW,bagged_stump_ensemble,False,LOW,0.0783898869225785,0.8347459447111478,0.08686416836627361,MEDIUM,0.3574200732949573,0.27214391075649347,0.3704360159485492
at://did:plc:5hbnp4wbsytdltoivbndleds/app.bsky.feed.post/3mijssbsg5s24,0.0,LOW,LOW,bagged_stump_ensemble,True,LOW,0.06561605209340181,0.8512680114031677,0.08311593650343045,MEDIUM,0.3349833941899131,0.23146204766566744,0.4335545581444195
at://did:plc:5hrd2kdcvx6yfapwnabaefhq/app.bsky.feed.post/3mijsry2wf22w,0.0,LOW,LOW,bagged_stump_ensemble,True,LOW,0.07667479353033131,0.8341691996354982,0.08915600683417053,MEDIUM,0.352737054775499,0.20185197921020773,0.4454109660142934
at://did:plc:5hwiunuyf22e3tes6ktzin3c/app.bsky.feed.post/3mijspfyelc27,0.0,LOW,LOW,bagged_stump_ensemble,True,LOW,0.08014753357984647,0.8322201810244841,0.08763228539566938,MEDIUM,0.29970878143330654,0.2769935937861359,0.42329762478055755
at://did:plc:5hxpcpu7fqem3dzrqaa26qwc/app.bsky.feed.post/3mijsntmnf22v,0.0,LOW,LOW,bagged_stump_ensemble,True,LOW,0.07608352340755088,0.8375724421836759,0.0863440344087733,MEDIUM,0.323954562094679,0.2552939640267413,0.42075147387857964
at://did:plc:5i74ywdrksmexq5c4f5v7mu2/app.bsky.feed.post/3mijsp3rhnc2j,0.0,LOW,LOW,bagged_stump_ensemble,True,LOW,0.06730645634488419,0.8556077711671859,0.07708577248792986,LOW,0.18249568034006944,0.5542909791261176,0.26321334053381296
at://did:plc:5i7f5z5b5ppxyk6ikrpup4gc/app.bsky.feed.post/3mijsnp5r4k24,0.0,LOW,LOW,bagged_stump_ensemble,True,LOW,0.07728384987587922,0.8364163494677616,0.08629980065635927,MEDIUM,0.27032431933871687,0.35669791905840215,0.3729777616028811
at://did:plc:5ias7jby54zb3edjww6butek/app.bsky.feed.post/3mijsw7rq4c2g,0.0,LOW,LOW,bagged_stump_ensemble,True,LOW,0.0587750257927464,0.8683099757122908,0.07291499849496272,MEDIUM,0.34445950643593215,0.3033711450121486,0.35216934855191917
at://did:plc:5j4n4d22zbf66weh727iitww/app.bsky.feed.post/3mijsp7jbms2t,0.0,LOW,LOW,bagged_stump_ensemble,True,LOW,0.07912666374204427,0.8337157365207208,0.08715759973723498,HIGH,0.389217080962533,0.29474585978192286,0.31603705925554415
at://did:plc:5jaf3uydzehallg3hymo5ftj/app.bsky.feed.post/3mijswpk4qc24,0.0,LOW,LOW,bagged_stump_ensemble,True,LOW,0.07919962594425738,0.8343227676303224,0.08647760642542017,HIGH,0.44131242993110065,0.3013978309212343,0.25728973914766495
at://did:plc:5jdaiztm4rfaq6ypbf7o7d2o/app.bsky.feed.post/3mijsta2nkk2n,1.0,MEDIUM,LOW,bagged_stump_ensemble,False,LOW,0.06456818054974403,0.854308843994934,0.08112297545532199,MEDIUM,0.337306128871555,0.26420977546341556,0.3984840956650294
at://did:plc:5jdaiztm4rfaq6ypbf7o7d2o/app.bsky.feed.post/3mijsvuulb22n,1.0,MEDIUM,LOW,bagged_stump_ensemble,False,LOW,0.06452080775044518,0.8544766532745717,0.08100253897498308,HIGH,0.3638256024957207,0.2925717512881644,0.3436026462161149
at://did:plc:5jdaiztm4rfaq6ypbf7o7d2o/app.bsky.feed.post/3mijsy47qrs2n,0.0,LOW,LOW,bagged_stump_ensemble,True,LOW,0.06412012933589092,0.8552738522894323,0.0806060183746768,LOW,0.2209287668353766,0.4183706765220157,0.3607005566426077
at://did:plc:5jogp7alzzv6lhlafoxkhu7o/app.bsky.feed.post/3mijspgqf522m,0.0,LOW,LOW,bagged_stump_ensemble,True,LOW,0.061560972226155024,0.8645831784117395,0.07385584936210547,LOW,0.19226253469114798,0.6121681367586663,0.19556932855018574
at://did:plc:5jqfz72kjbl7mbg47rwxlrkh/app.bsky.feed.post/3mijsqngtyk2b,0.0,LOW,LOW,bagged_stump_ensemble,True,LOW,0.07866862572724206,0.8321244561454991,0.08920691812725871,MEDIUM,0.25213612649077016,0.28542273474944907,0.4624411387597807
at://did:plc:5k33sxp5njo37s3utet6e2cn/app.bsky.feed.post/3mijsugcqhc24,3.0,HIGH,LOW,bagged_stump_ensemble,False,LOW,0.0667662358825295,0.8509528014717667,0.08228096264570381,MEDIUM,0.3478688630477318,0.2506368711381956,0.40149426581407266
at://did:plc:5kbwcmu32lt6pe33oa2bpsix/app.bsky.feed.post/3mijspae32c2s,0.0,LOW,LOW,bagged_stump_ensemble,True,LOW,0.079149190592202,0.8337747898084586,0.08707601959933932,MEDIUM,0.30088049074131434,0.31849597739041047,0.38062353186827524
at://did:plc:5kpp2cesd242ejzztwwdvqym/app.bsky.feed.post/3mijspxhkpz2u,0.0,LOW,LOW,bagged_stump_ensemble,True,LOW,0.05725043619712729,0.8680632767833396,0.07468628701953309,LOW,0.20530147873032015,0.47534890557125326,0.31934961569842657
at://did:plc:5kpp2cesd242ejzztwwdvqym/app.bsky.feed.post/3mijsruyqcz2d,0.0,LOW,LOW,bagged_stump_ensemble,True,LOW,0.05730985183547192,0.8679373302648188,0.07475281789970929,LOW,0.24358141849801548,0.41028366592566123,0.34613491557632314
at://did:plc:5kpp2cesd242ejzztwwdvqym/app.bsky.feed.post/3mijsusmplp2u,0.0,LOW,LOW,bagged_stump_ensemble,True,LOW,0.05735722463477076,0.8677695209851811,0.07487325438004819,LOW,0.24062105081954713,0.4041487095859094,0.3552302395945434
at://did:plc:5kvbkfwxkpineniieyvfbu2u/app.bsky.feed.post/3mijsxkyfh22f,1.0,MEDIUM,LOW,bagged_stump_ensemble,False,LOW,0.07923345217968775,0.8334219807225622,0.08734456709775006,MEDIUM,0.3820320743816062,0.22983205851859295,0.3881358670998008
at://did:plc:5l45hr2aal2bvbyih52ojtpw/app.bsky.feed.post/3mijsvg6kak2y,0.0,LOW,LOW,bagged_stump_ensemble,True,LOW,0.05512098189201654,0.8733822513687398,0.07149676673924371,LOW,0.31448555613597734,0.4521723092012344,0.23334213466278828
at://did:plc:5ldwctx4gnpua23p6u6bha52/app.bsky.feed.post/3mijsyerscs2c,0.0,LOW,LOW,bagged_stump_ensemble,True,LOW,0.07941768145164314,0.8336709674888843,0.08691135105947254,LOW,0.29967974696427924,0.36130838913572044,0.3390118639000002
at://did:plc:5lhkpqot3yqzs6awruuzu7ha/app.bsky.feed.post/3mijswgptjs2v,1.0,MEDIUM,LOW,bagged_stump_ensemble,False,LOW,0.0802069492181911,0.8320942345059633,0.08769881627584558,MEDIUM,0.36233265026840566,0.24414156508385912,0.39352578464773524
at://did:plc:5lhkpqot3yqzs6awruuzu7ha/app.bsky.feed.post/3mijsx5eupc2v,1.0,MEDIUM,LOW,bagged_stump_ensemble,False,LOW,0.0802069492181911,0.8320942345059633,0.08769881627584558,MEDIUM,0.3610278501480639,0.24643255570927872,0.3925395941426574
at://did:plc:5ljn233niw6z5obirayhta3m/app.bsky.feed.post/3mijsvphgak22,0.0,LOW,LOW,bagged_stump_ensemble,True,LOW,0.06898320112236773,0.8528114550138425,0.0782053438637898,LOW,0.19324777618113986,0.5434450181936591,0.26330720562520105
at://did:plc:5lkb5tglgaucdodg2qrp4j6t/app.bsky.feed.post/3mijsrhjjxc2y,0.0,LOW,LOW,bagged_stump_ensemble,True,LOW,0.056981607518850806,0.8721701089421907,0.07084828353895846,LOW,0.18356055412406033,0.6030655834400526,0.21337386243588724
at://did:plc:5lqfnuckh7ozpjyntmufqnkt/app.bsky.feed.post/3mijssbfg5c2l,5.0,HIGH,LOW,bagged_stump_ensemble,False,LOW,0.07451228918639927,0.8399245121494913,0.08556319866410943,MEDIUM,0.2961427927995775,0.28376923984002306,0.42008796736039933
at://did:plc:5m6qafgvoc3xfyrfjh3cvf3u/app.bsky.feed.post/3mijspdjk4k2w,0.0,LOW,LOW,bagged_stump_ensemble,True,LOW,0.0799325717628721,0.8323930476195285,0.08767438061759937,HIGH,0.40046024106066913,0.21462244452706078,0.3849173144122702
at://did:plc:5mfttv7asfsu435pnws6uaod/app.bsky.feed.post/3mijsowiblc2m,0.0,LOW,LOW,bagged_stump_ensemble,True,LOW,0.0802069492181911,0.8320942345059633,0.08769881627584558,HIGH,0.49176102034702984,0.21821089982974334,0.29002807982322687
at://did:plc:5mfttv7asfsu435pnws6uaod/app.bsky.feed.post/3mijsvvyfqk2m,4.0,HIGH,LOW,bagged_stump_ensemble,False,LOW,0.08090266996156813,0.8293980870981452,0.08969924294028671,HIGH,0.5155632149661318,0.17771755605758985,0.30671922897627846
at://did:plc:5mkd5ufeuadssh7rusvqdgwq/app.bsky.feed.post/3mijsqq4dds2a,0.0,LOW,LOW,bagged_stump_ensemble,True,LOW,0.06705121747809037,0.8510160399922341,0.08193274252967553,LOW,0.2565632928976383,0.4095861343348571,0.3338505727675047
at://did:plc:5mkseum3vm7otpyekrxs4nfj/app.bsky.feed.post/3mijsvslzxs2d,0.0,LOW,LOW,bagged_stump_ensemble,True,LOW,0.0802069492181911,0.8320942345059633,0.08769881627584558,MEDIUM,0.30580098610507217,0.2759905651234676,0.41820844877146024
at://did:plc:5mqbm47okxubg2gmsyjivbhl/app.bsky.feed.post/3mijsvunknk2i,0.0,LOW,LOW,bagged_stump_ensemble,True,LOW,0.07480120464940085,0.8397961171799228,0.08540267817067637,HIGH,0.35325408630182126,0.2946399645126762,0.3521059491855024
at://did:plc:5mzcmy6awgxir5s7jw5mj5ql/app.bsky.feed.post/3mijsxdlbdk2m,0.0,LOW,LOW,bagged_stump_ensemble,True,LOW,0.07897834579012572,0.8350767272053589,0.08594492700451545,MEDIUM,0.3191201496514837,0.3272172358235471,0.35366261452496917
at://did:plc:5n6bin6wur5lq6unrr6cne2w/app.bsky.feed.post/3mijsxxtmfs2m,0.0,LOW,LOW,bagged_stump_ensemble,True,LOW,0.07872848488789155,0.8343731999096836,0.08689831520242484,HIGH,0.3651220098994429,0.2879293018140002,0.34694868828655684
at://did:plc:5nke262xvyqmeqryokdu6qdo/app.bsky.feed.post/3mijsrg7ye32m,0.0,LOW,LOW,bagged_stump_ensemble,True,LOW,0.051031464701441764,0.8809356448844158,0.06803289041414247,LOW,0.2708993150794991,0.4106803419396251,0.3184203429808757
at://did:plc:5o3dcbihmwsgo57xiz52siww/app.bsky.feed.post/3mijsyb7cz62k,0.0,LOW,LOW,bagged_stump_ensemble,True,LOW,0.058721078170705814,0.8648094386920008,0.07646948313729335,MEDIUM,0.3270854180344262,0.2602660151320336,0.4126485668335402
at://did:plc:5oeufx5utcdg5zluyoyc46en/app.bsky.feed.post/3mijsuso5rk26,1.0,MEDIUM,LOW,bagged_stump_ensemble,False,LOW,0.06824411189177627,0.8534818454332657,0.07827404267495819,LOW,0.26446048405670547,0.4400115058820215,0.2955280100612731
at://did:plc:5ohlq5ylxrvums6khfkcpu4s/app.bsky.feed.post/3mijsyhloc22e,0.0,LOW,LOW,bagged_stump_ensemble,True,LOW,0.06213811996149831,0.85955260966149,0.07830927037701167,LOW,0.2854795416103202,0.3628901164090406,0.35163034198063914
at://did:plc:5onh7ko2ux7bjjesmbeayjel/app.bsky.feed.post/3mijsuhqq522u,28.0,HIGH,LOW,bagged_stump_ensemble,False,LOW,0.07939424714740408,0.8333185878814339,0.08728716497116204,HIGH,0.8592054677836286,0.06188898221456038,0.07890555000181086
at://did:plc:5oxhb7kh3o23mvqethjgyybt/app.bsky.feed.post/3mijsscifbs2k,0.0,LOW,LOW,bagged_stump_ensemble,True,LOW,0.06371281010561097,0.8563872922547491,0.07989989763964006,HIGH,0.3498412479925924,0.3096156302283581,0.34054312177904955
at://did:plc:5ozxafcbmfrzqslnizt5xjkq/app.bsky.feed.post/3mijsvkpwlk2g,0.0,LOW,LOW,bagged_stump_ensemble,True,LOW,0.04995259801633225,0.8802325688058135,0.06981483317785428,MEDIUM,0.24518328236465722,0.36349288755835996,0.39132383007698274
at://did:plc:5p2drxulv2uibfkboobta7qj/app.bsky.feed.post/3mijst4yykk2f,0.0,LOW,LOW,bagged_stump_ensemble,True,LOW,0.0689986366177379,0.8484443517342052,0.08255701164805694,LOW,0.24613219833116587,0.3780181227890887,0.37584967887974546
at://did:plc:5p6dvkv2oewtrk4tg6kjxvfz/app.bsky.feed.post/3mijsy55luc2w,0.0,LOW,LOW,bagged_stump_ensemble,True,LOW,0.08025432201748993,0.8319264252263256,0.08781925275618445,HIGH,0.5874920606074947,0.16804983735115173,0.24445810204135351
at://did:plc:5pffzikfm35mrdbwtik6vcu6/app.bsky.feed.post/3mijsyfwxrc2h,0.0,LOW,LOW,bagged_stump_ensemble,True,LOW,0.07403016132810898,0.8454923503115139,0.08047748836037703,HIGH,0.5415853375115999,0.2687252160639132,0.18968944642448693
at://did:plc:5po7rt7vvyuww6hhzjbnirlw/app.bsky.feed.post/3mijsr46kps25,0.0,LOW,LOW,bagged_stump_ensemble,True,LOW,0.06925153746737604,0.8477611635528307,0.08298729897979329,HIGH,0.41571871231700364,0.31168139339731427,0.2725998942856821
at://did:plc:5ps2utwaw5zmkcefzd4i6r5f/app.bsky.feed.post/3mijswqajjs2y,1.0,MEDIUM,LOW,bagged_stump_ensemble,False,LOW,0.07342267097088037,0.841869220349362,0.08470810867975766,MEDIUM,0.31342381962408844,0.3187689486195299,0.3678072317563816
at://did:plc:5pvcdg3acdpg54er3af2di7w/app.bsky.feed.post/3mijsqtedbz2v,0.0,LOW,LOW,bagged_stump_ensemble,True,LOW,0.058903333569018786,0.8649554640608345,0.07614120237014678,MEDIUM,0.31548356210595413,0.28855142598997463,0.39596501190407135
at://did:plc:5qkouwr5fln57hrpepvv532q/app.bsky.feed.post/3mijswcsk6m2h,0.0,LOW,LOW,bagged_stump_ensemble,True,LOW,0.05675808776326158,0.8680738878594998,0.07516802437723867,LOW,0.29463068292134925,0.5143216712373642,0.19104764584128664
at://did:plc:5qoa53iew2iimnvqgyu7vrpf/app.bsky.feed.post/3mijssu43ek2i,0.0,LOW,LOW,bagged_stump_ensemble,True,LOW,0.07979325455803382,0.8327774662129488,0.0874292792290174,MEDIUM,0.33003600347400763,0.2905331872741526,0.37943080925183975
at://did:plc:5qooqhsto7fco7b2eggddn4k/app.bsky.feed.post/3mijso2lcjy2k,0.0,LOW,LOW,bagged_stump_ensemble,True,LOW,0.05766085985820686,0.8673158127306387,0.07502332741115454,LOW,0.3245307842238296,0.3576771127023093,0.3177921030738612
at://did:plc:5qooqhsto7fco7b2eggddn4k/app.bsky.feed.post/3mijsojlatb2c,0.0,LOW,LOW,bagged_stump_ensemble,True,LOW,0.05783706585123203,0.8667463943309596,0.07541653981780838,MEDIUM,0.32707510568258014,0.3219709004647694,0.3509539938526505
at://did:plc:5qooqhsto7fco7b2eggddn4k/app.bsky.feed.post/3mijsqpgvvl2e,0.0,LOW,LOW,bagged_stump_ensemble,True,LOW,0.057777650212887395,0.8668723408494805,0.07535000893763218,MEDIUM,0.31828066629243734,0.3188304538272259,0.36288887988033663
at://did:plc:5qooqhsto7fco7b2eggddn4k/app.bsky.feed.post/3mijsuy7rin23,0.0,LOW,LOW,bagged_stump_ensemble,True,LOW,0.05773027741358856,0.8670401501291183,0.0752295724572933,LOW,0.3306883665771231,0.3627931046459182,0.3065185287769586
at://did:plc:5qooqhsto7fco7b2eggddn4k/app.bsky.feed.post/3mijswlz4eo25,0.0,LOW,LOW,bagged_stump_ensemble,True,LOW,0.05783706585123203,0.8667463943309596,0.07541653981780838,MEDIUM,0.3167902747588355,0.3188249425792564,0.36438478266190816
at://did:plc:5qooqhsto7fco7b2eggddn4k/app.bsky.feed.post/3mijsxcogcl2m,0.0,LOW,LOW,bagged_stump_ensemble,True,LOW,0.05766085985820686,0.8673158127306387,0.07502332741115454,LOW,0.33373768626923306,0.3449648184357932,0.3212974952949738
at://did:plc:5qooqhsto7fco7b2eggddn4k/app.bsky.feed.post/3mijsxo2lk22s,1.0,MEDIUM,LOW,bagged_stump_ensemble,False,LOW,0.05778969305193319,0.8669142036105973,0.07529610333746949,MEDIUM,0.313053862585654,0.32493096216784506,0.36201517524650095
at://did:plc:5qtwm2vwval3t5ucfcvniiiv/app.bsky.feed.post/3mijsr7zy3b2k,0.0,LOW,LOW,bagged_stump_ensemble,True,LOW,0.05762419365826406,0.8663313108470189,0.076044495494717,MEDIUM,0.35074091483311537,0.2720015775717684,0.37725750759511617
at://did:plc:5rghgs4bfadepdq6b7c2ankw/app.bsky.feed.post/3mijsva4wwk2t,0.0,LOW,LOW,bagged_stump_ensemble,True,LOW,0.0690137512455328,0.8524562305295279,0.07853001822493921,LOW,0.2499379231451111,0.4883813050679667,0.2616807717869222
at://did:plc:5rn2uzcjxx3cxnl3vihy3bpd/app.bsky.feed.post/3mijspilzdk2w,0.0,LOW,LOW,bagged_stump_ensemble,True,LOW,0.07360819771107134,0.8413080830031856,0.08508371928574318,MEDIUM,0.3591224346070077,0.25309973425265014,0.38777783114034214
at://did:plc:5ro3wx3wdipykmovaoohf2nh/app.bsky.feed.post/3mijsq5qgts2k,0.0,LOW,LOW,bagged_stump_ensemble,True,LOW,0.0789463857909399,0.8342204011022925,0.08683321310676768,HIGH,0.39639236134248845,0.2794468860538869,0.32416075260362465
at://did:plc:5ro3wx3wdipykmovaoohf2nh/app.bsky.feed.post/3mijstn4llc2k,0.0,LOW,LOW,bagged_stump_ensemble,True,LOW,0.07926921063953378,0.8337229077624488,0.08700788159801738,HIGH,0.46849911288237006,0.27524450853666704,0.25625637858096284
at://did:plc:5rzs4rsyho3ghnvhazydzl7m/app.bsky.feed.post/3mijswkgtwp2u,0.0,LOW,LOW,bagged_stump_ensemble,True,LOW,0.06494216281328541,0.8548541592653185,0.0802036779213962,LOW,0.030991887877000066,0.7355698701935512,0.2334382419294487
at://did:plc:5s65je2ngxn5wtz5y44rsmdv/app.bsky.feed.post/3mijsvo7c2s2s,1.0,MEDIUM,LOW,bagged_stump_ensemble,False,LOW,0.07699579380040739,0.837513794567894,0.08549041163169875,LOW,0.30931069097541414,0.43279847146061406,0.25789083756397185
at://did:plc:5sh7uozmmbraua7bsbtttkq2/app.bsky.feed.post/3mijsw6xl722r,1.0,MEDIUM,LOW,bagged_stump_ensemble,False,LOW,0.07910502565998107,0.8336945474793751,0.08720042686064386,HIGH,0.3512191001746489,0.3030252475412782,0.34575565228407296
at://did:plc:5si6sc6gjeoukcqdkd4k36ik/app.bsky.feed.post/3mijsxqziw22b,1.0,MEDIUM,LOW,bagged_stump_ensemble,False,LOW,0.07844930256092315,0.8346199981926271,0.08693069924644982,MEDIUM,0.35288703816998057,0.29170885094670856,0.3554041108833109
at://did:plc:5sxsnjwoon5wzm2b6udnxsz5/app.bsky.feed.post/3mijsqncyx22a,0.0,LOW,LOW,bagged_stump_ensemble,True,LOW,0.06879950534143925,0.8484009791544013,0.08279951550415954,MEDIUM,0.30661545592985845,0.325397776083722,0.36798676798641955
at://did:plc:5sz65vphipjfbvera2h7gn5r/app.bsky.feed.post/3mijso6waoc25,0.0,LOW,LOW,bagged_stump_ensemble,True,LOW,0.06746952951775403,0.8501507907091734,0.0823796797730726,MEDIUM,0.34638731925275756,0.26192108798940106,0.3916915927578414
at://did:plc:5szfg3pajzr63aopxzvdwkvx/app.bsky.feed.post/3mijspnhykc2s,0.0,LOW,LOW,bagged_stump_ensemble,True,LOW,0.08014753357984647,0.8322201810244841,0.08763228539566938,HIGH,0.38572855468596545,0.3037549598482518,0.3105164854657827
at://did:plc:5t26xxvyp27zd5zp4truvcfl/app.bsky.feed.post/3mijstkzny22a,0.0,LOW,LOW,bagged_stump_ensemble,True,LOW,0.07328978572408382,0.8426513625720733,0.08405885170384295,HIGH,0.36327037244334115,0.2946969437975829,0.34203268375907603
at://did:plc:5t3ho7n6echojnpnlvxvuicx/app.bsky.feed.post/3mijsxowei22i,4.0,HIGH,LOW,bagged_stump_ensemble,False,LOW,0.07875172004472561,0.8343239372145981,0.08692434274067642,HIGH,0.4291258247427573,0.3076488664871045,0.2632253087701382
at://did:plc:5t3k7nbopcgtcn4ypc7v25hl/app.bsky.feed.post/3mijspkrsqc2l,0.0,LOW,LOW,bagged_stump_ensemble,True,LOW,0.0600731460303935,0.8649753963834457,0.07495145758616081,LOW,0.28884964437792665,0.3978353884260813,0.31331496719599217
at://did:plc:5t3ms4bgtrpllgoggcctps6u/app.bsky.feed.post/3mijsrqht3s2q,0.0,LOW,LOW,bagged_stump_ensemble,True,LOW,0.06852955347271418,0.8504465001291143,0.08102394639817162,LOW,0.07306488974715038,0.6532589409037812,0.27367616934906835
at://did:plc:5tai63wmmfstugt7soihadra/app.bsky.feed.post/3mijspptdok2a,0.0,LOW,LOW,bagged_stump_ensemble,True,LOW,0.06688235095645158,0.8514370225234522,0.08168062652009621,MEDIUM,0.3493912374557895,0.26277775836476075,0.3878310041794497
at://did:plc:5tfoj3idw6dbhpwgv35fgk4r/app.bsky.feed.post/3mijso7cvx22z,0.0,LOW,LOW,bagged_stump_ensemble,True,LOW,0.07522742792380183,0.8388731149177185,0.08589945715847964,HIGH,0.39288196760680205,0.25969005832565567,0.3474279740675423
at://did:plc:5tfoj3idw6dbhpwgv35fgk4r/app.bsky.feed.post/3mijsvkvuzc2z,0.0,LOW,LOW,bagged_stump_ensemble,True,LOW,0.07522742792380183,0.8388731149177185,0.08589945715847964,MEDIUM,0.3210363212397482,0.262654369437394,0.4163093093228578
at://did:plc:5ty5jgdhtxtafms6ukjosu4q/app.bsky.feed.post/3mijssi6ncs2z,0.0,LOW,LOW,bagged_stump_ensemble,True,LOW,0.06634176094597512,0.8578204640581183,0.07583777499590653,LOW,0.12408055995393741,0.7026642133743534,0.17325522667170912
at://did:plc:5u6esbvi6tq2fpafzo4akgxr/app.bsky.feed.post/3mijsx2vxcs2a,0.0,LOW,LOW,bagged_stump_ensemble,True,LOW,0.057001130603656136,0.8711604147944155,0.07183845460192825,LOW,0.16537177311679538,0.6286816720639803,0.2059465548192243
at://did:plc:5u7cwsu5o6agz2cdy2mt5fz2/app.bsky.feed.post/3mijsxmixw22e,0.0,LOW,LOW,bagged_stump_ensemble,True,LOW,0.06166314376409487,0.8630052077226624,0.07533164851324263,LOW,0.22720353224488188,0.4148954611742536,0.3579010065808646
at://did:plc:5uaq5d2u4if3vyqdpzndcv3o/app.bsky.feed.post/3mijstfdktc2g,0.0,LOW,LOW,bagged_stump_ensemble,True,LOW,0.08011500481265166,0.8323108438197457,0.08757415136760248,HIGH,0.36214206279175054,0.3006806762914246,0.33717726091682476
at://did:plc:5ujmqhze2on23plw5g3a46z7/app.bsky.feed.post/3mijsr2mozc2o,0.0,LOW,LOW,bagged_stump_ensemble,True,LOW,0.055570102761508276,0.8688795480770861,0.07555034916140556,LOW,0.2357224536005546,0.38395017875704635,0.38032736764239905
at://did:plc:5ulliq37y6wugprgidqyern5/app.bsky.feed.post/3mijsrtqw2a27,0.0,LOW,LOW,bagged_stump_ensemble,True,LOW,0.05663195769375458,0.8685465046196299,0.07482153768661556,LOW,0.04472243505534416,0.6525698628848596,0.30270770205979625
at://did:plc:5uqe54x44vsngrp6plsfdyb6/app.bsky.feed.post/3mijsxeh7uk2n,0.0,LOW,LOW,bagged_stump_ensemble,True,LOW,0.05484377121748753,0.8715578219486672,0.07359840683384535,LOW,0.2720237589021561,0.40047221676947053,0.32750402432837344
at://did:plc:5v2mhmss6ji2xtj24yjvnxhz/app.bsky.feed.post/3mijsobfvis2s,0.0,LOW,LOW,bagged_stump_ensemble,True,LOW,0.061398783732781036,0.8610013522573369,0.07759986400988196,HIGH,0.3728115181935098,0.2572500753586723,0.3699384064478179
at://did:plc:5v6xp7gro62rz2rodzejeokw/app.bsky.feed.post/3mijssd5h4c2i,0.0,LOW,LOW,bagged_stump_ensemble,True,LOW,0.07964748730072155,0.8334209544094638,0.08693155828981454,LOW,0.29153331431054613,0.3844323161242943,0.3240343695651595
at://did:plc:5vk7sk2nmm4cqx4er2gniy6w/app.bsky.feed.post/3mijspa6uzs2f,0.0,LOW,LOW,bagged_stump_ensemble,True,LOW,0.07762516206111404,0.8366652679844295,0.08570956995445649,HIGH,0.38908663218789563,0.3692953557901526,0.2416180120219518
at://did:plc:5vojbqatwvwsfz4kq2mmi5zr/app.bsky.feed.post/3mijsvf42q22o,0.0,LOW,LOW,bagged_stump_ensemble,True,LOW,0.04830619205771199,0.8851048725495088,0.06658893539277923,LOW,0.1509808773587768,0.5734760828368488,0.2755430398043744
at://did:plc:5vw4wmai6jlgjm24eak2bjn7/app.bsky.feed.post/3mijst3ncvd2m,0.0,LOW,LOW,bagged_stump_ensemble,True,LOW,0.06999487757294734,0.8489547014081351,0.08105042101891757,MEDIUM,0.32587600903440145,0.26507933311873666,0.40904465784686195
at://did:plc:5w35ambvpff36wvzajtm7gnk/app.bsky.feed.post/3mijss5tvdc2s,0.0,LOW,LOW,bagged_stump_ensemble,True,LOW,0.06897515633346589,0.8478889525902812,0.08313589107625297,MEDIUM,0.344561976151546,0.2819823927740311,0.3734556310744229
at://did:plc:5w35ambvpff36wvzajtm7gnk/app.bsky.feed.post/3mijsyarksc2s,0.0,LOW,LOW,bagged_stump_ensemble,True,LOW,0.07027145439346444,0.8431676688394633,0.08656087676707225,MEDIUM,0.32421585188806246,0.21456859372760526,0.4612155543843323
at://did:plc:5wdgymn4yqvuijqmivbpq6yq/app.bsky.feed.post/3mijswmp3nk2v,4.0,HIGH,LOW,bagged_stump_ensemble,False,LOW,0.0811830420564807,0.8281989155713222,0.09061804237219709,MEDIUM,0.32307643303174777,0.21310354412905755,0.4638200228391946
at://did:plc:5xdewfydb7lywdjrqrpztz6w/app.bsky.feed.post/3mijsuc4lic2z,0.0,LOW,LOW,bagged_stump_ensemble,True,LOW,0.07319245819115192,0.8473182965055375,0.07948924530331059,LOW,0.220503639343991,0.5244749701999846,0.25502139045602445
at://did:plc:5xnopijwdc5l7jfmjfkvot33/app.bsky.feed.post/3mijsw53ajs2i,0.0,LOW,LOW,bagged_stump_ensemble,True,LOW,0.0747784774305429,0.8380311732815346,0.0871903492879224,MEDIUM,0.3191994557292128,0.22204061203781283,0.45875993223297434
at://did:plc:5xvsv7jnxrmfgbjfs4gd4cde/app.bsky.feed.post/3mijssr2xx22e,0.0,LOW,LOW,bagged_stump_ensemble,True,LOW,0.07809267957304417,0.8355551573947115,0.08635216303224443,LOW,0.2804969421561951,0.380894090257463,0.33860896758634185
at://did:plc:5ycnzzqi7sbnrxcezb3yliua/app.bsky.feed.post/3mijsrffyt227,0.0,LOW,LOW,bagged_stump_ensemble,True,LOW,0.07448283528774403,0.8401574343902081,0.08535973032204795,MEDIUM,0.3174585186626137,0.30651208303089567,0.37602939830649057
at://did:plc:5ydaimsrmmp72krjgwoyrbzh/app.bsky.feed.post/3mijsy35wqs2j,0.0,LOW,LOW,bagged_stump_ensemble,True,LOW,0.06854322528940152,0.8488050811545186,0.08265169355607996,MEDIUM,0.3443691994372575,0.2686843321720662,0.3869464683906762
at://did:plc:5yhrth4uwbgsxub42355w5ah/app.bsky.feed.post/3mijsykazqc2v,0.0,LOW,LOW,bagged_stump_ensemble,True,LOW,0.06492088635102333,0.8539067669754269,0.08117234667354976,HIGH,0.4862547614757576,0.26530292031885794,0.24844231820538445
at://did:plc:5yirf534tghzes4o7o7gcvp4/app.bsky.feed.post/3mijspefybk22,0.0,LOW,LOW,bagged_stump_ensemble,True,LOW,0.0482306345005251,0.8859269160991257,0.06584244940034917,LOW,0.1819200394065107,0.6581477256343707,0.15993223495911868
at://did:plc:5yisty2vdztspriyhp7pqaf4/app.bsky.feed.post/3mijspnig7s2k,0.0,LOW,LOW,bagged_stump_ensemble,True,LOW,0.057060546242000784,0.8710344682758947,0.07190498548210447,LOW,0.1986633608797257,0.6032684423943301,0.19806819672594417
at://did:plc:5ylczffgrxx6cug5pdsa5jzf/app.bsky.feed.post/3mijsu3vnbk24,0.0,LOW,LOW,bagged_stump_ensemble,True,LOW,0.07941875264159155,0.8336422028582247,0.08693904450018386,LOW,0.2814375323952609,0.3833939062171129,0.33516856138762624
at://did:plc:5ylczffgrxx6cug5pdsa5jzf/app.bsky.feed.post/3mijsvr7qy224,0.0,LOW,LOW,bagged_stump_ensemble,True,LOW,0.07988627015352168,0.8325320922685066,0.08758163757797181,MEDIUM,0.34861330433101945,0.29005072634358187,0.36133596932539874
at://did:plc:5yo3qgzykkubzf6ip5eb4qul/app.bsky.feed.post/3mijsnx4rbk26,0.0,LOW,LOW,bagged_stump_ensemble,True,LOW,0.059659356267999904,0.8669711009679267,0.07336954276407347,LOW,0.1847458199734113,0.613530797108354,0.20172338291823472
at://did:plc:5ytvbokq75ahkdkbnofm55t4/app.bsky.feed.post/3mijsp4laffg2,0.0,LOW,LOW,bagged_stump_ensemble,True,LOW,0.057169006445004916,0.8672262902330137,0.0756047033219814,LOW,0.25707836056298106,0.3787472447389865,0.36417439469803226
at://did:plc:5z57j2pn4rh5qpusafsx4kg6/app.bsky.feed.post/3mijswfqhms2v,0.0,LOW,LOW,bagged_stump_ensemble,True,LOW,0.06901972793970648,0.8478401525561364,0.08314011950415719,MEDIUM,0.3652366054999688,0.23587947535903486,0.3988839191409963
at://did:plc:5zow3wb27mgwoalos3lptfzk/app.bsky.feed.post/3mijsseri5k2n,0.0,LOW,LOW,bagged_stump_ensemble,True,LOW,0.05857881512432454,0.8648441084975356,0.07657707637813999,MEDIUM,0.3474831039035453,0.2947251375527944,0.3577917585436603
at://did:plc:5zpfbv6bahpac6xgbp3uj657/app.bsky.feed.post/3mijstw5av22p,4.0,HIGH,LOW,bagged_stump_ensemble,False,LOW,0.08053662558385612,0.8309131742280188,0.0885502001881251,HIGH,0.40395698571080696,0.22867981925833844,0.36736319503085463
at://did:plc:5ztghxmkf7edho2o5uigedzm/app.bsky.feed.post/3mijstj467c2u,1.0,MEDIUM,LOW,bagged_stump_ensemble,False,LOW,0.049666597604769505,0.8824015317128877,0.06793187068234284,LOW,0.19708939180457763,0.5482805733431396,0.2546300348522827
at://did:plc:5ztghxmkf7edho2o5uigedzm/app.bsky.feed.post/3mijsw57p4c2u,0.0,LOW,LOW,bagged_stump_ensemble,True,LOW,0.049834948475617175,0.8818501031781149,0.06831494834626807,LOW,0.1919512830853216,0.5540631868427035,0.253985530071975
at://did:plc:5zww7zorx2ajw7hqrhuix3ba/app.bsky.feed.post/3mijsnqvjjn2k,0.0,LOW,LOW,bagged_stump_ensemble,True,LOW,0.06510426927589012,0.8568800806436286,0.07801565008048118,LOW,0.01903248392086775,0.7613983250505706,0.2195691910285618
at://did:plc:622hzoligei6g74y5olrlqlt/app.bsky.feed.post/3mijsq7vd732o,0.0,LOW,LOW,bagged_stump_ensemble,True,LOW,0.051487828740766066,0.8807499620875656,0.06776220917166825,LOW,0.2257958351908691,0.4834090692503117,0.29079509555881927
at://did:plc:623m2zlmr5c7oz44xxhfkkkz/app.bsky.feed.post/3mijsrecxq22x,0.0,LOW,LOW,bagged_stump_ensemble,True,LOW,0.06780383940786232,0.8496564782661818,0.0825396823259559,HIGH,0.37327819894068504,0.27789270543438044,0.3488290956249345
at://did:plc:6264orsc62ajdkngmu3rlo4q/app.bsky.feed.post/3mijsqgpq7c2k,0.0,LOW,LOW,bagged_stump_ensemble,True,LOW,0.07979325455803382,0.8327774662129488,0.0874292792290174,HIGH,0.4366456565899867,0.26789330782720744,0.29546103558280584
at://did:plc:62a6obfah7ronoiapqzu2kyi/app.bsky.feed.post/3mijsplhtss2z,0.0,LOW,LOW,bagged_stump_ensemble,True,LOW,0.07391245930858022,0.8415639490089025,0.08452359168251722,MEDIUM,0.3473655927015345,0.25419166491134637,0.39844274238711913
at://did:plc:62e5xnligy6ax66qxtv2bhxo/app.bsky.feed.post/3mijsuygafk2a,0.0,LOW,LOW,bagged_stump_ensemble,True,LOW,0.07605487968099572,0.8382899415802546,0.08565517873874974,LOW,0.2914662286056529,0.36961013368672585,0.3389236377076213
at://did:plc:62gdkmpwa7xme36getyqnem3/app.bsky.feed.post/3mijswzdow22r,0.0,LOW,LOW,bagged_stump_ensemble,True,LOW,0.0802069492181911,0.8320942345059633,0.08769881627584558,HIGH,0.9993767758573728,0.00028294032987147727,0.000340283812755566
at://did:plc:62gdkmpwa7xme36getyqnem3/app.bsky.feed.post/3mijsxtseo22r,0.0,LOW,LOW,bagged_stump_ensemble,True,LOW,0.08014753357984647,0.8322201810244841,0.08763228539566938,HIGH,0.9991843955902584,0.0004113977135876383,0.0004042066961540214
at://did:plc:62gugryhdde6teorls3tfi2w/app.bsky.feed.post/3mijsr4qyks2m,0.0,LOW,LOW,bagged_stump_ensemble,True,LOW,0.07906045405374044,0.83374334751352,0.08719619843273964,MEDIUM,0.30669381712145016,0.2845842365376095,0.40872194634094033
at://did:plc:62lgccdifewr52oppjxiyxp3/app.bsky.feed.post/3mijspxgfys2u,0.0,LOW,LOW,bagged_stump_ensemble,True,LOW,0.06382474379786153,0.8559081711601119,0.08026708504202658,MEDIUM,0.35364548278357266,0.28236439815036785,0.3639901190660595
at://did:plc:62m77u7pab733rtsk2zwmpkj/app.bsky.feed.post/3mijsuwgyxk2l,2.0,HIGH,LOW,bagged_stump_ensemble,False,LOW,0.06428450687977598,0.8556174911150949,0.08009800200512913,HIGH,0.38858343836460674,0.2964346542549784,0.3149819073804148
at://did:plc:62oxzbapptn46qxhshyq3lln/app.bsky.feed.post/3mijsqemmqk25,0.0,LOW,LOW,bagged_stump_ensemble,True,LOW,0.07440830194181404,0.8400992587021571,0.085492439356029,MEDIUM,0.32125347071817506,0.2790444654464434,0.3997020638353815
at://did:plc:62oxzbapptn46qxhshyq3lln/app.bsky.feed.post/3mijswkx2ok25,0.0,LOW,LOW,bagged_stump_ensemble,True,LOW,0.07442034478085983,0.8401411214632739,0.08543853375586632,HIGH,0.37514608705739694,0.25343320762593563,0.3714207053166675
at://did:plc:62pwcmm2p7r22pb5nuhi3d5h/app.bsky.feed.post/3mijsxhnbik2d,1.0,MEDIUM,LOW,bagged_stump_ensemble,False,LOW,0.07488083819930022,0.8406149183051599,0.08450424349553994,HIGH,0.3548942461262174,0.340381369011219,0.3047243848625636
at://did:plc:62s5tmz22pf75xqn2dgramsx/app.bsky.feed.post/3mijsqh6jtk2m,0.0,LOW,LOW,bagged_stump_ensemble,True,LOW,0.06371281010561097,0.8563872922547491,0.07989989763964006,MEDIUM,0.3085903630190592,0.3234892844483302,0.3679203525326107
at://did:plc:62weclmkohkcmrqdboiufcb4/app.bsky.feed.post/3mijswcjwes2i,1.0,MEDIUM,LOW,bagged_stump_ensemble,False,LOW,0.05718312635175908,0.8673314595935993,0.07548541405464174,MEDIUM,0.3191523570841335,0.28091126899821517,0.3999363739176513
at://did:plc:637metpt56h3eqoxutpd4pk3/app.bsky.feed.post/3mijsqtrq6k2f,0.0,LOW,LOW,bagged_stump_ensemble,True,LOW,0.059411330897778794,0.8657397748229936,0.07484889427922765,HIGH,0.3849687891538692,0.2740949765136081,0.3409362343325227
at://did:plc:63abzxox5bh3e6ucy5idhzdk/app.bsky.feed.post/3mijsu2kfic2r,0.0,LOW,LOW,bagged_stump_ensemble,True,LOW,0.06591981147596888,0.851751827522647,0.08232836100138405,MEDIUM,0.34900559074322446,0.2234586138525905,0.4275357954041851
at://did:plc:63ao5cfep7byfivsh36p7yna/app.bsky.feed.post/3mijsue5tes2j,2.0,HIGH,LOW,bagged_stump_ensemble,False,LOW,0.07933400599467186,0.8308838967362094,0.08978209726911865,HIGH,0.43483876763014634,0.16155875699363792,0.40360247537621574
at://did:plc:63jna5exrdbkm7kfv3edvsbi/app.bsky.feed.post/3mijswjkc2s2s,0.0,LOW,LOW,bagged_stump_ensemble,True,LOW,0.07918404448001644,0.8344576397178557,0.0863583158021279,MEDIUM,0.3197781787460369,0.33159288055547864,0.3486289406984845
at://did:plc:63jna5exrdbkm7kfv3edvsbi/app.bsky.feed.post/3mijsyaevjk2s,0.0,LOW,LOW,bagged_stump_ensemble,True,LOW,0.0792853690857542,0.8342002937585775,0.08651433715566832,HIGH,0.4133731269307858,0.28587618026750833,0.30075069280170585
at://did:plc:63jxmavhdkxhzutx3pzxxutv/app.bsky.feed.post/3mijsob6ec22a,0.0,LOW,LOW,bagged_stump_ensemble,True,LOW,0.07348292680934683,0.8423667575487641,0.08415031564188911,MEDIUM,0.32100343049998376,0.2837500455152033,0.3952465239848129
at://did:plc:63uzyatbshs4nsp22g4gmmdj/app.bsky.feed.post/3mijssr35sk2h,0.0,LOW,LOW,bagged_stump_ensemble,True,LOW,0.08011500481265166,0.8323108438197457,0.08757415136760248,MEDIUM,0.2987100566595762,0.2873205504739775,0.41396939286644646
at://did:plc:642mplwyds42ubly3n336m5t/app.bsky.feed.post/3mijsp3ti3s26,0.0,LOW,LOW,bagged_stump_ensemble,True,LOW,0.07944161994670292,0.8331507786017961,0.08740760145150092,HIGH,0.3756578010049338,0.2722673913396817,0.35207480765538446
at://did:plc:642mplwyds42ubly3n336m5t/app.bsky.feed.post/3mijsp3ukbk26,0.0,LOW,LOW,bagged_stump_ensemble,True,LOW,0.07999112113734894,0.8311042697711661,0.08890460909148495,HIGH,0.38298568215997614,0.24550931959794287,0.371504998242081
at://did:plc:64bls45igsu34wvitqoemjnu/app.bsky.feed.post/3mijsqlos2c2d,0.0,LOW,LOW,bagged_stump_ensemble,True,LOW,0.058009740991501524,0.868581162028544,0.07340909697995437,LOW,0.23999619762357044,0.4488766046719695,0.31112719770446007
at://did:plc:64f7vvwuxubd64kvtg6eqn2g/app.bsky.feed.post/3mijsx4ffuk25,1.0,MEDIUM,LOW,bagged_stump_ensemble,False,LOW,0.06955143644681379,0.8456382281730045,0.08481033538018166,MEDIUM,0.30898977205630296,0.25929982102441573,0.43171040691928125
at://did:plc:64ulvxuttqxk4iyef253bg42/app.bsky.feed.post/3mijsobgkyc23,0.0,LOW,LOW,bagged_stump_ensemble,True,LOW,0.08025432201748993,0.8319264252263256,0.08781925275618445,MEDIUM,0.35266556646684527,0.2628108137671813,0.3845236197659734
at://did:plc:65bmxqdcbzznhqrbq55nddl3/app.bsky.feed.post/3mijsxhl73k2l,0.0,LOW,LOW,bagged_stump_ensemble,True,LOW,0.08011500481265166,0.8323108438197457,0.08757415136760248,HIGH,0.39425219498784636,0.25963127588228974,0.34611652912986374
at://did:plc:65c3nz3u3pthf32p52rper6j/app.bsky.feed.post/3mijswudosc25,0.0,LOW,LOW,bagged_stump_ensemble,True,LOW,0.05109828286721639,0.8805129660853673,0.06838875104741628,LOW,0.23459987691441403,0.463487698598312,0.30191242448727407
at://did:plc:65fzmog3qq5ubyicufmfhqv3/app.bsky.feed.post/3mijstk2tnk2d,0.0,LOW,LOW,bagged_stump_ensemble,True,LOW,0.060860697863430895,0.8650701769246656,0.07406912521190355,LOW,0.20821901552929203,0.444378570153423,0.3474024143172849
at://did:plc:65rchwpcejonnbhmrcid7mvo/app.bsky.feed.post/3mijsxhc2su2q,0.0,LOW,LOW,bagged_stump_ensemble,True,LOW,0.05142312681224565,0.8795674101457704,0.06900946304198377,LOW,0.2650489386435599,0.4062790392538631,0.32867202210257696
at://did:plc:65sfrqo7atzdlinlfxfrzrll/app.bsky.feed.post/3mijso74fws2a,0.0,LOW,LOW,bagged_stump_ensemble,True,LOW,0.05534172075749791,0.8697472097218635,0.07491106952063864,MEDIUM,0.3186290542307362,0.30403712384598314,0.3773338219232807
at://did:plc:65sp5xy72y5u7r5ypgjrgwnk/app.bsky.feed.post/3mijsrnvp5s2w,0.0,LOW,LOW,bagged_stump_ensemble,True,LOW,0.07966714345618749,0.8332126570406044,0.08712019950320811,MEDIUM,0.34354549106653687,0.2844744464838788,0.3719800624495844
at://did:plc:65uwahapoda2b6j3u3zimxmr/app.bsky.feed.post/3mijsvirofk26,0.0,LOW,LOW,bagged_stump_ensemble,True,LOW,0.04863519221085726,0.8850797581008397,0.06628504968830301,LOW,0.14885669252424502,0.6056046072222947,0.2455387002534603
at://did:plc:65vqgm5jzd4q74sqjma4dhok/app.bsky.feed.post/3mijspzkliv2k,0.0,LOW,LOW,bagged_stump_ensemble,True,LOW,0.0500247853147718,0.8818677143414912,0.06810750034373697,LOW,0.009045307272539304,0.891190005123082,0.09976468760437857
at://did:plc:667xlshnh2sz2bqneqmmeylj/app.bsky.feed.post/3mijsozk4gs2x,0.0,LOW,LOW,bagged_stump_ensemble,True,LOW,0.0648997357906976,0.8538435159357488,0.0812567482735537,MEDIUM,0.3385520149961655,0.2408429642322598,0.4206050207715748
at://did:plc:66cogdy4vvhe3b7nbnuato77/app.bsky.feed.post/3mijsoxdv422x,0.0,LOW,LOW,bagged_stump_ensemble,True,LOW,0.055607645704428735,0.8731743816414482,0.07121797265412307,LOW,0.016323833142183077,0.7891644910403166,0.19451167581750026
at://did:plc:66cogdy4vvhe3b7nbnuato77/app.bsky.feed.post/3mijsqsgm2a2h,0.0,LOW,LOW,bagged_stump_ensemble,True,LOW,0.055607645704428735,0.8731743816414482,0.07121797265412307,LOW,0.016323833142183077,0.7891644910403166,0.19451167581750026
at://did:plc:66cogdy4vvhe3b7nbnuato77/app.bsky.feed.post/3mijsuhzuw32a,1.0,MEDIUM,LOW,bagged_stump_ensemble,False,LOW,0.055607645704428735,0.8731743816414482,0.07121797265412307,LOW,0.016323833142183077,0.7891644910403166,0.19451167581750026
at://did:plc:66cogdy4vvhe3b7nbnuato77/app.bsky.feed.post/3mijswcqnz32a,1.0,MEDIUM,LOW,bagged_stump_ensemble,False,LOW,0.055607645704428735,0.8731743816414482,0.07121797265412307,LOW,0.016323833142183077,0.7891644910403166,0.19451167581750026
at://did:plc:66h5jdwnbpdb2warpptngzzy/app.bsky.feed.post/3mijssmzq7c2h,0.0,LOW,LOW,bagged_stump_ensemble,True,LOW,0.07709217128067082,0.8379917932689832,0.08491603545034594,LOW,0.3143525601100796,0.4473080358722906,0.23833940401762957
at://did:plc:66iawyzk7zxfptts7ilmzct4/app.bsky.feed.post/3mijsxxoyx22g,0.0,LOW,LOW,bagged_stump_ensemble,True,LOW,0.04865704739513617,0.8845681530730427,0.066774799531821,LOW,0.2231103821050691,0.4460755099974866,0.3308141078974443
at://did:plc:66ijuywjzxmk7acqbthwygtv/app.bsky.feed.post/3mijstmvb7c2r,0.0,LOW,LOW,bagged_stump_ensemble,True,LOW,0.05603915373557579,0.8699510949581533,0.07400975130627097,LOW,0.2556932730996456,0.4124060257704405,0.3319007011299139
at://did:plc:66ijuywjzxmk7acqbthwygtv/app.bsky.feed.post/3mijsy7yg4c2r,0.0,LOW,LOW,bagged_stump_ensemble,True,LOW,0.05603915373557579,0.8699510949581533,0.07400975130627097,LOW,0.26444615465008786,0.4082418167373724,0.32731202861253966
at://did:plc:66tzpvisij6hdvjcx5f52l7l/app.bsky.feed.post/3mijspdvfys2x,0.0,LOW,LOW,bagged_stump_ensemble,True,LOW,0.05180163407814112,0.8775475876409261,0.07065077828093275,MEDIUM,0.2503242491671169,0.36616366569795955,0.3835120851349235
at://did:plc:66wiiqomt55c2rkbtkvk5elz/app.bsky.feed.post/3mijso6gvhk2f,0.0,LOW,LOW,bagged_stump_ensemble,True,LOW,0.06776653299307511,0.8481338484795008,0.08409961852742416,MEDIUM,0.3370345271020138,0.22101727342044777,0.44194819947753844
at://did:plc:67pbvtkh6atow3h56mdk7wgh/app.bsky.feed.post/3mijsukyv5c2p,0.0,LOW,LOW,bagged_stump_ensemble,True,LOW,0.05992413580853114,0.8656967453003229,0.07437911889114587,LOW,0.22963762778839641,0.544548950010535,0.22581342220106856
at://did:plc:67r5bhsqohppy3gnnqo4p5zd/app.bsky.feed.post/3mijssfu2i522,0.0,LOW,LOW,bagged_stump_ensemble,True,LOW,0.07823586206779781,0.8353870082383268,0.08637712969387544,LOW,0.2479947853356269,0.39277310421892053,0.3592321104454525
at://did:plc:67tmdqcktgi76ldkvp6e3erw/app.bsky.feed.post/3mijsyfnc722e,0.0,LOW,LOW,bagged_stump_ensemble,True,LOW,0.06494375239593968,0.8538521077371629,0.08120413986689752,MEDIUM,0.3455473548383349,0.24989725950276687,0.40455538565889815
at://did:plc:6aafkfna3mg3uabnesxwsclp/app.bsky.feed.post/3mijsrciags2o,0.0,LOW,LOW,bagged_stump_ensemble,True,LOW,0.04982074873018702,0.8837611848898078,0.06641806638000515,LOW,0.024743231567530184,0.787081062693045,0.18817570573942488
at://did:plc:6afk6cwtsycnbkymgow7ubb5/app.bsky.feed.post/3mijsykiwo22d,0.0,LOW,LOW,bagged_stump_ensemble,True,LOW,0.06908859316750879,0.8505235828159996,0.08038782401649164,MEDIUM,0.36221819094565677,0.2748490296521487,0.36293277940219454
at://did:plc:6afvbatbhakii7qb5zfpyncv/app.bsky.feed.post/3mijssa4qnk2s,0.0,LOW,LOW,bagged_stump_ensemble,True,LOW,0.06331683702995063,0.8581440447895192,0.07853911818053022,MEDIUM,0.2902201515256711,0.2948611273324881,0.41491872114184075
at://did:plc:6ambolgwn7wghojmydeo4yjh/app.bsky.feed.post/3mijsopq6k22w,0.0,LOW,LOW,bagged_stump_ensemble,True,LOW,0.07960711934037204,0.8337336713653746,0.08665920929425341,HIGH,0.3566885239472891,0.29295002819414984,0.35036144785856105
at://did:plc:6ambolgwn7wghojmydeo4yjh/app.bsky.feed.post/3mijsxvtnjs2w,0.0,LOW,LOW,bagged_stump_ensemble,True,LOW,0.08030284008374906,0.8310375239575564,0.0886596359586945,MEDIUM,0.3728149170226836,0.23177003137555163,0.3954150516017647
at://did:plc:6aqpawx7s7npelfruizmyi2q/app.bsky.feed.post/3mijsqx3tos2c,0.0,LOW,LOW,bagged_stump_ensemble,True,LOW,0.06384082332910229,0.8611807541934314,0.07497842247746639,LOW,0.11622548935232191,0.7136983179072414,0.1700761927404367
at://did:plc:6aqpwq37crv3w5iec6x74gf4/app.bsky.feed.post/3mijsxwvub22k,0.0,LOW,LOW,bagged_stump_ensemble,True,LOW,0.0783898869225785,0.8347459447111478,0.08686416836627361,MEDIUM,0.27483372535861583,0.2739321286297233,0.45123414601166073
at://did:plc:6bazke6lmaisw2onk47k4ito/app.bsky.feed.post/3mijsrxanx323,0.0,LOW,LOW,bagged_stump_ensemble,True,LOW,0.05793129860676295,0.8686301053338662,0.07343859605937093,LOW,0.1740333097308507,0.5091777916915775,0.3167888985775718
at://did:plc:6bazke6lmaisw2onk47k4ito/app.bsky.feed.post/3mijsvxfbnu2d,0.0,LOW,LOW,bagged_stump_ensemble,True,LOW,0.057990714245107586,0.8685041588153453,0.07350512693954712,LOW,0.19186643877131263,0.5027494712101415,0.30538409001854605
at://did:plc:6bgdttlztwcw4gmuokcz4dxu/app.bsky.feed.post/3mijstoywak2i,0.0,LOW,LOW,bagged_stump_ensemble,True,LOW,0.06298866002676602,0.8584153278500168,0.07859601212321728,MEDIUM,0.2863387667383345,0.29954220174158064,0.4141190315200848
at://did:plc:6bm7e3x5rseexv74yhbbdr4v/app.bsky.feed.post/3mijssal7bk2b,0.0,LOW,LOW,bagged_stump_ensemble,True,LOW,0.06038353483842254,0.8655930701374941,0.07402339502408334,LOW,0.2809910252379509,0.5051873095365838,0.21382166522546547
at://did:plc:6bovybha7apb5lhpgc6ybiww/app.bsky.feed.post/3mijsocsuxc22,0.0,LOW,LOW,bagged_stump_ensemble,True,LOW,0.0590597543401716,0.8667472357376151,0.07419300992221319,LOW,0.1545920152403068,0.5324756033824107,0.3129323813772826
at://did:plc:6bri7ab65vbxbwcdmyb4u4zx/app.bsky.feed.post/3mijsrrzykk2o,0.0,LOW,LOW,bagged_stump_ensemble,True,LOW,0.06616159329120398,0.8524447665851402,0.08139364012365577,HIGH,0.39191489095192883,0.22890757411004886,0.37917753493802236
at://did:plc:6cfxze5dgazqujzi5xngmb46/app.bsky.feed.post/3mijst23r5s2t,0.0,LOW,LOW,bagged_stump_ensemble,True,LOW,0.05021984130055992,0.882321787352812,0.067458371346628,LOW,0.19079089268493474,0.5504937196195419,0.2587153876955235
at://did:plc:6cl6q64hmzc66vsnulyvx7k3/app.bsky.feed.post/3mijsrymsnk2h,0.0,LOW,LOW,bagged_stump_ensemble,True,LOW,0.05686286940825338,0.8716360632422769,0.07150106734946979,LOW,0.16877292019149007,0.6519181575857174,0.17930892222279257
at://did:plc:6ctqaofibw75kr54cqb4b3bp/app.bsky.feed.post/3mijspfofak2o,0.0,LOW,LOW,bagged_stump_ensemble,True,LOW,0.06387211659716037,0.8557403618804742,0.08038752152236547,MEDIUM,0.3580350633637638,0.25208215004934675,0.3898827865868895
at://did:plc:6cuhyh72wwthjmwrcnob5b62/app.bsky.feed.post/3mijsqekyyc2i,0.0,LOW,LOW,bagged_stump_ensemble,True,LOW,0.07702675732135711,0.8371802005548988,0.08579304212374404,HIGH,0.36176658023612085,0.3035774050676575,0.33465601469622175
at://did:plc:6d3wdvrx7eth5bu5jiubgt54/app.bsky.feed.post/3mijssu5ai22g,2.0,HIGH,LOW,bagged_stump_ensemble,False,LOW,0.056071499853122465,0.8697698827759724,0.07415861737090514,LOW,0.27390757696827506,0.3985177438113551,0.32757467922036987
at://did:plc:6di2t4e55cfrkesqx44x2vkt/app.bsky.feed.post/3mijspbxgm22k,0.0,LOW,LOW,bagged_stump_ensemble,True,LOW,0.06716275665523755,0.8506133865735364,0.08222385677122615,MEDIUM,0.3221951520416123,0.27339440860924547,0.40441043934914217
at://did:plc:6dm4lqug6we3kzghs4pajfxx/app.bsky.feed.post/3mijswmyigk22,0.0,LOW,LOW,bagged_stump_ensemble,True,LOW,0.05775748563212827,0.8711275374772952,0.07111497689057662,LOW,0.1632186463231413,0.6161561069471818,0.22062524672967684
at://did:plc:6dq2umgtxkevae6f4lwxd3b6/app.bsky.feed.post/3mijsrlxors2r,0.0,LOW,LOW,bagged_stump_ensemble,True,LOW,0.064247688443356,0.855283625622703,0.08046868593394096,HIGH,0.3564099954871485,0.30425999293404954,0.33933001157880194
at://did:plc:6ekqkjyyaboqm5bmb4ozzmye/app.bsky.feed.post/3mijstuul4s2z,0.0,LOW,LOW,bagged_stump_ensemble,True,LOW,0.07225811041523604,0.8491797160642415,0.07856217352052258,LOW,0.16627791900430305,0.6070497011862066,0.22667237980949034
at://did:plc:6eneuye2a52t5hbbcaxo7n7h/app.bsky.feed.post/3mijssbpr722w,0.0,LOW,LOW,bagged_stump_ensemble,True,LOW,0.07910445689197206,0.8346415363777033,0.08625400673032474,HIGH,0.5688202845800525,0.19204665914777494,0.2391330562721725
at://did:plc:6eneuye2a52t5hbbcaxo7n7h/app.bsky.feed.post/3mijstooxv22w,2.0,HIGH,LOW,bagged_stump_ensemble,False,LOW,0.07910445689197206,0.8346415363777033,0.08625400673032474,HIGH,0.6164259695151896,0.185784226599819,0.19778980388499137
at://did:plc:6eneuye2a52t5hbbcaxo7n7h/app.bsky.feed.post/3mijsuqeyxc2w,2.0,HIGH,LOW,bagged_stump_ensemble,False,LOW,0.07910445689197206,0.8346415363777033,0.08625400673032474,HIGH,0.707315848951533,0.1440808363381649,0.14860331471030208
at://did:plc:6ezctzx7fd73a6rspt2jetuv/app.bsky.feed.post/3mijstb6g3k24,0.0,LOW,LOW,bagged_stump_ensemble,True,LOW,0.07973383891968917,0.8329034127314696,0.08736274834884118,HIGH,0.5176051607332105,0.2941691239989948,0.18822571526779477
at://did:plc:6ezltymo67x2zngh2236jyyt/app.bsky.feed.post/3mijsvlu7ps2a,0.0,LOW,LOW,bagged_stump_ensemble,True,LOW,0.06552581351957046,0.8536145389332697,0.08085964754715991,MEDIUM,0.33788028390187613,0.278606097747352,0.3835136183507719
at://did:plc:6fbk6av7h5ii3z2pn26zm2qb/app.bsky.feed.post/3mijstyosb22x,0.0,LOW,LOW,bagged_stump_ensemble,True,LOW,0.06688235095645158,0.8514370225234522,0.08168062652009621,HIGH,0.3554077814865495,0.31442209356841866,0.33017012494503173
at://did:plc:6fbk6av7h5ii3z2pn26zm2qb/app.bsky.feed.post/3mijsvny2mk2x,0.0,LOW,LOW,bagged_stump_ensemble,True,LOW,0.06688235095645158,0.8514370225234522,0.08168062652009621,HIGH,0.3551368380289786,0.3067011541932309,0.3381620077777904
at://did:plc:6flkd5j7g3dba66b6ao7eoju/app.bsky.feed.post/3mijstyuber26,0.0,LOW,LOW,bagged_stump_ensemble,True,LOW,0.05123471588618533,0.8809129123194325,0.06785237179438222,LOW,0.16715392500257217,0.4611004452001878,0.37174562979724
at://did:plc:6fpjuugv24lwkbd4urcezczi/app.bsky.feed.post/3mijsvrk6xk2w,1.0,MEDIUM,LOW,bagged_stump_ensemble,False,LOW,0.06686271750293661,0.8518041886414887,0.08133309385557479,HIGH,0.3552704382648954,0.3084913004360408,0.3362382612990638
at://did:plc:6fyjafjj2cs5xihycdk4qsgy/app.bsky.feed.post/3mijsox372c2e,0.0,LOW,LOW,bagged_stump_ensemble,True,LOW,0.05443551274512151,0.871857734751956,0.07370675250292258,LOW,0.3006090329003456,0.39926818542134573,0.3001227816783087
at://did:plc:6fzthh5xfd3ol7t4wvhqfms5/app.bsky.feed.post/3mijsrl4csk2a,0.0,LOW,LOW,bagged_stump_ensemble,True,LOW,0.0802069492181911,0.8320942345059633,0.08769881627584558,MEDIUM,0.36925894672149484,0.2530239439186768,0.3777171093598284
at://did:plc:6g4vznge3gbdlefhkjfdievt/app.bsky.feed.post/3mijspndjxs2k,0.0,LOW,LOW,bagged_stump_ensemble,True,LOW,0.07763715549113465,0.8357869597325387,0.08657588477632668,MEDIUM,0.3573627089626112,0.2404000831153638,0.40223720792202505
at://did:plc:6gbglttkbzfv4pco4vu5ngij/app.bsky.feed.post/3mijsogqv6k2t,0.0,LOW,LOW,bagged_stump_ensemble,True,LOW,0.05309524880651698,0.8774447395672722,0.06946001162621075,LOW,0.25624550268142376,0.4590995488080276,0.2846549485105486
at://did:plc:6gf3eunenozumhqugqhvewbe/app.bsky.feed.post/3mijsqsdfr22n,0.0,LOW,LOW,bagged_stump_ensemble,True,LOW,0.060970991373054055,0.8640155289079269,0.07501347971901895,LOW,0.26535659268091866,0.44077541638613127,0.2938679909329501
at://did:plc:6gf5otm5mguelz3razumy3fs/app.bsky.feed.post/3mijss7jm3c26,0.0,LOW,LOW,bagged_stump_ensemble,True,LOW,0.055501351551371286,0.8696224590599573,0.0748761893886715,LOW,0.2217499125482364,0.4023403066668717,0.37590978078489184
at://did:plc:6grsbwkv44lnfagjvt2b3rc2/app.bsky.feed.post/3mijssiiyek27,0.0,LOW,LOW,bagged_stump_ensemble,True,LOW,0.07029831018363113,0.8514664212835543,0.07823526853281464,LOW,0.27799989452570173,0.4626846843096606,0.2593154211646376
at://did:plc:6h7xiw7cmbrreyptkvlb2v4d/app.bsky.feed.post/3mijsr7v3ot2i,0.0,LOW,LOW,bagged_stump_ensemble,True,LOW,0.06102886721307912,0.863862650907414,0.07510848187950699,LOW,0.2699599646992621,0.4128254947712722,0.3172145405294657
at://did:plc:6hc5sussh7xufkfkyqd7izoa/app.bsky.feed.post/3mijssptfds23,0.0,LOW,LOW,bagged_stump_ensemble,True,LOW,0.050285833786703885,0.8828578070849555,0.06685635912834041,LOW,0.10234555184867782,0.708100855741747,0.18955359240957512
at://did:plc:6hn2f4okzizxgoqlosaya3fi/app.bsky.feed.post/3mijso5lrcc2b,0.0,LOW,LOW,bagged_stump_ensemble,True,LOW,0.0691286128880892,0.8484299825927427,0.08244140451916811,HIGH,0.38714968614211337,0.2589123843853646,0.3539379294725221
at://did:plc:6hnkpvshsxjgot5figjyardd/app.bsky.feed.post/3mijsxcvxp22e,2.0,HIGH,LOW,bagged_stump_ensemble,False,LOW,0.07928644027570263,0.8341715291279178,0.08654203059637965,HIGH,0.4725677855318455,0.2503613906474564,0.27707082382069803
at://did:plc:6hyreanhalpev6wrfx7e7xb6/app.bsky.feed.post/3mijsxwrses2j,0.0,LOW,LOW,bagged_stump_ensemble,True,LOW,0.08025539661146595,0.831895554279685,0.08784904910884905,HIGH,0.41968113185037353,0.26271248205998265,0.3176063860896438
at://did:plc:6id4lear7ymyphtxbrahd6xp/app.bsky.feed.post/3mijstnyyr22v,0.0,LOW,LOW,bagged_stump_ensemble,True,LOW,0.05591111860723671,0.8688082744995378,0.07528060689322547,MEDIUM,0.3352119298105346,0.314629982824623,0.35015808736484244
at://did:plc:6ierutad3rmp7u5rp3a7ab57/app.bsky.feed.post/3mijsr5jcv22a,0.0,LOW,LOW,bagged_stump_ensemble,True,LOW,0.06338355378908361,0.8570217543966059,0.0795946918143106,MEDIUM,0.35594211077213783,0.2667473582327806,0.3773105309950816
at://did:plc:6ierutad3rmp7u5rp3a7ab57/app.bsky.feed.post/3mijsy7a6ps2o,0.0,LOW,LOW,bagged_stump_ensemble,True,LOW,0.06344296942742825,0.856895807878085,0.0796612226944868,MEDIUM,0.32279383110356274,0.2783014227008404,0.39890474619559685
at://did:plc:6ifx3abjdjjcvz56c7255yxa/app.bsky.feed.post/3mijsnui5bc2l,0.0,LOW,LOW,bagged_stump_ensemble,True,LOW,0.06456818054974403,0.854308843994934,0.08112297545532199,MEDIUM,0.3212761405981635,0.26164150895280797,0.4170823504490285
at://did:plc:6ijfo4qojownfqbbai2twayz/app.bsky.feed.post/3mijsx3j6kc2n,1.0,MEDIUM,LOW,bagged_stump_ensemble,False,LOW,0.06931095310572068,0.8476352170343099,0.0830538298599695,HIGH,0.41086387660831797,0.24094375047284802,0.34819237291883404
at://did:plc:6jlu5iv72wtmfkbi4a5ekqbo/app.bsky.feed.post/3mijsumphac2j,1.0,MEDIUM,LOW,bagged_stump_ensemble,False,LOW,0.07709910812499654,0.8362701189631504,0.08663077291185307,LOW,0.2298312849554759,0.4592428147139849,0.3109259003305392
at://did:plc:6kbrgnu4t6plpdl7ynrr5mrj/app.bsky.feed.post/3mijsx3itsk2q,0.0,LOW,LOW,bagged_stump_ensemble,True,LOW,0.05894610616278615,0.8679140864455425,0.07313980739167136,LOW,0.2482753388851429,0.4295064735755683,0.32221818753928877
at://did:plc:6kilgqjivmfmzszcqrissbma/app.bsky.feed.post/3mijsvpekh22c,2.0,HIGH,LOW,bagged_stump_ensemble,False,LOW,0.0671843124872848,0.8506159896166604,0.08219969789605475,MEDIUM,0.32308507065263264,0.2820005276827389,0.39491440166462843
at://did:plc:6kvpjo2n5iq5zd653j3wljq2/app.bsky.feed.post/3mijsvmq3d22d,0.0,LOW,LOW,bagged_stump_ensemble,True,LOW,0.07094366796213737,0.8450860055708138,0.08397032646704884,MEDIUM,0.3420448510721734,0.29166270712576525,0.36629244180206133
at://did:plc:6lf4mqeuilmro75uc6jy72dd/app.bsky.feed.post/3mijsuaaphs2l,0.0,LOW,LOW,bagged_stump_ensemble,True,LOW,0.07895426154538983,0.8340272856652828,0.08701845278932731,LOW,0.2975877265111768,0.3522756650020803,0.35013660848674294
at://did:plc:6ltv7z3dgxi7wcipcrewwejs/app.bsky.feed.post/3mijssrmfec2x,0.0,LOW,LOW,bagged_stump_ensemble,True,LOW,0.060758191247641036,0.8620236528594287,0.07721815589293025,MEDIUM,0.3650562792824678,0.2586069119126619,0.37633680880487036
at://did:plc:6lx5b55lt5x3zzwulmoqc645/app.bsky.feed.post/3mijsx22v422c,0.0,LOW,LOW,bagged_stump_ensemble,True,LOW,0.06659429212710523,0.8515287520378666,0.08187695583502819,LOW,0.24327800031039684,0.3867491503133825,0.36997284937622077
at://did:plc:6lx5b55lt5x3zzwulmoqc645/app.bsky.feed.post/3mijsykwxv22c,0.0,LOW,LOW,bagged_stump_ensemble,True,LOW,0.06669313888053738,0.8510469227403162,0.08225993837914639,LOW,0.23485293879797112,0.385747331894535,0.37939972930749394
at://did:plc:6lxz3bkdr2pr5a6hjlbwxy4j/app.bsky.feed.post/3mijspidczc24,0.0,LOW,LOW,bagged_stump_ensemble,True,LOW,0.059210928899417224,0.8670362755875676,0.07375279551301513,LOW,0.23838286305120626,0.5014515415112569,0.26016559543753687
at://did:plc:6mceixmyhmtwvp4gpuyqxrks/app.bsky.feed.post/3mijso6edgk2z,0.0,LOW,LOW,bagged_stump_ensemble,True,LOW,0.057289829422456404,0.8682055263824963,0.07450464419504739,LOW,0.27113527998181963,0.4084903415830599,0.3203743784351204
at://did:plc:6mwlm65tilkkkcgdxinv2vlv/app.bsky.feed.post/3mijspgu2d227,0.0,LOW,LOW,bagged_stump_ensemble,True,LOW,0.06612423693235626,0.8533465785908432,0.08052918447680063,MEDIUM,0.3538332161782316,0.27676483643402716,0.3694019473877411
at://did:plc:6ncbzlnfmtd63jr4u7go4hnz/app.bsky.feed.post/3mijstn5snc2w,0.0,LOW,LOW,bagged_stump_ensemble,True,LOW,0.06842417697465622,0.8497013963861835,0.0818744266391603,MEDIUM,0.2988909535693332,0.25672560528790317,0.4443834411427635
at://did:plc:6nzo2tvcpm4ao5sc46jrrjtb/app.bsky.feed.post/3mijsqtcnr22q,0.0,LOW,LOW,bagged_stump_ensemble,True,LOW,0.07835791315638223,0.8347792156708507,0.08686287117276713,MEDIUM,0.35931552031718456,0.22888930720987574,0.4117951724729397
at://did:plc:6o2pjfdn2uq6yg75ogjvhxbp/app.bsky.feed.post/3mijspkz26k2h,0.0,LOW,LOW,bagged_stump_ensemble,True,LOW,0.06357684783463442,0.8570320747852819,0.07939107738008383,LOW,0.2307454857074539,0.419330731916709,0.3499237823758372
at://did:plc:6ohutxu6x75yqdm3t3gyquch/app.bsky.feed.post/3mijswjx5722z,10.0,HIGH,LOW,bagged_stump_ensemble,False,LOW,0.08025432201748993,0.8319264252263256,0.08781925275618445,HIGH,0.39204015937703546,0.27916519045464794,0.32879465016831655
at://did:plc:6ooho4knnmfcsompzr4fj7b5/app.bsky.feed.post/3mijsswa72k2k,0.0,LOW,LOW,bagged_stump_ensemble,True,LOW,0.07732786648112128,0.8364249412691757,0.08624719224970309,MEDIUM,0.23899053716955174,0.37909129492059845,0.38191816790984984
at://did:plc:6pc26iruerhwj5amjkma75xg/app.bsky.feed.post/3mijspzvo522n,0.0,LOW,LOW,bagged_stump_ensemble,True,LOW,0.06635265560855176,0.8516363727561864,0.08201097163526187,HIGH,0.3877170964470526,0.2563560588843681,0.3559268446685793
at://did:plc:6pnvhi3h2eebz2pviyalo76a/app.bsky.feed.post/3mijsozesjc2o,0.0,LOW,LOW,bagged_stump_ensemble,True,LOW,0.05864619259902007,0.8687115848323321,0.07264222256864776,LOW,0.33118498508778715,0.3726178356660917,0.2961971792461212
at://did:plc:6pnvhi3h2eebz2pviyalo76a/app.bsky.feed.post/3mijspirm2c2o,0.0,LOW,LOW,bagged_stump_ensemble,True,LOW,0.058715610154401764,0.8684359222308117,0.07284846761478651,HIGH,0.41599912926249943,0.31501053143801144,0.2689903392994892
at://did:plc:6pq4sleigrmvi32wegi6i4e3/app.bsky.feed.post/3mijsnvr2tk2l,0.0,LOW,LOW,bagged_stump_ensemble,True,LOW,0.07829794251703906,0.8349625540249305,0.08673950345803051,HIGH,0.3963162699054074,0.3313027992406905,0.272380930853902
at://did:plc:6pq4sleigrmvi32wegi6i4e3/app.bsky.feed.post/3mijswqvkf22l,0.0,LOW,LOW,bagged_stump_ensemble,True,LOW,0.0783453153163379,0.8347947447452927,0.0868599399383694,MEDIUM,0.32943067598221015,0.30409765054000315,0.36647167347778675
at://did:plc:6pyjuir4ife7deany3xbktvz/app.bsky.feed.post/3mijsplhcac2z,0.0,LOW,LOW,bagged_stump_ensemble,True,LOW,0.0686226275613567,0.8513451633212185,0.08003220911742483,HIGH,0.3984290389654271,0.28663673217942875,0.3149342288551441
at://did:plc:6pyvfs3g56omhaj2dnqf7xhn/app.bsky.feed.post/3mijsuq3p422b,0.0,LOW,LOW,bagged_stump_ensemble,True,LOW,0.07993364295282052,0.8323642829888689,0.0877020740583107,HIGH,0.4573145565140148,0.22791386013588708,0.3147715833500982
at://did:plc:6q3pypk6kfwpu3wcpcwxtngr/app.bsky.feed.post/3mijsx2gpz22e,0.0,LOW,LOW,bagged_stump_ensemble,True,LOW,0.06523086269465023,0.8537626109066316,0.08100652639871812,LOW,0.21430890467809638,0.40454554412549326,0.3811455511964103
at://did:plc:6qb7tbtzg7dkpnckgeu5qshd/app.bsky.feed.post/3mijstbuutk2l,1.0,MEDIUM,LOW,bagged_stump_ensemble,False,LOW,0.07947419812292292,0.8339802868195422,0.08654551505753494,LOW,0.3385406298312192,0.4131289543945987,0.24833041577418224
at://did:plc:6qb7tbtzg7dkpnckgeu5qshd/app.bsky.feed.post/3mijswt6t4c2l,0.0,LOW,LOW,bagged_stump_ensemble,True,LOW,0.07947419812292292,0.8339802868195422,0.08654551505753494,LOW,0.3385406298312192,0.4131289543945987,0.24833041577418224
at://did:plc:6qku7jqhews5kaxey2wmuzwe/app.bsky.feed.post/3mijst6cves2i,0.0,LOW,LOW,bagged_stump_ensemble,True,LOW,0.057138847242871646,0.8670203353268431,0.07584081743028526,HIGH,0.37899289312595746,0.30000979505489195,0.32099731181915053
at://did:plc:6qxi3hpn3e3sb35uu7k4xm2r/app.bsky.feed.post/3mijsvfngfc2a,0.0,LOW,LOW,bagged_stump_ensemble,True,LOW,0.07332401400922157,0.8420423668008973,0.08463361918988101,LOW,0.2713139469734553,0.3845062932115819,0.34417975981496274
at://did:plc:6rcbucsupbezcvhhp5njxvud/app.bsky.feed.post/3mijswwfdf22b,0.0,LOW,LOW,bagged_stump_ensemble,True,LOW,0.05735812594288553,0.8700773143698531,0.07256455968726135,LOW,0.26558465976163015,0.412649348305642,0.32176599193272787
at://did:plc:6re2prso5smbhyhjcrya74nk/app.bsky.feed.post/3mijstk3oyk27,0.0,LOW,LOW,bagged_stump_ensemble,True,LOW,0.06627334117896129,0.8519908595648763,0.08173579925616255,HIGH,0.369980529929531,0.2724109725267466,0.3576084975437223
at://did:plc:6rfa75dvknt2djq53kjcl5vh/app.bsky.feed.post/3mijss7nlz225,0.0,LOW,LOW,bagged_stump_ensemble,True,LOW,0.07966821464613591,0.8331838924099447,0.08714789294391943,MEDIUM,0.2974835799587045,0.3025434857156981,0.3999729343255973
at://did:plc:6rlgmzcm5lowq4vqotlecdem/app.bsky.feed.post/3mijsv53zek2x,0.0,LOW,LOW,bagged_stump_ensemble,True,LOW,0.07860359482798944,0.8324653763892446,0.08893102878276606,MEDIUM,0.27097497431977097,0.28362846390518887,0.44539656177504017
at://did:plc:6rlyfvp6mowh4egtsb6sff23/app.bsky.feed.post/3mijstv2ucc2t,0.0,LOW,LOW,bagged_stump_ensemble,True,LOW,0.06464099079738134,0.855326415287087,0.08003259391553182,HIGH,0.36859556269141497,0.36546030452136624,0.26594413278721873
at://did:plc:6rlyfvp6mowh4egtsb6sff23/app.bsky.feed.post/3mijsxwr6ts2t,0.0,LOW,LOW,bagged_stump_ensemble,True,LOW,0.06474777923502478,0.8550326594889281,0.08021956127604692,MEDIUM,0.35223802084073086,0.26201496219929143,0.3857470169599777
at://did:plc:6rrzty2ae2w3l3wt5elgzxti/app.bsky.feed.post/3mijsuhkiw22l,0.0,LOW,LOW,bagged_stump_ensemble,True,LOW,0.08025432201748993,0.8319264252263256,0.08781925275618445,MEDIUM,0.3447879516612185,0.26439914309782836,0.3908129052409532
at://did:plc:6rzct6q6ln63qcak2sbe3d3x/app.bsky.feed.post/3mijswfb5fc2t,0.0,LOW,LOW,bagged_stump_ensemble,True,LOW,0.07784947268310409,0.8362594350520383,0.08589109226485767,MEDIUM,0.33584840369528235,0.27797136044755916,0.38618023585715844
at://did:plc:6s2uoomal3vem6t5a4csl3f4/app.bsky.feed.post/3mijsuncgns2l,0.0,LOW,LOW,bagged_stump_ensemble,True,LOW,0.06657202463596998,0.8517928635785792,0.08163511178545074,HIGH,0.337792638911767,0.3289126640267167,0.3332946970615163
at://did:plc:6s2uoomal3vem6t5a4csl3f4/app.bsky.feed.post/3mijsxfr6nc2l,1.0,MEDIUM,LOW,bagged_stump_ensemble,False,LOW,0.0670395421479001,0.8506827529888612,0.0822777048632387,MEDIUM,0.2728846649738887,0.29544341528874346,0.4316719197373678
at://did:plc:6s3vfmatlqsxfhjsxmnfgcgf/app.bsky.feed.post/3mijswhsmss2w,0.0,LOW,LOW,bagged_stump_ensemble,True,LOW,0.05869774020817153,0.8682079851132575,0.07309427467857103,LOW,0.1959779531467206,0.4835945945881625,0.3204274522651168
at://did:plc:6skqc5kccdlk67khlokwp3gn/app.bsky.feed.post/3mijsolpzxc2a,0.0,LOW,LOW,bagged_stump_ensemble,True,LOW,0.0566014178747555,0.8690320582620035,0.0743665238632411,LOW,0.2293252587614927,0.41763575699960653,0.3530389842389008
at://did:plc:6sljh4wgbu524c2fjxxgv6gz/app.bsky.feed.post/3mijsnsby5k2n,0.0,LOW,LOW,bagged_stump_ensemble,True,LOW,0.07740645733072694,0.8366242098285758,0.08596933284069733,MEDIUM,0.2736486282875428,0.3559041591049151,0.37044721260754215
at://did:plc:6sljh4wgbu524c2fjxxgv6gz/app.bsky.feed.post/3mijsr5jsj22n,0.0,LOW,LOW,bagged_stump_ensemble,True,LOW,0.07781917858432703,0.8358688735748321,0.08631194784084097,MEDIUM,0.34232824542704554,0.2669431582306932,0.39072859634226126
at://did:plc:6t4nbxsirxhal7b3hiavtual/app.bsky.feed.post/3mijsqzocec2p,0.0,LOW,LOW,bagged_stump_ensemble,True,LOW,0.07960711934037204,0.8337336713653746,0.08665920929425341,MEDIUM,0.31527202725369136,0.3061209650605434,0.37860700768576516
at://did:plc:6t5mm2riuffav7oaovy4uauy/app.bsky.feed.post/3mijssizshc22,0.0,LOW,LOW,bagged_stump_ensemble,True,LOW,0.060439587064144165,0.862231342642612,0.07732907029324378,HIGH,0.35950557380286563,0.3153516470067359,0.3251427791903985
at://did:plc:6ta2ojomvrviygh2ghr7ohfd/app.bsky.feed.post/3mijsuailgc25,0.0,LOW,LOW,bagged_stump_ensemble,True,LOW,0.05732217554000308,0.8680243142003154,0.07465351025968155,LOW,0.24421905274655345,0.41548707465713486,0.34029387259631183
at://did:plc:6ta2ojomvrviygh2ghr7ohfd/app.bsky.feed.post/3mijsvdnlgc25,0.0,LOW,LOW,bagged_stump_ensemble,True,LOW,0.05745100873372941,0.8676227050802741,0.07492628618599649,MEDIUM,0.25861762787527304,0.33883452166469663,0.4025478504600303
at://did:plc:6tedhiz3fnuyxae6vvleuk5m/app.bsky.feed.post/3mijspsqxrk2x,0.0,LOW,LOW,bagged_stump_ensemble,True,LOW,0.0775452110855952,0.8360035690463212,0.08645121986808359,MEDIUM,0.36889492338897684,0.2519580377056249,0.3791470389053983
at://did:plc:6tmzbiftwxfgnxz6b5t2ylsh/app.bsky.feed.post/3mijsnl2wls2z,0.0,LOW,LOW,bagged_stump_ensemble,True,LOW,0.06611206539322996,0.8521901150829889,0.08169781952378109,HIGH,0.3808464217120704,0.31903542658476786,0.3001181517031617
at://did:plc:6tueadzuynhkgyt5rkmpm2x2/app.bsky.feed.post/3mijsx3no422n,2.0,HIGH,LOW,bagged_stump_ensemble,False,LOW,0.08044812775126947,0.8297524433472477,0.08979942890148292,MEDIUM,0.37920253996681236,0.2281547209411498,0.3926427390920378
at://did:plc:6tvadgjc4a6nlgdld72g6o7k/app.bsky.feed.post/3mijswmasmk26,0.0,LOW,LOW,bagged_stump_ensemble,True,LOW,0.05659153541895852,0.8683065976101382,0.07510186697090339,MEDIUM,0.31613878187608907,0.3282643245263428,0.355596893597568
at://did:plc:6ueixfbcywiakdarp5s32h3f/app.bsky.feed.post/3mijswo6ztc2h,0.0,LOW,LOW,bagged_stump_ensemble,True,LOW,0.07843940550580179,0.8345184998542099,0.08704209463998842,HIGH,0.38729211159441496,0.30648363842834364,0.30622424997724146
at://did:plc:6ug7wrjpgpzwvf6bqyl2hvjx/app.bsky.feed.post/3mijsqef3ka22,0.0,LOW,LOW,bagged_stump_ensemble,True,LOW,0.05730923745360541,0.8668962687659436,0.07579449378045104,MEDIUM,0.2969249872317763,0.3121436103134352,0.3909314024547885
at://did:plc:6uh54pfo7olr3frmj4vquh55/app.bsky.feed.post/3mijsy5eubs2z,0.0,LOW,LOW,bagged_stump_ensemble,True,LOW,0.06565098572704438,0.8538340124231546,0.08051500184980102,MEDIUM,0.28930302147993997,0.3286025418692738,0.38209443665078624
at://did:plc:6umfc535gvccnvd7tiqe3uxd/app.bsky.feed.post/3mijsvatkks2v,0.0,LOW,LOW,bagged_stump_ensemble,True,LOW,0.07978123388176628,0.8312030301746938,0.08901573594353995,MEDIUM,0.2631844395619101,0.31315843710043745,0.4236571233376525
at://did:plc:6umijlbulixkvf7nh5a2puiy/app.bsky.feed.post/3mijsrsy6es2l,0.0,LOW,LOW,bagged_stump_ensemble,True,LOW,0.06801751638431397,0.8547978659381225,0.07718461767756367,LOW,0.2438881136432456,0.46378452318830987,0.29232736316844454
at://did:plc:6updygxmgsitxl6k3ag4dtio/app.bsky.feed.post/3mijsygamec2z,0.0,LOW,LOW,bagged_stump_ensemble,True,LOW,0.057672625941213994,0.8643115852234579,0.07801578883532811,MEDIUM,0.2390744257189725,0.30735296592221895,0.45357260835880847
at://did:plc:6v2w5cva4wktapomlvn25der/app.bsky.feed.post/3mijsxysdsk2l,0.0,LOW,LOW,bagged_stump_ensemble,True,LOW,0.08090266996156813,0.8293980870981452,0.08969924294028671,MEDIUM,0.34043217006060716,0.23209428669471474,0.427473543244678
at://did:plc:6vfxjfvdh5lkaiwhuxtzhmge/app.bsky.feed.post/3mijsxxsc5ff2,0.0,LOW,LOW,bagged_stump_ensemble,True,LOW,0.05101396892922465,0.8804603443625268,0.06852568670824852,LOW,0.27126160002646654,0.3917049455392788,0.33703345443425475
at://did:plc:6vgg7dlht3iz7dyp5hsihgjp/app.bsky.feed.post/3mijsy6egzk2j,0.0,LOW,LOW,bagged_stump_ensemble,True,LOW,0.057526919155105,0.8668643265983157,0.07560875424657934,LOW,0.27263589012343303,0.3716130440581951,0.3557510658183718
at://did:plc:6vkka3fhn6evrimtwx3udux5/app.bsky.feed.post/3mijswvh2n223,0.0,LOW,LOW,bagged_stump_ensemble,True,LOW,0.07599555838834823,0.8376975615763927,0.08630688003525895,MEDIUM,0.32999608247653633,0.2652100000898002,0.40479391743366344
at://did:plc:6vntfrh3vdsvwlxgrj3nuuf7/app.bsky.feed.post/3mijsvkzn5224,0.0,LOW,LOW,bagged_stump_ensemble,True,LOW,0.0788131226921376,0.8347630298261806,0.08642384748168191,MEDIUM,0.3030577704835762,0.29919924925543806,0.39774298026098576
at://did:plc:6vznqywnau3exdtrnlzvlfgr/app.bsky.feed.post/3mijss6bh2fa4,0.0,LOW,LOW,bagged_stump_ensemble,True,LOW,0.05980771772370888,0.8657950058045216,0.07439727647176954,LOW,0.2368669504866593,0.4289844582612358,0.3341485912521048
at://did:plc:6wa6nqj3g5m65q66gnb3zxjl/app.bsky.feed.post/3mijsqpbqr22m,0.0,LOW,LOW,bagged_stump_ensemble,True,LOW,0.050525717233541836,0.8821640009112234,0.06731028185523472,LOW,0.19844148079760174,0.5505976616358709,0.2509608575665273
at://did:plc:6wbcehtern6qzelbiwqqx6wi/app.bsky.feed.post/3mijsnyqubc2n,0.0,LOW,LOW,bagged_stump_ensemble,True,LOW,0.06580752810150689,0.8528097467109942,0.0813827251874989,MEDIUM,0.3422364328134494,0.2588873066873671,0.3988762604991835
at://did:plc:6wjalevctcoapjgt6nkmkpea/app.bsky.feed.post/3mijsy2f7k72n,0.0,LOW,LOW,bagged_stump_ensemble,True,LOW,0.050569143116968494,0.8813277264900945,0.06810313039293704,LOW,0.24116898329825542,0.42502869055605214,0.3338023261456926
at://did:plc:6wjwbabh5mapvmwsgkhifblz/app.bsky.feed.post/3mijspx7ma22y,0.0,LOW,LOW,bagged_stump_ensemble,True,LOW,0.07630586008193208,0.8382012149607692,0.08549292495729884,MEDIUM,0.3165221765406529,0.3150576560244042,0.3684201674349428
at://did:plc:6wqq62nioo2dwlzsu3ogcre4/app.bsky.feed.post/3mijsw25ijs23,0.0,LOW,LOW,bagged_stump_ensemble,True,LOW,0.06954777159467537,0.8472489719319501,0.0832032564733745,MEDIUM,0.2931400397146205,0.31272582700617,0.39413413327920943
at://did:plc:6wqq62nioo2dwlzsu3ogcre4/app.bsky.feed.post/3mijswl5rjk23,0.0,LOW,LOW,bagged_stump_ensemble,True,LOW,0.06918157868848303,0.84810173656239,0.08271668474912698,LOW,0.26807269807818496,0.38799975381252666,0.34392754810928833
at://did:plc:6wrwjpyaicjohqmlb5lz2saz/app.bsky.feed.post/3mijspihcx22s,0.0,LOW,LOW,bagged_stump_ensemble,True,LOW,0.0575308636867941,0.8702421134588482,0.07222702285435778,LOW,0.19453163735869128,0.582396578747344,0.22307178389396484
at://did:plc:6xgj5jkxpwdueo74564aqxv3/app.bsky.feed.post/3mijspzb4vs2b,0.0,LOW,LOW,bagged_stump_ensemble,True,LOW,0.07956451989890384,0.8329987146617094,0.08743676543938673,MEDIUM,0.30793351098382776,0.27026698366047475,0.42179950535569755
at://did:plc:6xkzddhfe4rxahsxe3pgnzrr/app.bsky.feed.post/3mijsuyomxc2r,2.0,HIGH,LOW,bagged_stump_ensemble,False,LOW,0.07931550884485657,0.8335859694294517,0.08709852172569162,HIGH,0.4569196814447068,0.23596440236857097,0.3071159161867223
at://did:plc:6xog6u37rvloa2ys36ra7hug/app.bsky.feed.post/3mijsusiqwc22,0.0,LOW,LOW,bagged_stump_ensemble,True,LOW,0.0638798528508186,0.8550891190693725,0.08103102807980908,MEDIUM,0.24088896924633843,0.3696258542632543,0.38948517649040726
at://did:plc:6xs3n6rflndfpxatlh2god6d/app.bsky.feed.post/3mijsp2vh5s2e,0.0,LOW,LOW,bagged_stump_ensemble,True,LOW,0.06510904126202907,0.854622330021941,0.08026862871603009,LOW,0.2792978721449275,0.39822463139392106,0.3224774964611515
at://did:plc:6xs3n6rflndfpxatlh2god6d/app.bsky.feed.post/3mijst74pkc2e,0.0,LOW,LOW,bagged_stump_ensemble,True,LOW,0.06557655877395917,0.8535122194322228,0.08091122179381803,MEDIUM,0.3593478897313961,0.26631604203644116,0.37433606823216264
at://did:plc:6xsj7qyvegwlr7hba6dg5ypf/app.bsky.feed.post/3mijsnvo7222r,0.0,LOW,LOW,bagged_stump_ensemble,True,LOW,0.0624299232612764,0.8582534694005217,0.07931660733820194,HIGH,0.34843691278651723,0.3214559195630584,0.3301071676504243
at://did:plc:6xsj7qyvegwlr7hba6dg5ypf/app.bsky.feed.post/3mijst6leuc2r,0.0,LOW,LOW,bagged_stump_ensemble,True,LOW,0.06275274810987029,0.8577559760606781,0.07949127582945166,HIGH,0.4734883605847253,0.286687347269524,0.23982429214575052
at://did:plc:6xsur5ixwd4oqc3ddbahh5fd/app.bsky.feed.post/3mijsuzdykc2p,4.0,HIGH,LOW,bagged_stump_ensemble,False,LOW,0.08058199089689871,0.8298359448606885,0.08958206424241293,HIGH,0.45821244896331204,0.1752982510018631,0.3664893000348249
at://did:plc:6xt64yzqsnpms2qaxngu6gx4/app.bsky.feed.post/3mijsx3sjes2y,2.0,HIGH,LOW,bagged_stump_ensemble,False,LOW,0.08003626651010415,0.8325782253677637,0.08738550812213208,HIGH,0.3891073711995797,0.26420386661203976,0.3466887621883805
at://did:plc:6xvd55l2suweujxbsorzvbid/app.bsky.feed.post/3mijswt22rc2m,0.0,LOW,LOW,bagged_stump_ensemble,True,LOW,0.0802069492181911,0.8320942345059633,0.08769881627584558,HIGH,0.3632797518685761,0.2884646024611683,0.34825564567025563
at://did:plc:6xvnelksn2cnupfvxiggxxbe/app.bsky.feed.post/3mijsnpwcbk2t,0.0,LOW,LOW,bagged_stump_ensemble,True,LOW,0.07838722211168189,0.8350444524060233,0.08656832548229473,MEDIUM,0.26878856409149204,0.3581173870527568,0.3730940488557511
at://did:plc:6xvnelksn2cnupfvxiggxxbe/app.bsky.feed.post/3mijsqain4c2t,0.0,LOW,LOW,bagged_stump_ensemble,True,LOW,0.07838722211168189,0.8350444524060233,0.08656832548229473,LOW,0.28474100680930065,0.376314902987828,0.33894409020287125
at://did:plc:6xvnelksn2cnupfvxiggxxbe/app.bsky.feed.post/3mijsud4d4c2t,1.0,MEDIUM,LOW,bagged_stump_ensemble,False,LOW,0.0790355700557601,0.832516114277843,0.08844831566639698,MEDIUM,0.26045495200941376,0.3311061634188374,0.40843888457174893
at://did:plc:6xwrqfoa7ugkkod4re2emkxv/app.bsky.feed.post/3mijsszy7us2x,0.0,LOW,LOW,bagged_stump_ensemble,True,LOW,0.0699722951326236,0.8467534194911427,0.08327428537623371,MEDIUM,0.2926371812670393,0.3214684724363063,0.3858943462966544
at://did:plc:6xwrqfoa7ugkkod4re2emkxv/app.bsky.feed.post/3mijsxm7dd22x,0.0,LOW,LOW,bagged_stump_ensemble,True,LOW,0.07003171077096823,0.8466274729726219,0.08334081625640993,MEDIUM,0.33590809294174734,0.2843450542416737,0.37974685281657883
at://did:plc:6y3honhec2jch2ryrbuyx5a5/app.bsky.feed.post/3mijspvkwok24,0.0,LOW,LOW,bagged_stump_ensemble,True,LOW,0.0774525086605273,0.8375235018887169,0.08502398945075577,HIGH,0.8863318592866682,0.06797372452339785,0.04569441618993394
at://did:plc:6ydxkeyta7jhc23jvalz3yqs/app.bsky.feed.post/3mijsntqbls2u,0.0,LOW,LOW,bagged_stump_ensemble,True,LOW,0.07835791315638223,0.8347792156708507,0.08686287117276713,HIGH,0.4841082111762959,0.16998551234454048,0.34590627647916355
at://did:plc:6ykkaxwvxgyrhusblmndvvnf/app.bsky.feed.post/3mijswyodd22d,0.0,LOW,LOW,bagged_stump_ensemble,True,LOW,0.05526242745395187,0.8700719831054403,0.07466558944060782,HIGH,0.37591571794722256,0.27179845847631845,0.3522858235764589
at://did:plc:6yqvbqgy22vchhavvzggexqp/app.bsky.feed.post/3mijso5pigs2t,0.0,LOW,LOW,bagged_stump_ensemble,True,LOW,0.07980074640335806,0.830998400071557,0.08920085352508496,HIGH,0.3919015834358807,0.24870633635903922,0.35939208020508
at://did:plc:6yvqzw4hvbwhn25oyx7epq35/app.bsky.feed.post/3mijsvl43b22r,0.0,LOW,LOW,bagged_stump_ensemble,True,LOW,0.06903729912279881,0.8467189508231379,0.08424375005406338,MEDIUM,0.25410308156955347,0.32259471346888136,0.4233022049615653
at://did:plc:6zlclq75nf3lfzpdqjh36jxv/app.bsky.feed.post/3mijsnpikt22g,0.0,LOW,LOW,bagged_stump_ensemble,True,LOW,0.05674718513206776,0.8683885700654883,0.07486424480244394,HIGH,0.42855553719346223,0.2528354071740598,0.31860905563247804
at://did:plc:6zlclq75nf3lfzpdqjh36jxv/app.bsky.feed.post/3mijsteeknc2g,1.0,MEDIUM,LOW,bagged_stump_ensemble,False,LOW,0.05707000998066165,0.8678910767256447,0.07503891329369367,HIGH,0.447897664264908,0.3130569017063488,0.23904543402874331
at://did:plc:6zzj3i5g2uiqfnhlqymmwblo/app.bsky.feed.post/3mijssrkaa22j,0.0,LOW,LOW,bagged_stump_ensemble,True,LOW,0.06543130537230152,0.8514271624501109,0.08314153217758775,MEDIUM,0.27949662565112954,0.21714933152769916,0.5033540428211712
at://did:plc:72htmkepan3scqxp4f5xn5rp/app.bsky.feed.post/3mijsq7e27k24,0.0,LOW,LOW,bagged_stump_ensemble,True,LOW,0.05977382118835965,0.8643528897081583,0.07587328910348205,LOW,0.1980484443793822,0.43847204519923216,0.3634795104213856
at://did:plc:72sruzqoma3upja2p6inhpbb/app.bsky.feed.post/3mijsolrwis2a,0.0,LOW,LOW,bagged_stump_ensemble,True,LOW,0.06745189589264464,0.8502188409773735,0.08232926312998183,MEDIUM,0.3245071178850649,0.2790536130917358,0.3964392690231993
at://did:plc:72yxuv3ezurnlt5m7wi2zqza/app.bsky.feed.post/3mijspl3hdc23,0.0,LOW,LOW,bagged_stump_ensemble,True,LOW,0.0785532776900811,0.8320749791519775,0.08937174315794157,MEDIUM,0.21759461762153826,0.3046417521584852,0.4777636302199765
at://did:plc:72yxuv3ezurnlt5m7wi2zqza/app.bsky.feed.post/3mijsrbmvt223,0.0,LOW,LOW,bagged_stump_ensemble,True,LOW,0.07805001766714696,0.8341614551585863,0.08778852717426676,MEDIUM,0.3270518645157389,0.22889772061305105,0.44405041487121005
at://did:plc:72yxuv3ezurnlt5m7wi2zqza/app.bsky.feed.post/3mijstakv3k23,0.0,LOW,LOW,bagged_stump_ensemble,True,LOW,0.07752587325619383,0.8352925475485804,0.08718157919522583,MEDIUM,0.25288258684274284,0.3407928465894106,0.40632456656784655
at://did:plc:72znxrmi2mu7ezrxchnde754/app.bsky.feed.post/3mijsy2efek26,0.0,LOW,LOW,bagged_stump_ensemble,True,LOW,0.07921181409762452,0.8334007916812166,0.08738739422115895,HIGH,0.3763477456211434,0.2618350661244257,0.36181718825443104
at://did:plc:73da66zj4t5t5hctxgrtnmjm/app.bsky.feed.post/3mijspixy5k2m,0.0,LOW,LOW,bagged_stump_ensemble,True,LOW,0.04865704739513617,0.8845681530730427,0.066774799531821,LOW,0.27935153369517907,0.39664795430317557,0.3240005120016455
at://did:plc:73kpnvzqftmmcqzw7dljmply/app.bsky.feed.post/3mijst2zaof2w,0.0,LOW,LOW,bagged_stump_ensemble,True,LOW,0.06480284560844712,0.8552385778587386,0.07995857653281423,LOW,0.03142971958789782,0.7495593671081758,0.21901091330392636
at://did:plc:73rqm3kvsbfwaro7hxtg5xqz/app.bsky.feed.post/3mijsvyebi22w,0.0,LOW,LOW,bagged_stump_ensemble,True,LOW,0.0485258373074142,0.8850047776870454,0.0664693850055403,LOW,0.12364499646040066,0.6405583169353559,0.23579668660424336
at://did:plc:73vypbk27pmghwppnwhqsmnv/app.bsky.feed.post/3mijst7nins2d,0.0,LOW,LOW,bagged_stump_ensemble,True,LOW,0.07412210573364844,0.8452757409977315,0.08060215326862015,LOW,0.2673405397181856,0.42240334407003527,0.31025611621177906
at://did:plc:74dubkeudg655mqkad6dc6kz/app.bsky.feed.post/3mijsoqq5y22t,0.0,LOW,LOW,bagged_stump_ensemble,True,LOW,0.07746331131233748,0.836403683978176,0.08613300470948666,LOW,0.31486666385741807,0.3656143801110795,0.31951895603150243
at://did:plc:74fkaoccbekh3wfxtn3nbdki/app.bsky.feed.post/3mijspam2vs2a,0.0,LOW,LOW,bagged_stump_ensemble,True,LOW,0.058668288517551265,0.8695182663222858,0.07181344516016303,LOW,0.20189944138811394,0.6008120941368311,0.19728846447505494
at://did:plc:74krfre53aurjg45vdvcpfqp/app.bsky.feed.post/3mijsw5uyz72r,0.0,LOW,LOW,bagged_stump_ensemble,True,LOW,0.06658871751314017,0.8533022253317937,0.08010905715506603,HIGH,0.36061544726093375,0.2959936343229551,0.34339091841611113
at://did:plc:74omo2yo36hiluf2ociyxzdt/app.bsky.feed.post/3mijssemuos2h,0.0,LOW,LOW,bagged_stump_ensemble,True,LOW,0.0703427668943699,0.8467542070608848,0.08290302604474536,MEDIUM,0.3519367699826871,0.27974203184551033,0.36832119817180264
at://did:plc:74p6l5j5guflhas6254o55fr/app.bsky.feed.post/3mijssszu2nu2,0.0,LOW,LOW,bagged_stump_ensemble,True,LOW,0.052683607485461977,0.8778231359041312,0.0694932566104068,LOW,0.2694958749592018,0.42553524597000947,0.30496887907078873
at://did:plc:74rjwocrgqqo3wyhtrnevj66/app.bsky.feed.post/3mijspsc37k22,0.0,LOW,LOW,bagged_stump_ensemble,True,LOW,0.0680802500021562,0.8532469099103457,0.07867284008749816,LOW,0.2576613544633404,0.4211732600634106,0.321165385473249
at://did:plc:752zlwm3om3f34xlwvp3n3ql/app.bsky.feed.post/3mijsvrhxoc2c,5.0,HIGH,LOW,bagged_stump_ensemble,False,LOW,0.0799731639827759,0.8324357375064492,0.08759109851077483,MEDIUM,0.3679542891399173,0.2509555669830111,0.3810901438770716
at://did:plc:75oj5atcnn4yhegnwuuk2laq/app.bsky.feed.post/3mijssdwdb22f,0.0,LOW,LOW,bagged_stump_ensemble,True,LOW,0.0581686210921856,0.8662810662717744,0.07555031263604008,HIGH,0.44034152274185795,0.252039142387578,0.3076193348705639
at://did:plc:75z4vy7v4t7xquvc65movso2/app.bsky.feed.post/3mijstrvpxs2c,2.0,HIGH,LOW,bagged_stump_ensemble,False,LOW,0.07755786218758863,0.8361117331161155,0.08633040469629587,HIGH,0.4325259449770778,0.2281639843959777,0.33931007062694457
at://did:plc:75zgabzo6v6iy3uyja52h6k7/app.bsky.feed.post/3mijsxfo22k22,0.0,LOW,LOW,bagged_stump_ensemble,True,LOW,0.0798007619765222,0.8319009114556903,0.08829832656778742,MEDIUM,0.3443170402483242,0.23311137358176603,0.42257158616990975
at://did:plc:765hurgswxaoosfj4let3okl/app.bsky.feed.post/3mijsnuepvc2j,0.0,LOW,LOW,bagged_stump_ensemble,True,LOW,0.07467452552668086,0.8403542502125881,0.08497122426073096,MEDIUM,0.3059817177155369,0.31252719805990975,0.38149108422455325
at://did:plc:765hurgswxaoosfj4let3okl/app.bsky.feed.post/3mijsrps5q22j,0.0,LOW,LOW,bagged_stump_ensemble,True,LOW,0.07454569233295455,0.8407558593326295,0.08469844833441602,HIGH,0.3513848405887953,0.305277259466092,0.34333789994511277
at://did:plc:766p2ziodfn5zsilwtnwtmxk/app.bsky.feed.post/3mijstbqyss2l,0.0,LOW,LOW,bagged_stump_ensemble,True,LOW,0.05756472730806596,0.8648327035423609,0.0776025691495731,MEDIUM,0.3110352102384326,0.24084757318991376,0.44811721657165376
at://did:plc:766p2ziodfn5zsilwtnwtmxk/app.bsky.feed.post/3mijsyddfws2l,0.0,LOW,LOW,bagged_stump_ensemble,True,LOW,0.058119132122158246,0.8629872345059857,0.07889363337185602,MEDIUM,0.31613937439243767,0.20866486180304253,0.4751957638045199
at://did:plc:76kmlzahmwyb2lsfp2o5zr7i/app.bsky.feed.post/3mijswm7bs22u,0.0,LOW,LOW,bagged_stump_ensemble,True,LOW,0.06535505324633321,0.8539764741513266,0.0806684726023402,MEDIUM,0.3140828599340398,0.3053447715442676,0.38057236852169257
at://did:plc:76x65qgfno4y62mwnnm3mox7/app.bsky.feed.post/3mijsvqakwk2u,0.0,LOW,LOW,bagged_stump_ensemble,True,LOW,0.08099621526339625,0.8290506105118829,0.08995317422472089,MEDIUM,0.33389478436792336,0.2316729908528224,0.43443222477925436
at://did:plc:76zkdshcmdwxfd5atarvlutb/app.bsky.feed.post/3mijsss765k27,3.0,HIGH,LOW,bagged_stump_ensemble,False,LOW,0.07423365943378675,0.8383012787471632,0.08746506181904994,HIGH,0.3960205121507389,0.21404745550463045,0.3899320323446307
at://did:plc:77ddo7anvu3eswipg3muzmjc/app.bsky.feed.post/3mijsyh5fb222,0.0,LOW,LOW,bagged_stump_ensemble,True,LOW,0.05624732150259097,0.8696798928373872,0.07407278566002184,HIGH,0.35462162179247025,0.341563201403945,0.30381517680358466
at://did:plc:77iegfpgs2xkpbtr6ybinh57/app.bsky.feed.post/3mijssz3d322m,0.0,LOW,LOW,bagged_stump_ensemble,True,LOW,0.0786807380049761,0.8342817223310071,0.08703753966401682,MEDIUM,0.351196122735232,0.2876717547293049,0.3611321225354632
at://did:plc:77kv6gyr7b3ce6ceuuwpz444/app.bsky.feed.post/3mijspg55vk22,0.0,LOW,LOW,bagged_stump_ensemble,True,LOW,0.08114573777701828,0.8287086365575065,0.0901456256654752,MEDIUM,0.33060197973424926,0.2292230285815744,0.44017499168417634
at://did:plc:77o6o7ccw35cxuqau5ajxgs2/app.bsky.feed.post/3mijspfo6fs2u,0.0,LOW,LOW,bagged_stump_ensemble,True,LOW,0.061007524597202704,0.864014105422211,0.07497836998058621,LOW,0.2194031012184039,0.46451101155583197,0.31608588722576403
at://did:plc:77r3ez6ypgjvsay27sb5ybps/app.bsky.feed.post/3mijsxu3qhs2w,0.0,LOW,LOW,bagged_stump_ensemble,True,LOW,0.07919962594425738,0.8343227676303224,0.08647760642542017,LOW,0.28362532054931183,0.39324127309607004,0.32313340635461807
at://did:plc:7a2h3gi62i5swxeket3h2yiz/app.bsky.feed.post/3mijss5heyc2o,0.0,LOW,LOW,bagged_stump_ensemble,True,LOW,0.05792942887685334,0.8661979122845674,0.07587265883857916,LOW,0.3012482013673288,0.3957514485048394,0.3030003501278317
at://did:plc:7a7q4in52kdal6mpesb3lj3o/app.bsky.feed.post/3mijsxpomts2c,0.0,LOW,LOW,bagged_stump_ensemble,True,LOW,0.07369557214562136,0.841782816884957,0.08452161096942147,LOW,0.21253918286252754,0.539479157162383,0.2479816599750894
at://did:plc:7abjpwhgnqqdt766i4saixda/app.bsky.feed.post/3mijst6ica22u,1.0,MEDIUM,LOW,bagged_stump_ensemble,False,LOW,0.07800073516750472,0.835771766708494,0.08622749812400131,LOW,0.3574742261386522,0.3593777583473296,0.28314801551401825
at://did:plc:7aicmxuqy2s2zkqi3conwf5z/app.bsky.feed.post/3mijsqkwkpl22,0.0,LOW,LOW,bagged_stump_ensemble,True,LOW,0.055449851431237616,0.8673587286171638,0.07719141995159867,LOW,0.050238948058109176,0.5436469389062835,0.4061141130356073
at://did:plc:7anysx7zzsmmzufsmtvv5cha/app.bsky.feed.post/3mijsozyt5c2q,0.0,LOW,LOW,bagged_stump_ensemble,True,LOW,0.0545311501621501,0.8752577298221712,0.07021112001567871,LOW,0.34569837499046446,0.4366497566154007,0.21765186839413483
at://did:plc:7aqvrycpumgb3nawn4k3jggk/app.bsky.feed.post/3mijsxzxwwk2t,0.0,LOW,LOW,bagged_stump_ensemble,True,LOW,0.07832046936719682,0.8350216073126683,0.08665792332013487,HIGH,0.4053194141229576,0.26076729496313367,0.3339132909139088
at://did:plc:7bsrotck2cqevfqzr5ecch2e/app.bsky.feed.post/3mijsqq2plk2y,0.0,LOW,LOW,bagged_stump_ensemble,True,LOW,0.0782290799626559,0.835180824790892,0.08659009524645218,HIGH,0.37138414746441356,0.2832860477963403,0.3453298047392462
at://did:plc:7ciywn43zrdz4wzmczuisu62/app.bsky.feed.post/3mijsnwbtx22a,0.0,LOW,LOW,bagged_stump_ensemble,True,LOW,0.07853096514718835,0.8333842421140829,0.08808479273872874,MEDIUM,0.21746272600794075,0.32137973910104023,0.4611575348910191
at://did:plc:7ciywn43zrdz4wzmczuisu62/app.bsky.feed.post/3mijst4hnuk2a,1.0,MEDIUM,LOW,bagged_stump_ensemble,False,LOW,0.07853096514718835,0.8333842421140829,0.08808479273872874,MEDIUM,0.18706361871581526,0.2996364797620141,0.5132999015221706
at://did:plc:7ciywn43zrdz4wzmczuisu62/app.bsky.feed.post/3mijsuxql222a,1.0,MEDIUM,LOW,bagged_stump_ensemble,False,LOW,0.07853096514718835,0.8333842421140829,0.08808479273872874,MEDIUM,0.18706361871581526,0.2996364797620141,0.5132999015221706
at://did:plc:7ciywn43zrdz4wzmczuisu62/app.bsky.feed.post/3mijsx6teyc2a,0.0,LOW,LOW,bagged_stump_ensemble,True,LOW,0.07853096514718835,0.8333842421140829,0.08808479273872874,MEDIUM,0.18706361871581526,0.2996364797620141,0.5132999015221706
at://did:plc:7cxkzbvjb52x5dw5movoaejr/app.bsky.feed.post/3mijsx4vv7k23,0.0,LOW,LOW,bagged_stump_ensemble,True,LOW,0.05690065747457312,0.8674867487446684,0.07561259378075857,MEDIUM,0.335683475393898,0.2666033404367601,0.397713184169342
at://did:plc:7czcrhxmxivqdhce6gyfwfss/app.bsky.feed.post/3mijsrogxvc2c,0.0,LOW,LOW,bagged_stump_ensemble,True,LOW,0.07834587031733643,0.8347373529097338,0.08691677677292979,MEDIUM,0.3326587731932587,0.2689630766057267,0.3983781502010145
at://did:plc:7czcrhxmxivqdhce6gyfwfss/app.bsky.feed.post/3mijssxda5k2c,1.0,MEDIUM,LOW,bagged_stump_ensemble,False,LOW,0.07835791315638223,0.8347792156708507,0.08686287117276713,MEDIUM,0.31194924931640544,0.27423238415748424,0.4138183665261104
at://did:plc:7d5exbvzn2xjvjc4pdo2tsjc/app.bsky.feed.post/3mijstqrt772p,1.0,MEDIUM,LOW,bagged_stump_ensemble,False,LOW,0.06160961291541658,0.8606056230257049,0.07778476405887856,MEDIUM,0.3280914093855111,0.3037520788438537,0.36815651177063524
at://did:plc:7da3mbl7xjxtfmx6pbn6j5s5/app.bsky.feed.post/3mijssbzxek25,0.0,LOW,LOW,bagged_stump_ensemble,True,LOW,0.07835791315638223,0.8347792156708507,0.08686287117276713,MEDIUM,0.30139682029776527,0.3008408125766243,0.39776236712561047
at://did:plc:7ddwnpipoqe2kwnsrliqvmh4/app.bsky.feed.post/3mijsqd3jhc2g,0.0,LOW,LOW,bagged_stump_ensemble,True,LOW,0.07322469615494462,0.8478723317631842,0.07890297208187108,LOW,0.16284130479841674,0.6141204148822016,0.22303828031938175
at://did:plc:7dkfsswhxddbinu4u6tukk3i/app.bsky.feed.post/3mijsqc7gzc2q,0.0,LOW,LOW,bagged_stump_ensemble,True,LOW,0.0780372340917128,0.8352170734333939,0.08674569247489335,HIGH,0.47049319494764813,0.20424722812765786,0.32525957692469415
at://did:plc:7dqf2lxwro67evkwalesqbxu/app.bsky.feed.post/3mijstj7sg22e,1.0,MEDIUM,LOW,bagged_stump_ensemble,False,LOW,0.0658644786097426,0.8495875602441161,0.0845479611461413,MEDIUM,0.31742657564136173,0.21529428641319964,0.46727913794543846
at://did:plc:7dqf2lxwro67evkwalesqbxu/app.bsky.feed.post/3mijsv2ave22e,0.0,LOW,LOW,bagged_stump_ensemble,True,LOW,0.06440744030566162,0.8546921364727331,0.08090042322160534,MEDIUM,0.2963822689489576,0.2635133439825516,0.44010438706849075
at://did:plc:7dxynwss6tamdvb2po5zvp7x/app.bsky.feed.post/3mijswg4pa22q,0.0,LOW,LOW,bagged_stump_ensemble,True,LOW,0.0681865013433308,0.8502960461359047,0.08151745252076444,LOW,0.36147449944395155,0.42236986482586986,0.21615563573017862
at://did:plc:7dz4xvu5prwiooarxqwtm2wy/app.bsky.feed.post/3mijsnwmnnk2c,0.0,LOW,LOW,bagged_stump_ensemble,True,LOW,0.05478225884002835,0.8710739296253641,0.07414381153460758,LOW,0.20956343166797553,0.41878803163452477,0.37164853669749975
at://did:plc:7dz4xvu5prwiooarxqwtm2wy/app.bsky.feed.post/3mijst5ieqk2c,0.0,LOW,LOW,bagged_stump_ensemble,True,LOW,0.05478225884002835,0.8710739296253641,0.07414381153460758,LOW,0.22751512220508893,0.4106082762330683,0.3618766015618428
at://did:plc:7dzrjkp2m3gunuyftxsxcfhk/app.bsky.feed.post/3mijsolmerc2u,0.0,LOW,LOW,bagged_stump_ensemble,True,LOW,0.05743036765472092,0.8668135098115735,0.07575612253370571,MEDIUM,0.3523862549085533,0.2545113911261916,0.3931023539652551
at://did:plc:7e6eukc4mz26deq5vooeiqat/app.bsky.feed.post/3mijsthne5s2p,0.0,LOW,LOW,bagged_stump_ensemble,True,LOW,0.07670268646680209,0.8381465136787154,0.08515079985448251,HIGH,0.3810401179275066,0.3733102884845531,0.24564959358794042
at://did:plc:7eftrkym2zpyarepoa3qowzo/app.bsky.feed.post/3mijsuctjuc24,1.0,MEDIUM,LOW,bagged_stump_ensemble,False,LOW,0.06478248484247841,0.8592430570212557,0.07597445813626602,LOW,0.26092705931656834,0.5533958715128164,0.18567706917061516
at://did:plc:7eghielaklzbkdsnkuxva33r/app.bsky.feed.post/3mijsrouw6k2i,0.0,LOW,LOW,bagged_stump_ensemble,True,LOW,0.06797807310402726,0.8501490191655184,0.08187290773045432,HIGH,0.34959697715771804,0.31137068620812014,0.3390323366341618
at://did:plc:7etz7qjb3x6jc32fflubplen/app.bsky.feed.post/3mijsqalgxc2x,0.0,LOW,LOW,bagged_stump_ensemble,True,LOW,0.07092054600798893,0.8467622972226768,0.08231715676933427,LOW,0.27154756952043785,0.3868059724732813,0.34164645800628074
at://did:plc:7exy3k53z33dvghn6edyayxt/app.bsky.feed.post/3mijsrbwy3k27,0.0,LOW,LOW,bagged_stump_ensemble,True,LOW,0.06614810177456559,0.8521744879123497,0.08167741031308474,MEDIUM,0.3628970037624724,0.2644495547494531,0.37265344148807444
at://did:plc:7exy3k53z33dvghn6edyayxt/app.bsky.feed.post/3mijste3wbk2o,1.0,MEDIUM,LOW,bagged_stump_ensemble,False,LOW,0.06610072897526674,0.8523422971919874,0.08155697383274585,HIGH,0.5397225684160728,0.22894747631047932,0.23132995527344782
at://did:plc:7ff356imduxsk5pbm6rg4dxb/app.bsky.feed.post/3mijswccabs2s,0.0,LOW,LOW,bagged_stump_ensemble,True,LOW,0.07998889371080532,0.8327460346474014,0.0872650716417932,MEDIUM,0.3345830980832083,0.28146548302952795,0.38395141888726375
at://did:plc:7fszky3ujrmgma7dl7t22ebt/app.bsky.feed.post/3mijstdzuts2h,0.0,LOW,LOW,bagged_stump_ensemble,True,LOW,0.07788984064345358,0.8359467180961276,0.08616344126041879,HIGH,0.3507373902048596,0.33334577796784226,0.31591683182729813
at://did:plc:7g36qrdabqznjdv53rhyw75o/app.bsky.feed.post/3mijsxhmpw22l,2.0,HIGH,LOW,bagged_stump_ensemble,False,LOW,0.07599555838834823,0.8376975615763927,0.08630688003525895,MEDIUM,0.33116957573305833,0.24216695025455684,0.42666347401238497
at://did:plc:7gfp3fwddjmn6msabwbsg6al/app.bsky.feed.post/3mijsxweqfs2y,0.0,LOW,LOW,bagged_stump_ensemble,True,LOW,0.07869967410201892,0.8328928048858402,0.08840752101214082,MEDIUM,0.3586480196966135,0.19986907926395076,0.4414829010394359
at://did:plc:7gpio5jzsfn4t3m6npiulmse/app.bsky.feed.post/3mijswxbvh22n,2.0,HIGH,LOW,bagged_stump_ensemble,False,LOW,0.07849667536022199,0.8344521889129893,0.0870511357267887,HIGH,0.43853334735912514,0.19619219737940366,0.36527445526147134
at://did:plc:7gq7zs6pdouydctir4pfn3df/app.bsky.feed.post/3mijsq5cjjs2r,0.0,LOW,LOW,bagged_stump_ensemble,True,LOW,0.05843596426590247,0.8676581597663399,0.07390587596775763,LOW,0.2866729056491539,0.4072312975185492,0.30609579683229704
at://did:plc:7gt55mp33b456stpa527ksjr/app.bsky.feed.post/3mijssm3u5k25,0.0,LOW,LOW,bagged_stump_ensemble,True,LOW,0.079739431706261,0.8332043450956814,0.08705622319805764,HIGH,0.34695743109874433,0.32609411609332056,0.3269484528079351
at://did:plc:7gyt7nd3kkuakmanckayk2px/app.bsky.feed.post/3mijsxdjzcc2g,1.0,MEDIUM,LOW,bagged_stump_ensemble,False,LOW,0.08025432201748993,0.8319264252263256,0.08781925275618445,HIGH,0.4235237085497323,0.23458238572606382,0.3418939057242038
at://did:plc:7gzyxojuryq7qf7qgeg2x3nb/app.bsky.feed.post/3mijsuc7ztk2w,0.0,LOW,LOW,bagged_stump_ensemble,True,LOW,0.07751048938828979,0.8362795423957532,0.086209968215957,MEDIUM,0.3079247258434047,0.28981129458800986,0.40226397956858545
at://did:plc:7h3x2bc2b4srawtwshkg2zko/app.bsky.feed.post/3mijssexz5224,0.0,LOW,LOW,bagged_stump_ensemble,True,LOW,0.06822002635719106,0.8490432876360479,0.08273668600676115,MEDIUM,0.3285978355719129,0.24940687012378993,0.42199529430429716
at://did:plc:7h5k4me5ic754fzo2rc7vijq/app.bsky.feed.post/3mijsuwkr3c27,0.0,LOW,LOW,bagged_stump_ensemble,True,LOW,0.07314511827784068,0.8431903639095331,0.08366451781262622,LOW,0.25740817307255576,0.40482687518384697,0.3377649517435972
at://did:plc:7h5qs55xoaap3iupqj7gnzdt/app.bsky.feed.post/3mijsr2nghb2c,0.0,LOW,LOW,bagged_stump_ensemble,True,LOW,0.06514118988384532,0.8533298121332816,0.081528997982873,MEDIUM,0.2571036927587208,0.3535429056315803,0.3893534016096989
at://did:plc:7h6ao6c3ei2b4tjfkxyzivrl/app.bsky.feed.post/3mijsr2ofpc2g,0.0,LOW,LOW,bagged_stump_ensemble,True,LOW,0.07813985764899646,0.8354310158122888,0.08642912653871475,MEDIUM,0.33368260421432916,0.2863982173829652,0.3799191784027056
at://did:plc:7h7pj7ckx6pfntbupdymo6fz/app.bsky.feed.post/3mijsxagxes23,35.0,HIGH,LOW,bagged_stump_ensemble,False,LOW,0.0774199401838707,0.8370622435918998,0.08551781622422953,HIGH,0.7475073303430395,0.11815202556188714,0.13434064409507343
at://did:plc:7hatrfww3w3to7nirbufepax/app.bsky.feed.post/3mijso62g2c2k,0.0,LOW,LOW,bagged_stump_ensemble,True,LOW,0.057585454139163834,0.8707128750237707,0.07170167083706555,LOW,0.26330330340505126,0.48333168561818746,0.25336501097676134
at://did:plc:7hsnhyve3clc2crizt2ttrxz/app.bsky.feed.post/3mijsxhmypc2n,0.0,LOW,LOW,bagged_stump_ensemble,True,LOW,0.08083861960351389,0.8296060339547578,0.08955534644172829,HIGH,0.4530851461493294,0.18269910704762415,0.3642157468030465
at://did:plc:7hu6dgo62dqsofkxz76fpzr2/app.bsky.feed.post/3mijsrqod3s2k,0.0,LOW,LOW,bagged_stump_ensemble,True,LOW,0.05774568108530806,0.866985672243703,0.07526864667098887,MEDIUM,0.36331364987985315,0.2700710966162795,0.36661525350386737
at://did:plc:7hx4qsv5xfag2ylzbur3wt6f/app.bsky.feed.post/3mijsxvilzc2k,0.0,LOW,LOW,bagged_stump_ensemble,True,LOW,0.07934249423450475,0.834114545282986,0.08654296048250916,LOW,0.3457714877129108,0.4084596474090508,0.24576886487803834
at://did:plc:7hyy2iasygpns7qgu5nc25tf/app.bsky.feed.post/3mijsulj6ms2n,0.0,LOW,LOW,bagged_stump_ensemble,True,LOW,0.07146036760105254,0.8491850755380893,0.07935455686085817,LOW,0.25750888461571925,0.4150152344839292,0.3274758809003515
at://did:plc:7ib4gt6ntexigwtqfymoycoz/app.bsky.feed.post/3mijspu4v2c2a,0.0,LOW,LOW,bagged_stump_ensemble,True,LOW,0.06956980289686712,0.8473163993562488,0.08311379774688411,HIGH,0.48925919388551714,0.22518340707434234,0.2855573990401404
at://did:plc:7iccuefbimrolfj3csxq67qp/app.bsky.feed.post/3mijsotlnpk2w,0.0,LOW,LOW,bagged_stump_ensemble,True,LOW,0.07878790052623617,0.8342472533911628,0.08696484608260105,MEDIUM,0.33454641395797713,0.23813633565348127,0.4273172503885415
