uri,post_created_at,post_text_raw,post_text_clean,post_text_alnum,candidate_phrase_raw,candidate_phrase_clean,candidate_phrase_alnum,candidate_phrase_no_hash,candidate_source_type,candidate_token_count,candidate_char_count,candidate_rank_in_post,is_hashtag_candidate,contains_digit,is_unigram_fallback,candidate_start_index
at://did:plc:222ocxmd3qfo5pn7juncj5ds/app.bsky.feed.post/3mijstev6uk2k,2026-04-02T18:16:23.346Z,"when he does finally die there'll arise a new myth cycle about the President Who Waits, resting in his tomb until, when the need is most dire, he will return to save all the pedophiles",when he does finally die there'll arise a new myth cycle about the president who waits resting in his tomb until when the need is most dire he will return to save all the pedophiles,when he does finally die there ll arise a new myth cycle about the president who waits resting in his tomb until when the need is most dire he will return to save all the pedophiles,does finally die there,does finally die there,does finally die there,does finally die there,ngram_4,4,22,1,False,False,False,2
at://did:plc:222ocxmd3qfo5pn7juncj5ds/app.bsky.feed.post/3mijstev6uk2k,2026-04-02T18:16:23.346Z,"when he does finally die there'll arise a new myth cycle about the President Who Waits, resting in his tomb until, when the need is most dire, he will return to save all the pedophiles",when he does finally die there'll arise a new myth cycle about the president who waits resting in his tomb until when the need is most dire he will return to save all the pedophiles,when he does finally die there ll arise a new myth cycle about the president who waits resting in his tomb until when the need is most dire he will return to save all the pedophiles,finally die there ll,finally die there ll,finally die there ll,finally die there ll,ngram_4,4,20,2,False,False,False,3
at://did:plc:222ocxmd3qfo5pn7juncj5ds/app.bsky.feed.post/3mijstev6uk2k,2026-04-02T18:16:23.346Z,"when he does finally die there'll arise a new myth cycle about the President Who Waits, resting in his tomb until, when the need is most dire, he will return to save all the pedophiles",when he does finally die there'll arise a new myth cycle about the president who waits resting in his tomb until when the need is most dire he will return to save all the pedophiles,when he does finally die there ll arise a new myth cycle about the president who waits resting in his tomb until when the need is most dire he will return to save all the pedophiles,die there ll arise,die there ll arise,die there ll arise,die there ll arise,ngram_4,4,18,3,False,False,False,4
at://did:plc:222ocxmd3qfo5pn7juncj5ds/app.bsky.feed.post/3mijstev6uk2k,2026-04-02T18:16:23.346Z,"when he does finally die there'll arise a new myth cycle about the President Who Waits, resting in his tomb until, when the need is most dire, he will return to save all the pedophiles",when he does finally die there'll arise a new myth cycle about the president who waits resting in his tomb until when the need is most dire he will return to save all the pedophiles,when he does finally die there ll arise a new myth cycle about the president who waits resting in his tomb until when the need is most dire he will return to save all the pedophiles,ll arise a new,ll arise a new,ll arise a new,ll arise a new,ngram_4,4,14,4,False,False,False,6
at://did:plc:222ocxmd3qfo5pn7juncj5ds/app.bsky.feed.post/3mijstev6uk2k,2026-04-02T18:16:23.346Z,"when he does finally die there'll arise a new myth cycle about the President Who Waits, resting in his tomb until, when the need is most dire, he will return to save all the pedophiles",when he does finally die there'll arise a new myth cycle about the president who waits resting in his tomb until when the need is most dire he will return to save all the pedophiles,when he does finally die there ll arise a new myth cycle about the president who waits resting in his tomb until when the need is most dire he will return to save all the pedophiles,arise a new myth,arise a new myth,arise a new myth,arise a new myth,ngram_4,4,16,5,False,False,False,7
at://did:plc:222ocxmd3qfo5pn7juncj5ds/app.bsky.feed.post/3mijstev6uk2k,2026-04-02T18:16:23.346Z,"when he does finally die there'll arise a new myth cycle about the President Who Waits, resting in his tomb until, when the need is most dire, he will return to save all the pedophiles",when he does finally die there'll arise a new myth cycle about the president who waits resting in his tomb until when the need is most dire he will return to save all the pedophiles,when he does finally die there ll arise a new myth cycle about the president who waits resting in his tomb until when the need is most dire he will return to save all the pedophiles,new myth cycle about,new myth cycle about,new myth cycle about,new myth cycle about,ngram_4,4,20,6,False,False,False,9
at://did:plc:222ocxmd3qfo5pn7juncj5ds/app.bsky.feed.post/3mijstev6uk2k,2026-04-02T18:16:23.346Z,"when he does finally die there'll arise a new myth cycle about the President Who Waits, resting in his tomb until, when the need is most dire, he will return to save all the pedophiles",when he does finally die there'll arise a new myth cycle about the president who waits resting in his tomb until when the need is most dire he will return to save all the pedophiles,when he does finally die there ll arise a new myth cycle about the president who waits resting in his tomb until when the need is most dire he will return to save all the pedophiles,cycle about the president,cycle about the president,cycle about the president,cycle about the president,ngram_4,4,25,7,False,False,False,11
at://did:plc:222ocxmd3qfo5pn7juncj5ds/app.bsky.feed.post/3mijstev6uk2k,2026-04-02T18:16:23.346Z,"when he does finally die there'll arise a new myth cycle about the President Who Waits, resting in his tomb until, when the need is most dire, he will return to save all the pedophiles",when he does finally die there'll arise a new myth cycle about the president who waits resting in his tomb until when the need is most dire he will return to save all the pedophiles,when he does finally die there ll arise a new myth cycle about the president who waits resting in his tomb until when the need is most dire he will return to save all the pedophiles,president who waits resting,president who waits resting,president who waits resting,president who waits resting,ngram_4,4,27,8,False,False,False,14
at://did:plc:222ocxmd3qfo5pn7juncj5ds/app.bsky.feed.post/3mijstev6uk2k,2026-04-02T18:16:23.346Z,"when he does finally die there'll arise a new myth cycle about the President Who Waits, resting in his tomb until, when the need is most dire, he will return to save all the pedophiles",when he does finally die there'll arise a new myth cycle about the president who waits resting in his tomb until when the need is most dire he will return to save all the pedophiles,when he does finally die there ll arise a new myth cycle about the president who waits resting in his tomb until when the need is most dire he will return to save all the pedophiles,resting in his tomb,resting in his tomb,resting in his tomb,resting in his tomb,ngram_4,4,19,9,False,False,False,17
at://did:plc:222ocxmd3qfo5pn7juncj5ds/app.bsky.feed.post/3mijstev6uk2k,2026-04-02T18:16:23.346Z,"when he does finally die there'll arise a new myth cycle about the President Who Waits, resting in his tomb until, when the need is most dire, he will return to save all the pedophiles",when he does finally die there'll arise a new myth cycle about the president who waits resting in his tomb until when the need is most dire he will return to save all the pedophiles,when he does finally die there ll arise a new myth cycle about the president who waits resting in his tomb until when the need is most dire he will return to save all the pedophiles,until when the need,until when the need,until when the need,until when the need,ngram_4,4,19,10,False,False,False,21
at://did:plc:222ocxmd3qfo5pn7juncj5ds/app.bsky.feed.post/3mijstev6uk2k,2026-04-02T18:16:23.346Z,"when he does finally die there'll arise a new myth cycle about the President Who Waits, resting in his tomb until, when the need is most dire, he will return to save all the pedophiles",when he does finally die there'll arise a new myth cycle about the president who waits resting in his tomb until when the need is most dire he will return to save all the pedophiles,when he does finally die there ll arise a new myth cycle about the president who waits resting in his tomb until when the need is most dire he will return to save all the pedophiles,need is most dire,need is most dire,need is most dire,need is most dire,ngram_4,4,17,11,False,False,False,24
at://did:plc:222ocxmd3qfo5pn7juncj5ds/app.bsky.feed.post/3mijstev6uk2k,2026-04-02T18:16:23.346Z,"when he does finally die there'll arise a new myth cycle about the President Who Waits, resting in his tomb until, when the need is most dire, he will return to save all the pedophiles",when he does finally die there'll arise a new myth cycle about the president who waits resting in his tomb until when the need is most dire he will return to save all the pedophiles,when he does finally die there ll arise a new myth cycle about the president who waits resting in his tomb until when the need is most dire he will return to save all the pedophiles,dire he will return,dire he will return,dire he will return,dire he will return,ngram_4,4,19,12,False,False,False,27
at://did:plc:222ocxmd3qfo5pn7juncj5ds/app.bsky.feed.post/3mijstev6uk2k,2026-04-02T18:16:23.346Z,"when he does finally die there'll arise a new myth cycle about the President Who Waits, resting in his tomb until, when the need is most dire, he will return to save all the pedophiles",when he does finally die there'll arise a new myth cycle about the president who waits resting in his tomb until when the need is most dire he will return to save all the pedophiles,when he does finally die there ll arise a new myth cycle about the president who waits resting in his tomb until when the need is most dire he will return to save all the pedophiles,return to save all,return to save all,return to save all,return to save all,ngram_4,4,18,13,False,False,False,30
at://did:plc:222ocxmd3qfo5pn7juncj5ds/app.bsky.feed.post/3mijstev6uk2k,2026-04-02T18:16:23.346Z,"when he does finally die there'll arise a new myth cycle about the President Who Waits, resting in his tomb until, when the need is most dire, he will return to save all the pedophiles",when he does finally die there'll arise a new myth cycle about the president who waits resting in his tomb until when the need is most dire he will return to save all the pedophiles,when he does finally die there ll arise a new myth cycle about the president who waits resting in his tomb until when the need is most dire he will return to save all the pedophiles,save all the pedophiles,save all the pedophiles,save all the pedophiles,save all the pedophiles,ngram_4,4,23,14,False,False,False,32
at://did:plc:222ocxmd3qfo5pn7juncj5ds/app.bsky.feed.post/3mijstev6uk2k,2026-04-02T18:16:23.346Z,"when he does finally die there'll arise a new myth cycle about the President Who Waits, resting in his tomb until, when the need is most dire, he will return to save all the pedophiles",when he does finally die there'll arise a new myth cycle about the president who waits resting in his tomb until when the need is most dire he will return to save all the pedophiles,when he does finally die there ll arise a new myth cycle about the president who waits resting in his tomb until when the need is most dire he will return to save all the pedophiles,does finally die,does finally die,does finally die,does finally die,ngram_3,3,16,15,False,False,False,2
at://did:plc:222ocxmd3qfo5pn7juncj5ds/app.bsky.feed.post/3mijstev6uk2k,2026-04-02T18:16:23.346Z,"when he does finally die there'll arise a new myth cycle about the President Who Waits, resting in his tomb until, when the need is most dire, he will return to save all the pedophiles",when he does finally die there'll arise a new myth cycle about the president who waits resting in his tomb until when the need is most dire he will return to save all the pedophiles,when he does finally die there ll arise a new myth cycle about the president who waits resting in his tomb until when the need is most dire he will return to save all the pedophiles,finally die there,finally die there,finally die there,finally die there,ngram_3,3,17,16,False,False,False,3
at://did:plc:222ocxmd3qfo5pn7juncj5ds/app.bsky.feed.post/3mijstev6uk2k,2026-04-02T18:16:23.346Z,"when he does finally die there'll arise a new myth cycle about the President Who Waits, resting in his tomb until, when the need is most dire, he will return to save all the pedophiles",when he does finally die there'll arise a new myth cycle about the president who waits resting in his tomb until when the need is most dire he will return to save all the pedophiles,when he does finally die there ll arise a new myth cycle about the president who waits resting in his tomb until when the need is most dire he will return to save all the pedophiles,die there ll,die there ll,die there ll,die there ll,ngram_3,3,12,17,False,False,False,4
at://did:plc:222ocxmd3qfo5pn7juncj5ds/app.bsky.feed.post/3mijstev6uk2k,2026-04-02T18:16:23.346Z,"when he does finally die there'll arise a new myth cycle about the President Who Waits, resting in his tomb until, when the need is most dire, he will return to save all the pedophiles",when he does finally die there'll arise a new myth cycle about the president who waits resting in his tomb until when the need is most dire he will return to save all the pedophiles,when he does finally die there ll arise a new myth cycle about the president who waits resting in his tomb until when the need is most dire he will return to save all the pedophiles,there ll arise,there ll arise,there ll arise,there ll arise,ngram_3,3,14,18,False,False,False,5
at://did:plc:222ocxmd3qfo5pn7juncj5ds/app.bsky.feed.post/3mijstev6uk2k,2026-04-02T18:16:23.346Z,"when he does finally die there'll arise a new myth cycle about the President Who Waits, resting in his tomb until, when the need is most dire, he will return to save all the pedophiles",when he does finally die there'll arise a new myth cycle about the president who waits resting in his tomb until when the need is most dire he will return to save all the pedophiles,when he does finally die there ll arise a new myth cycle about the president who waits resting in his tomb until when the need is most dire he will return to save all the pedophiles,arise a new,arise a new,arise a new,arise a new,ngram_3,3,11,19,False,False,False,7
at://did:plc:222ocxmd3qfo5pn7juncj5ds/app.bsky.feed.post/3mijstev6uk2k,2026-04-02T18:16:23.346Z,"when he does finally die there'll arise a new myth cycle about the President Who Waits, resting in his tomb until, when the need is most dire, he will return to save all the pedophiles",when he does finally die there'll arise a new myth cycle about the president who waits resting in his tomb until when the need is most dire he will return to save all the pedophiles,when he does finally die there ll arise a new myth cycle about the president who waits resting in his tomb until when the need is most dire he will return to save all the pedophiles,new myth cycle,new myth cycle,new myth cycle,new myth cycle,ngram_3,3,14,20,False,False,False,9
at://did:plc:222p42fegwhwfyrc3gqam76j/app.bsky.feed.post/3mijsoh6et22d,2026-04-02T18:13:37.972Z,"What could Bondi have expected? The DOW is below 50,000",what could bondi have expected the dow is below 50 000,what could bondi have expected the dow is below 50 000,could bondi have expected,could bondi have expected,could bondi have expected,could bondi have expected,ngram_4,4,25,1,False,False,False,1
at://did:plc:222p42fegwhwfyrc3gqam76j/app.bsky.feed.post/3mijsoh6et22d,2026-04-02T18:13:37.972Z,"What could Bondi have expected? The DOW is below 50,000",what could bondi have expected the dow is below 50 000,what could bondi have expected the dow is below 50 000,dow is below 50,dow is below 50,dow is below 50,dow is below 50,ngram_4,4,15,2,False,True,False,6
at://did:plc:222p42fegwhwfyrc3gqam76j/app.bsky.feed.post/3mijsoh6et22d,2026-04-02T18:13:37.972Z,"What could Bondi have expected? The DOW is below 50,000",what could bondi have expected the dow is below 50 000,what could bondi have expected the dow is below 50 000,bondi have expected,bondi have expected,bondi have expected,bondi have expected,ngram_3,3,19,3,False,False,False,2
at://did:plc:222p42fegwhwfyrc3gqam76j/app.bsky.feed.post/3mijsoh6et22d,2026-04-02T18:13:37.972Z,"What could Bondi have expected? The DOW is below 50,000",what could bondi have expected the dow is below 50 000,what could bondi have expected the dow is below 50 000,expected the dow,expected the dow,expected the dow,expected the dow,ngram_3,3,16,4,False,False,False,4
at://did:plc:222p42fegwhwfyrc3gqam76j/app.bsky.feed.post/3mijsoh6et22d,2026-04-02T18:13:37.972Z,"What could Bondi have expected? The DOW is below 50,000",what could bondi have expected the dow is below 50 000,what could bondi have expected the dow is below 50 000,dow is below,dow is below,dow is below,dow is below,ngram_3,3,12,5,False,False,False,6
at://did:plc:222p42fegwhwfyrc3gqam76j/app.bsky.feed.post/3mijsoh6et22d,2026-04-02T18:13:37.972Z,"What could Bondi have expected? The DOW is below 50,000",what could bondi have expected the dow is below 50 000,what could bondi have expected the dow is below 50 000,below 50 000,below 50 000,below 50 000,below 50 000,ngram_3,3,12,6,False,True,False,8
at://did:plc:222p42fegwhwfyrc3gqam76j/app.bsky.feed.post/3mijsoh6et22d,2026-04-02T18:13:37.972Z,"What could Bondi have expected? The DOW is below 50,000",what could bondi have expected the dow is below 50 000,what could bondi have expected the dow is below 50 000,could bondi,could bondi,could bondi,could bondi,ngram_2,2,11,7,False,False,False,1
at://did:plc:222p42fegwhwfyrc3gqam76j/app.bsky.feed.post/3mijsoh6et22d,2026-04-02T18:13:37.972Z,"What could Bondi have expected? The DOW is below 50,000",what could bondi have expected the dow is below 50 000,what could bondi have expected the dow is below 50 000,below 50,below 50,below 50,below 50,ngram_2,2,8,8,False,True,False,8
at://did:plc:222p42fegwhwfyrc3gqam76j/app.bsky.feed.post/3mijsoh6et22d,2026-04-02T18:13:37.972Z,"What could Bondi have expected? The DOW is below 50,000",what could bondi have expected the dow is below 50 000,what could bondi have expected the dow is below 50 000,50 000,50 000,50 000,50 000,ngram_2,2,6,9,False,True,False,9
at://did:plc:223eaz6uecpa3t63jdlojutp/app.bsky.feed.post/3mijsplw7rk2g,2026-04-02T18:14:16.501Z,An important subject & obviously well done. Wishing you continued success.,an important subject obviously well done wishing you continued success,an important subject obviously well done wishing you continued success,important subject obviously well,important subject obviously well,important subject obviously well,important subject obviously well,ngram_4,4,32,1,False,False,False,1
at://did:plc:223eaz6uecpa3t63jdlojutp/app.bsky.feed.post/3mijsplw7rk2g,2026-04-02T18:14:16.501Z,An important subject & obviously well done. Wishing you continued success.,an important subject obviously well done wishing you continued success,an important subject obviously well done wishing you continued success,subject obviously well done,subject obviously well done,subject obviously well done,subject obviously well done,ngram_4,4,27,2,False,False,False,2
at://did:plc:223eaz6uecpa3t63jdlojutp/app.bsky.feed.post/3mijsplw7rk2g,2026-04-02T18:14:16.501Z,An important subject & obviously well done. Wishing you continued success.,an important subject obviously well done wishing you continued success,an important subject obviously well done wishing you continued success,obviously well done wishing,obviously well done wishing,obviously well done wishing,obviously well done wishing,ngram_4,4,27,3,False,False,False,3
at://did:plc:223eaz6uecpa3t63jdlojutp/app.bsky.feed.post/3mijsplw7rk2g,2026-04-02T18:14:16.501Z,An important subject & obviously well done. Wishing you continued success.,an important subject obviously well done wishing you continued success,an important subject obviously well done wishing you continued success,done wishing you continued,done wishing you continued,done wishing you continued,done wishing you continued,ngram_4,4,26,4,False,False,False,5
at://did:plc:223eaz6uecpa3t63jdlojutp/app.bsky.feed.post/3mijsplw7rk2g,2026-04-02T18:14:16.501Z,An important subject & obviously well done. Wishing you continued success.,an important subject obviously well done wishing you continued success,an important subject obviously well done wishing you continued success,wishing you continued success,wishing you continued success,wishing you continued success,wishing you continued success,ngram_4,4,29,5,False,False,False,6
at://did:plc:223eaz6uecpa3t63jdlojutp/app.bsky.feed.post/3mijsplw7rk2g,2026-04-02T18:14:16.501Z,An important subject & obviously well done. Wishing you continued success.,an important subject obviously well done wishing you continued success,an important subject obviously well done wishing you continued success,important subject obviously,important subject obviously,important subject obviously,important subject obviously,ngram_3,3,27,6,False,False,False,1
at://did:plc:223eaz6uecpa3t63jdlojutp/app.bsky.feed.post/3mijsplw7rk2g,2026-04-02T18:14:16.501Z,An important subject & obviously well done. Wishing you continued success.,an important subject obviously well done wishing you continued success,an important subject obviously well done wishing you continued success,subject obviously well,subject obviously well,subject obviously well,subject obviously well,ngram_3,3,22,7,False,False,False,2
at://did:plc:223eaz6uecpa3t63jdlojutp/app.bsky.feed.post/3mijsplw7rk2g,2026-04-02T18:14:16.501Z,An important subject & obviously well done. Wishing you continued success.,an important subject obviously well done wishing you continued success,an important subject obviously well done wishing you continued success,obviously well done,obviously well done,obviously well done,obviously well done,ngram_3,3,19,8,False,False,False,3
at://did:plc:223eaz6uecpa3t63jdlojutp/app.bsky.feed.post/3mijsplw7rk2g,2026-04-02T18:14:16.501Z,An important subject & obviously well done. Wishing you continued success.,an important subject obviously well done wishing you continued success,an important subject obviously well done wishing you continued success,well done wishing,well done wishing,well done wishing,well done wishing,ngram_3,3,17,9,False,False,False,4
at://did:plc:223eaz6uecpa3t63jdlojutp/app.bsky.feed.post/3mijsplw7rk2g,2026-04-02T18:14:16.501Z,An important subject & obviously well done. Wishing you continued success.,an important subject obviously well done wishing you continued success,an important subject obviously well done wishing you continued success,wishing you continued,wishing you continued,wishing you continued,wishing you continued,ngram_3,3,21,10,False,False,False,6
at://did:plc:223eaz6uecpa3t63jdlojutp/app.bsky.feed.post/3mijsplw7rk2g,2026-04-02T18:14:16.501Z,An important subject & obviously well done. Wishing you continued success.,an important subject obviously well done wishing you continued success,an important subject obviously well done wishing you continued success,important subject,important subject,important subject,important subject,ngram_2,2,17,11,False,False,False,1
at://did:plc:223eaz6uecpa3t63jdlojutp/app.bsky.feed.post/3mijsplw7rk2g,2026-04-02T18:14:16.501Z,An important subject & obviously well done. Wishing you continued success.,an important subject obviously well done wishing you continued success,an important subject obviously well done wishing you continued success,subject obviously,subject obviously,subject obviously,subject obviously,ngram_2,2,17,12,False,False,False,2
at://did:plc:223eaz6uecpa3t63jdlojutp/app.bsky.feed.post/3mijsplw7rk2g,2026-04-02T18:14:16.501Z,An important subject & obviously well done. Wishing you continued success.,an important subject obviously well done wishing you continued success,an important subject obviously well done wishing you continued success,obviously well,obviously well,obviously well,obviously well,ngram_2,2,14,13,False,False,False,3
at://did:plc:223eaz6uecpa3t63jdlojutp/app.bsky.feed.post/3mijsplw7rk2g,2026-04-02T18:14:16.501Z,An important subject & obviously well done. Wishing you continued success.,an important subject obviously well done wishing you continued success,an important subject obviously well done wishing you continued success,well done,well done,well done,well done,ngram_2,2,9,14,False,False,False,4
at://did:plc:223eaz6uecpa3t63jdlojutp/app.bsky.feed.post/3mijsplw7rk2g,2026-04-02T18:14:16.501Z,An important subject & obviously well done. Wishing you continued success.,an important subject obviously well done wishing you continued success,an important subject obviously well done wishing you continued success,done wishing,done wishing,done wishing,done wishing,ngram_2,2,12,15,False,False,False,5
at://did:plc:223eaz6uecpa3t63jdlojutp/app.bsky.feed.post/3mijsplw7rk2g,2026-04-02T18:14:16.501Z,An important subject & obviously well done. Wishing you continued success.,an important subject obviously well done wishing you continued success,an important subject obviously well done wishing you continued success,continued success,continued success,continued success,continued success,ngram_2,2,17,16,False,False,False,8
at://did:plc:22auflhdbiemhxvkgvpusmmd/app.bsky.feed.post/3mijsrlnvck2t,2026-04-02T18:15:23.338Z,i never flirted before.. i just exist or look at you and hope it does something,i never flirted before i just exist or look at you and hope it does something,i never flirted before i just exist or look at you and hope it does something,flirted before i just,flirted before i just,flirted before i just,flirted before i just,ngram_4,4,21,1,False,False,False,2
at://did:plc:22auflhdbiemhxvkgvpusmmd/app.bsky.feed.post/3mijsrlnvck2t,2026-04-02T18:15:23.338Z,i never flirted before.. i just exist or look at you and hope it does something,i never flirted before i just exist or look at you and hope it does something,i never flirted before i just exist or look at you and hope it does something,before i just exist,before i just exist,before i just exist,before i just exist,ngram_4,4,19,2,False,False,False,3
at://did:plc:22auflhdbiemhxvkgvpusmmd/app.bsky.feed.post/3mijsrlnvck2t,2026-04-02T18:15:23.338Z,i never flirted before.. i just exist or look at you and hope it does something,i never flirted before i just exist or look at you and hope it does something,i never flirted before i just exist or look at you and hope it does something,just exist or look,just exist or look,just exist or look,just exist or look,ngram_4,4,18,3,False,False,False,5
at://did:plc:22auflhdbiemhxvkgvpusmmd/app.bsky.feed.post/3mijsrlnvck2t,2026-04-02T18:15:23.338Z,i never flirted before.. i just exist or look at you and hope it does something,i never flirted before i just exist or look at you and hope it does something,i never flirted before i just exist or look at you and hope it does something,hope it does something,hope it does something,hope it does something,hope it does something,ngram_4,4,22,4,False,False,False,12
at://did:plc:22auflhdbiemhxvkgvpusmmd/app.bsky.feed.post/3mijsrlnvck2t,2026-04-02T18:15:23.338Z,i never flirted before.. i just exist or look at you and hope it does something,i never flirted before i just exist or look at you and hope it does something,i never flirted before i just exist or look at you and hope it does something,never flirted before,never flirted before,never flirted before,never flirted before,ngram_3,3,20,5,False,False,False,1
at://did:plc:22auflhdbiemhxvkgvpusmmd/app.bsky.feed.post/3mijsrlnvck2t,2026-04-02T18:15:23.338Z,i never flirted before.. i just exist or look at you and hope it does something,i never flirted before i just exist or look at you and hope it does something,i never flirted before i just exist or look at you and hope it does something,before i just,before i just,before i just,before i just,ngram_3,3,13,6,False,False,False,3
at://did:plc:22auflhdbiemhxvkgvpusmmd/app.bsky.feed.post/3mijsrlnvck2t,2026-04-02T18:15:23.338Z,i never flirted before.. i just exist or look at you and hope it does something,i never flirted before i just exist or look at you and hope it does something,i never flirted before i just exist or look at you and hope it does something,exist or look,exist or look,exist or look,exist or look,ngram_3,3,13,7,False,False,False,6
at://did:plc:22auflhdbiemhxvkgvpusmmd/app.bsky.feed.post/3mijsrlnvck2t,2026-04-02T18:15:23.338Z,i never flirted before.. i just exist or look at you and hope it does something,i never flirted before i just exist or look at you and hope it does something,i never flirted before i just exist or look at you and hope it does something,hope it does,hope it does,hope it does,hope it does,ngram_3,3,12,8,False,False,False,12
at://did:plc:22auflhdbiemhxvkgvpusmmd/app.bsky.feed.post/3mijsrlnvck2t,2026-04-02T18:15:23.338Z,i never flirted before.. i just exist or look at you and hope it does something,i never flirted before i just exist or look at you and hope it does something,i never flirted before i just exist or look at you and hope it does something,never flirted,never flirted,never flirted,never flirted,ngram_2,2,13,9,False,False,False,1
at://did:plc:22auflhdbiemhxvkgvpusmmd/app.bsky.feed.post/3mijsrlnvck2t,2026-04-02T18:15:23.338Z,i never flirted before.. i just exist or look at you and hope it does something,i never flirted before i just exist or look at you and hope it does something,i never flirted before i just exist or look at you and hope it does something,flirted before,flirted before,flirted before,flirted before,ngram_2,2,14,10,False,False,False,2
at://did:plc:22auflhdbiemhxvkgvpusmmd/app.bsky.feed.post/3mijsrlnvck2t,2026-04-02T18:15:23.338Z,i never flirted before.. i just exist or look at you and hope it does something,i never flirted before i just exist or look at you and hope it does something,i never flirted before i just exist or look at you and hope it does something,just exist,just exist,just exist,just exist,ngram_2,2,10,11,False,False,False,5
at://did:plc:22auflhdbiemhxvkgvpusmmd/app.bsky.feed.post/3mijsrlnvck2t,2026-04-02T18:15:23.338Z,i never flirted before.. i just exist or look at you and hope it does something,i never flirted before i just exist or look at you and hope it does something,i never flirted before i just exist or look at you and hope it does something,does something,does something,does something,does something,ngram_2,2,14,12,False,False,False,14
at://did:plc:22bb4y5cxdp3eucibibb4fkp/app.bsky.feed.post/3mijstty2zc2s,2026-04-02T18:16:39.167Z,Gonna be slow posting for a few days. Out on vacation. This machete's only gonna cut limes for a few days.,gonna be slow posting for a few days out on vacation this machete's only gonna cut limes for a few days,gonna be slow posting for a few days out on vacation this machete s only gonna cut limes for a few days,gonna be slow posting,gonna be slow posting,gonna be slow posting,gonna be slow posting,ngram_4,4,21,1,False,False,False,0
at://did:plc:22bb4y5cxdp3eucibibb4fkp/app.bsky.feed.post/3mijstty2zc2s,2026-04-02T18:16:39.167Z,Gonna be slow posting for a few days. Out on vacation. This machete's only gonna cut limes for a few days.,gonna be slow posting for a few days out on vacation this machete's only gonna cut limes for a few days,gonna be slow posting for a few days out on vacation this machete s only gonna cut limes for a few days,posting for a few,posting for a few,posting for a few,posting for a few,ngram_4,4,17,2,False,False,False,3
at://did:plc:22bb4y5cxdp3eucibibb4fkp/app.bsky.feed.post/3mijstty2zc2s,2026-04-02T18:16:39.167Z,Gonna be slow posting for a few days. Out on vacation. This machete's only gonna cut limes for a few days.,gonna be slow posting for a few days out on vacation this machete's only gonna cut limes for a few days,gonna be slow posting for a few days out on vacation this machete s only gonna cut limes for a few days,days out on vacation,days out on vacation,days out on vacation,days out on vacation,ngram_4,4,20,3,False,False,False,7
at://did:plc:22bb4y5cxdp3eucibibb4fkp/app.bsky.feed.post/3mijstty2zc2s,2026-04-02T18:16:39.167Z,Gonna be slow posting for a few days. Out on vacation. This machete's only gonna cut limes for a few days.,gonna be slow posting for a few days out on vacation this machete's only gonna cut limes for a few days,gonna be slow posting for a few days out on vacation this machete s only gonna cut limes for a few days,vacation this machete s,vacation this machete s,vacation this machete s,vacation this machete s,ngram_4,4,23,4,False,False,False,10
at://did:plc:22bb4y5cxdp3eucibibb4fkp/app.bsky.feed.post/3mijstty2zc2s,2026-04-02T18:16:39.167Z,Gonna be slow posting for a few days. Out on vacation. This machete's only gonna cut limes for a few days.,gonna be slow posting for a few days out on vacation this machete's only gonna cut limes for a few days,gonna be slow posting for a few days out on vacation this machete s only gonna cut limes for a few days,machete s only gonna,machete s only gonna,machete s only gonna,machete s only gonna,ngram_4,4,20,5,False,False,False,12
at://did:plc:22bb4y5cxdp3eucibibb4fkp/app.bsky.feed.post/3mijstty2zc2s,2026-04-02T18:16:39.167Z,Gonna be slow posting for a few days. Out on vacation. This machete's only gonna cut limes for a few days.,gonna be slow posting for a few days out on vacation this machete's only gonna cut limes for a few days,gonna be slow posting for a few days out on vacation this machete s only gonna cut limes for a few days,s only gonna cut,s only gonna cut,s only gonna cut,s only gonna cut,ngram_4,4,16,6,False,False,False,13
at://did:plc:22bb4y5cxdp3eucibibb4fkp/app.bsky.feed.post/3mijstty2zc2s,2026-04-02T18:16:39.167Z,Gonna be slow posting for a few days. Out on vacation. This machete's only gonna cut limes for a few days.,gonna be slow posting for a few days out on vacation this machete's only gonna cut limes for a few days,gonna be slow posting for a few days out on vacation this machete s only gonna cut limes for a few days,only gonna cut limes,only gonna cut limes,only gonna cut limes,only gonna cut limes,ngram_4,4,20,7,False,False,False,14
at://did:plc:22bb4y5cxdp3eucibibb4fkp/app.bsky.feed.post/3mijstty2zc2s,2026-04-02T18:16:39.167Z,Gonna be slow posting for a few days. Out on vacation. This machete's only gonna cut limes for a few days.,gonna be slow posting for a few days out on vacation this machete's only gonna cut limes for a few days,gonna be slow posting for a few days out on vacation this machete s only gonna cut limes for a few days,limes for a few,limes for a few,limes for a few,limes for a few,ngram_4,4,15,8,False,False,False,17
at://did:plc:22bb4y5cxdp3eucibibb4fkp/app.bsky.feed.post/3mijstty2zc2s,2026-04-02T18:16:39.167Z,Gonna be slow posting for a few days. Out on vacation. This machete's only gonna cut limes for a few days.,gonna be slow posting for a few days out on vacation this machete's only gonna cut limes for a few days,gonna be slow posting for a few days out on vacation this machete s only gonna cut limes for a few days,gonna be slow,gonna be slow,gonna be slow,gonna be slow,ngram_3,3,13,9,False,False,False,0
at://did:plc:22bb4y5cxdp3eucibibb4fkp/app.bsky.feed.post/3mijstty2zc2s,2026-04-02T18:16:39.167Z,Gonna be slow posting for a few days. Out on vacation. This machete's only gonna cut limes for a few days.,gonna be slow posting for a few days out on vacation this machete's only gonna cut limes for a few days,gonna be slow posting for a few days out on vacation this machete s only gonna cut limes for a few days,few days out,few days out,few days out,few days out,ngram_3,3,12,10,False,False,False,6
at://did:plc:22bb4y5cxdp3eucibibb4fkp/app.bsky.feed.post/3mijstty2zc2s,2026-04-02T18:16:39.167Z,Gonna be slow posting for a few days. Out on vacation. This machete's only gonna cut limes for a few days.,gonna be slow posting for a few days out on vacation this machete's only gonna cut limes for a few days,gonna be slow posting for a few days out on vacation this machete s only gonna cut limes for a few days,out on vacation,out on vacation,out on vacation,out on vacation,ngram_3,3,15,11,False,False,False,8
at://did:plc:22bb4y5cxdp3eucibibb4fkp/app.bsky.feed.post/3mijstty2zc2s,2026-04-02T18:16:39.167Z,Gonna be slow posting for a few days. Out on vacation. This machete's only gonna cut limes for a few days.,gonna be slow posting for a few days out on vacation this machete's only gonna cut limes for a few days,gonna be slow posting for a few days out on vacation this machete s only gonna cut limes for a few days,vacation this machete,vacation this machete,vacation this machete,vacation this machete,ngram_3,3,21,12,False,False,False,10
at://did:plc:22bb4y5cxdp3eucibibb4fkp/app.bsky.feed.post/3mijstty2zc2s,2026-04-02T18:16:39.167Z,Gonna be slow posting for a few days. Out on vacation. This machete's only gonna cut limes for a few days.,gonna be slow posting for a few days out on vacation this machete's only gonna cut limes for a few days,gonna be slow posting for a few days out on vacation this machete s only gonna cut limes for a few days,machete s only,machete s only,machete s only,machete s only,ngram_3,3,14,13,False,False,False,12
at://did:plc:22bb4y5cxdp3eucibibb4fkp/app.bsky.feed.post/3mijstty2zc2s,2026-04-02T18:16:39.167Z,Gonna be slow posting for a few days. Out on vacation. This machete's only gonna cut limes for a few days.,gonna be slow posting for a few days out on vacation this machete's only gonna cut limes for a few days,gonna be slow posting for a few days out on vacation this machete s only gonna cut limes for a few days,s only gonna,s only gonna,s only gonna,s only gonna,ngram_3,3,12,14,False,False,False,13
at://did:plc:22bb4y5cxdp3eucibibb4fkp/app.bsky.feed.post/3mijstty2zc2s,2026-04-02T18:16:39.167Z,Gonna be slow posting for a few days. Out on vacation. This machete's only gonna cut limes for a few days.,gonna be slow posting for a few days out on vacation this machete's only gonna cut limes for a few days,gonna be slow posting for a few days out on vacation this machete s only gonna cut limes for a few days,only gonna cut,only gonna cut,only gonna cut,only gonna cut,ngram_3,3,14,15,False,False,False,14
at://did:plc:22bb4y5cxdp3eucibibb4fkp/app.bsky.feed.post/3mijstty2zc2s,2026-04-02T18:16:39.167Z,Gonna be slow posting for a few days. Out on vacation. This machete's only gonna cut limes for a few days.,gonna be slow posting for a few days out on vacation this machete's only gonna cut limes for a few days,gonna be slow posting for a few days out on vacation this machete s only gonna cut limes for a few days,gonna cut limes,gonna cut limes,gonna cut limes,gonna cut limes,ngram_3,3,15,16,False,False,False,15
at://did:plc:22bb4y5cxdp3eucibibb4fkp/app.bsky.feed.post/3mijstty2zc2s,2026-04-02T18:16:39.167Z,Gonna be slow posting for a few days. Out on vacation. This machete's only gonna cut limes for a few days.,gonna be slow posting for a few days out on vacation this machete's only gonna cut limes for a few days,gonna be slow posting for a few days out on vacation this machete s only gonna cut limes for a few days,slow posting,slow posting,slow posting,slow posting,ngram_2,2,12,17,False,False,False,2
at://did:plc:22bb4y5cxdp3eucibibb4fkp/app.bsky.feed.post/3mijstty2zc2s,2026-04-02T18:16:39.167Z,Gonna be slow posting for a few days. Out on vacation. This machete's only gonna cut limes for a few days.,gonna be slow posting for a few days out on vacation this machete's only gonna cut limes for a few days,gonna be slow posting for a few days out on vacation this machete s only gonna cut limes for a few days,few days,few days,few days,few days,ngram_2,2,8,18,False,False,False,6
at://did:plc:22bb4y5cxdp3eucibibb4fkp/app.bsky.feed.post/3mijstty2zc2s,2026-04-02T18:16:39.167Z,Gonna be slow posting for a few days. Out on vacation. This machete's only gonna cut limes for a few days.,gonna be slow posting for a few days out on vacation this machete's only gonna cut limes for a few days,gonna be slow posting for a few days out on vacation this machete s only gonna cut limes for a few days,days out,days out,days out,days out,ngram_2,2,8,19,False,False,False,7
at://did:plc:22bb4y5cxdp3eucibibb4fkp/app.bsky.feed.post/3mijstty2zc2s,2026-04-02T18:16:39.167Z,Gonna be slow posting for a few days. Out on vacation. This machete's only gonna cut limes for a few days.,gonna be slow posting for a few days out on vacation this machete's only gonna cut limes for a few days,gonna be slow posting for a few days out on vacation this machete s only gonna cut limes for a few days,machete s,machete s,machete s,machete s,ngram_2,2,9,20,False,False,False,12
at://did:plc:22bixok3zcw6dv72gyi5pwox/app.bsky.feed.post/3mijsshbshk2k,2026-04-02T18:15:52.300Z,"I understand you're upset about the situation yesterday, but ain't no need to lash out on everyone.",i understand you're upset about the situation yesterday but ain't no need to lash out on everyone,i understand you re upset about the situation yesterday but ain t no need to lash out on everyone,understand you re upset,understand you re upset,understand you re upset,understand you re upset,ngram_4,4,23,1,False,False,False,1
at://did:plc:22bixok3zcw6dv72gyi5pwox/app.bsky.feed.post/3mijsshbshk2k,2026-04-02T18:15:52.300Z,"I understand you're upset about the situation yesterday, but ain't no need to lash out on everyone.",i understand you're upset about the situation yesterday but ain't no need to lash out on everyone,i understand you re upset about the situation yesterday but ain t no need to lash out on everyone,upset about the situation,upset about the situation,upset about the situation,upset about the situation,ngram_4,4,25,2,False,False,False,4
at://did:plc:22bixok3zcw6dv72gyi5pwox/app.bsky.feed.post/3mijsshbshk2k,2026-04-02T18:15:52.300Z,"I understand you're upset about the situation yesterday, but ain't no need to lash out on everyone.",i understand you're upset about the situation yesterday but ain't no need to lash out on everyone,i understand you re upset about the situation yesterday but ain t no need to lash out on everyone,about the situation yesterday,about the situation yesterday,about the situation yesterday,about the situation yesterday,ngram_4,4,29,3,False,False,False,5
at://did:plc:22bixok3zcw6dv72gyi5pwox/app.bsky.feed.post/3mijsshbshk2k,2026-04-02T18:15:52.300Z,"I understand you're upset about the situation yesterday, but ain't no need to lash out on everyone.",i understand you're upset about the situation yesterday but ain't no need to lash out on everyone,i understand you re upset about the situation yesterday but ain t no need to lash out on everyone,situation yesterday but ain,situation yesterday but ain,situation yesterday but ain,situation yesterday but ain,ngram_4,4,27,4,False,False,False,7
at://did:plc:22bixok3zcw6dv72gyi5pwox/app.bsky.feed.post/3mijsshbshk2k,2026-04-02T18:15:52.300Z,"I understand you're upset about the situation yesterday, but ain't no need to lash out on everyone.",i understand you're upset about the situation yesterday but ain't no need to lash out on everyone,i understand you re upset about the situation yesterday but ain t no need to lash out on everyone,yesterday but ain t,yesterday but ain t,yesterday but ain t,yesterday but ain t,ngram_4,4,19,5,False,False,False,8
at://did:plc:22bixok3zcw6dv72gyi5pwox/app.bsky.feed.post/3mijsshbshk2k,2026-04-02T18:15:52.300Z,"I understand you're upset about the situation yesterday, but ain't no need to lash out on everyone.",i understand you're upset about the situation yesterday but ain't no need to lash out on everyone,i understand you re upset about the situation yesterday but ain t no need to lash out on everyone,ain t no need,ain t no need,ain t no need,ain t no need,ngram_4,4,13,6,False,False,False,10
at://did:plc:22bixok3zcw6dv72gyi5pwox/app.bsky.feed.post/3mijsshbshk2k,2026-04-02T18:15:52.300Z,"I understand you're upset about the situation yesterday, but ain't no need to lash out on everyone.",i understand you're upset about the situation yesterday but ain't no need to lash out on everyone,i understand you re upset about the situation yesterday but ain t no need to lash out on everyone,no need to lash,no need to lash,no need to lash,no need to lash,ngram_4,4,15,7,False,False,False,12
at://did:plc:22bixok3zcw6dv72gyi5pwox/app.bsky.feed.post/3mijsshbshk2k,2026-04-02T18:15:52.300Z,"I understand you're upset about the situation yesterday, but ain't no need to lash out on everyone.",i understand you're upset about the situation yesterday but ain't no need to lash out on everyone,i understand you re upset about the situation yesterday but ain t no need to lash out on everyone,need to lash out,need to lash out,need to lash out,need to lash out,ngram_4,4,16,8,False,False,False,13
at://did:plc:22bixok3zcw6dv72gyi5pwox/app.bsky.feed.post/3mijsshbshk2k,2026-04-02T18:15:52.300Z,"I understand you're upset about the situation yesterday, but ain't no need to lash out on everyone.",i understand you're upset about the situation yesterday but ain't no need to lash out on everyone,i understand you re upset about the situation yesterday but ain t no need to lash out on everyone,lash out on everyone,lash out on everyone,lash out on everyone,lash out on everyone,ngram_4,4,20,9,False,False,False,15
at://did:plc:22bixok3zcw6dv72gyi5pwox/app.bsky.feed.post/3mijsshbshk2k,2026-04-02T18:15:52.300Z,"I understand you're upset about the situation yesterday, but ain't no need to lash out on everyone.",i understand you're upset about the situation yesterday but ain't no need to lash out on everyone,i understand you re upset about the situation yesterday but ain t no need to lash out on everyone,understand you re,understand you re,understand you re,understand you re,ngram_3,3,17,10,False,False,False,1
at://did:plc:22bixok3zcw6dv72gyi5pwox/app.bsky.feed.post/3mijsshbshk2k,2026-04-02T18:15:52.300Z,"I understand you're upset about the situation yesterday, but ain't no need to lash out on everyone.",i understand you're upset about the situation yesterday but ain't no need to lash out on everyone,i understand you re upset about the situation yesterday but ain t no need to lash out on everyone,re upset about,re upset about,re upset about,re upset about,ngram_3,3,14,11,False,False,False,3
at://did:plc:22bixok3zcw6dv72gyi5pwox/app.bsky.feed.post/3mijsshbshk2k,2026-04-02T18:15:52.300Z,"I understand you're upset about the situation yesterday, but ain't no need to lash out on everyone.",i understand you're upset about the situation yesterday but ain't no need to lash out on everyone,i understand you re upset about the situation yesterday but ain t no need to lash out on everyone,about the situation,about the situation,about the situation,about the situation,ngram_3,3,19,12,False,False,False,5
at://did:plc:22bixok3zcw6dv72gyi5pwox/app.bsky.feed.post/3mijsshbshk2k,2026-04-02T18:15:52.300Z,"I understand you're upset about the situation yesterday, but ain't no need to lash out on everyone.",i understand you're upset about the situation yesterday but ain't no need to lash out on everyone,i understand you re upset about the situation yesterday but ain t no need to lash out on everyone,yesterday but ain,yesterday but ain,yesterday but ain,yesterday but ain,ngram_3,3,17,13,False,False,False,8
at://did:plc:22bixok3zcw6dv72gyi5pwox/app.bsky.feed.post/3mijsshbshk2k,2026-04-02T18:15:52.300Z,"I understand you're upset about the situation yesterday, but ain't no need to lash out on everyone.",i understand you're upset about the situation yesterday but ain't no need to lash out on everyone,i understand you re upset about the situation yesterday but ain t no need to lash out on everyone,ain t no,ain t no,ain t no,ain t no,ngram_3,3,8,14,False,False,False,10
at://did:plc:22bixok3zcw6dv72gyi5pwox/app.bsky.feed.post/3mijsshbshk2k,2026-04-02T18:15:52.300Z,"I understand you're upset about the situation yesterday, but ain't no need to lash out on everyone.",i understand you're upset about the situation yesterday but ain't no need to lash out on everyone,i understand you re upset about the situation yesterday but ain t no need to lash out on everyone,t no need,t no need,t no need,t no need,ngram_3,3,9,15,False,False,False,11
at://did:plc:22bixok3zcw6dv72gyi5pwox/app.bsky.feed.post/3mijsshbshk2k,2026-04-02T18:15:52.300Z,"I understand you're upset about the situation yesterday, but ain't no need to lash out on everyone.",i understand you're upset about the situation yesterday but ain't no need to lash out on everyone,i understand you re upset about the situation yesterday but ain t no need to lash out on everyone,need to lash,need to lash,need to lash,need to lash,ngram_3,3,12,16,False,False,False,13
at://did:plc:22bixok3zcw6dv72gyi5pwox/app.bsky.feed.post/3mijsshbshk2k,2026-04-02T18:15:52.300Z,"I understand you're upset about the situation yesterday, but ain't no need to lash out on everyone.",i understand you're upset about the situation yesterday but ain't no need to lash out on everyone,i understand you re upset about the situation yesterday but ain t no need to lash out on everyone,out on everyone,out on everyone,out on everyone,out on everyone,ngram_3,3,15,17,False,False,False,16
at://did:plc:22bixok3zcw6dv72gyi5pwox/app.bsky.feed.post/3mijsshbshk2k,2026-04-02T18:15:52.300Z,"I understand you're upset about the situation yesterday, but ain't no need to lash out on everyone.",i understand you're upset about the situation yesterday but ain't no need to lash out on everyone,i understand you re upset about the situation yesterday but ain t no need to lash out on everyone,re upset,re upset,re upset,re upset,ngram_2,2,8,18,False,False,False,3
at://did:plc:22bixok3zcw6dv72gyi5pwox/app.bsky.feed.post/3mijsshbshk2k,2026-04-02T18:15:52.300Z,"I understand you're upset about the situation yesterday, but ain't no need to lash out on everyone.",i understand you're upset about the situation yesterday but ain't no need to lash out on everyone,i understand you re upset about the situation yesterday but ain t no need to lash out on everyone,upset about,upset about,upset about,upset about,ngram_2,2,11,19,False,False,False,4
at://did:plc:22bixok3zcw6dv72gyi5pwox/app.bsky.feed.post/3mijsshbshk2k,2026-04-02T18:15:52.300Z,"I understand you're upset about the situation yesterday, but ain't no need to lash out on everyone.",i understand you're upset about the situation yesterday but ain't no need to lash out on everyone,i understand you re upset about the situation yesterday but ain t no need to lash out on everyone,situation yesterday,situation yesterday,situation yesterday,situation yesterday,ngram_2,2,19,20,False,False,False,7
at://did:plc:22bixok3zcw6dv72gyi5pwox/app.bsky.feed.post/3mijswbkrck2k,2026-04-02T18:18:00.520Z,How is he being a dick?,how is he being a dick,how is he being a dick,how is he being,how is he being,how is he being,how is he being,ngram_4,4,15,1,False,False,False,0
at://did:plc:22bixok3zcw6dv72gyi5pwox/app.bsky.feed.post/3mijswbkrck2k,2026-04-02T18:18:00.520Z,How is he being a dick?,how is he being a dick,how is he being a dick,being a dick,being a dick,being a dick,being a dick,ngram_3,3,12,2,False,False,False,3
at://did:plc:22dulstyhpc7jfpogwtyqkhv/app.bsky.feed.post/3mijsrlxidw2e,2026-04-02T18:15:23.613Z,"🩺What's under those scrubs @Nurse__Scarlett🩺

Nurses are so dirty !!

Please RT and Follow her!

More Flashing linktr.ee/flashing1
#Nurse #scrubs #naughtynurse #publicflash #nurseboobs #nurselife",🩺what's under those scrubs @nurse scarlett🩺 nurses are so dirty please rt and follow her more flashing linktr ee flashing1 #nurse #scrubs #naughtynurse #publicflash #nurseboobs #nurselife,what s under those scrubs nurse scarlett nurses are so dirty please rt and follow her more flashing linktr ee flashing1 nurse scrubs naughtynurse publicflash nurseboobs nurselife,#nurse,#nurse,nurse,nurse,hashtag,1,6,1,True,False,False,123
at://did:plc:22dulstyhpc7jfpogwtyqkhv/app.bsky.feed.post/3mijsrlxidw2e,2026-04-02T18:15:23.613Z,"🩺What's under those scrubs @Nurse__Scarlett🩺

Nurses are so dirty !!

Please RT and Follow her!

More Flashing linktr.ee/flashing1
#Nurse #scrubs #naughtynurse #publicflash #nurseboobs #nurselife",🩺what's under those scrubs @nurse scarlett🩺 nurses are so dirty please rt and follow her more flashing linktr ee flashing1 #nurse #scrubs #naughtynurse #publicflash #nurseboobs #nurselife,what s under those scrubs nurse scarlett nurses are so dirty please rt and follow her more flashing linktr ee flashing1 nurse scrubs naughtynurse publicflash nurseboobs nurselife,#scrubs,#scrubs,scrubs,scrubs,hashtag,1,7,2,True,False,False,130
at://did:plc:22dulstyhpc7jfpogwtyqkhv/app.bsky.feed.post/3mijsrlxidw2e,2026-04-02T18:15:23.613Z,"🩺What's under those scrubs @Nurse__Scarlett🩺

Nurses are so dirty !!

Please RT and Follow her!

More Flashing linktr.ee/flashing1
#Nurse #scrubs #naughtynurse #publicflash #nurseboobs #nurselife",🩺what's under those scrubs @nurse scarlett🩺 nurses are so dirty please rt and follow her more flashing linktr ee flashing1 #nurse #scrubs #naughtynurse #publicflash #nurseboobs #nurselife,what s under those scrubs nurse scarlett nurses are so dirty please rt and follow her more flashing linktr ee flashing1 nurse scrubs naughtynurse publicflash nurseboobs nurselife,#naughtynurse,#naughtynurse,naughtynurse,naughtynurse,hashtag,1,13,3,True,False,False,138
at://did:plc:22dulstyhpc7jfpogwtyqkhv/app.bsky.feed.post/3mijsrlxidw2e,2026-04-02T18:15:23.613Z,"🩺What's under those scrubs @Nurse__Scarlett🩺

Nurses are so dirty !!

Please RT and Follow her!

More Flashing linktr.ee/flashing1
#Nurse #scrubs #naughtynurse #publicflash #nurseboobs #nurselife",🩺what's under those scrubs @nurse scarlett🩺 nurses are so dirty please rt and follow her more flashing linktr ee flashing1 #nurse #scrubs #naughtynurse #publicflash #nurseboobs #nurselife,what s under those scrubs nurse scarlett nurses are so dirty please rt and follow her more flashing linktr ee flashing1 nurse scrubs naughtynurse publicflash nurseboobs nurselife,#publicflash,#publicflash,publicflash,publicflash,hashtag,1,12,4,True,False,False,152
at://did:plc:22dulstyhpc7jfpogwtyqkhv/app.bsky.feed.post/3mijsrlxidw2e,2026-04-02T18:15:23.613Z,"🩺What's under those scrubs @Nurse__Scarlett🩺

Nurses are so dirty !!

Please RT and Follow her!

More Flashing linktr.ee/flashing1
#Nurse #scrubs #naughtynurse #publicflash #nurseboobs #nurselife",🩺what's under those scrubs @nurse scarlett🩺 nurses are so dirty please rt and follow her more flashing linktr ee flashing1 #nurse #scrubs #naughtynurse #publicflash #nurseboobs #nurselife,what s under those scrubs nurse scarlett nurses are so dirty please rt and follow her more flashing linktr ee flashing1 nurse scrubs naughtynurse publicflash nurseboobs nurselife,#nurseboobs,#nurseboobs,nurseboobs,nurseboobs,hashtag,1,11,5,True,False,False,165
at://did:plc:22dulstyhpc7jfpogwtyqkhv/app.bsky.feed.post/3mijsrlxidw2e,2026-04-02T18:15:23.613Z,"🩺What's under those scrubs @Nurse__Scarlett🩺

Nurses are so dirty !!

Please RT and Follow her!

More Flashing linktr.ee/flashing1
#Nurse #scrubs #naughtynurse #publicflash #nurseboobs #nurselife",🩺what's under those scrubs @nurse scarlett🩺 nurses are so dirty please rt and follow her more flashing linktr ee flashing1 #nurse #scrubs #naughtynurse #publicflash #nurseboobs #nurselife,what s under those scrubs nurse scarlett nurses are so dirty please rt and follow her more flashing linktr ee flashing1 nurse scrubs naughtynurse publicflash nurseboobs nurselife,#nurselife,#nurselife,nurselife,nurselife,hashtag,1,10,6,True,False,False,177
at://did:plc:22dulstyhpc7jfpogwtyqkhv/app.bsky.feed.post/3mijsrlxidw2e,2026-04-02T18:15:23.613Z,"🩺What's under those scrubs @Nurse__Scarlett🩺

Nurses are so dirty !!

Please RT and Follow her!

More Flashing linktr.ee/flashing1
#Nurse #scrubs #naughtynurse #publicflash #nurseboobs #nurselife",🩺what's under those scrubs @nurse scarlett🩺 nurses are so dirty please rt and follow her more flashing linktr ee flashing1 #nurse #scrubs #naughtynurse #publicflash #nurseboobs #nurselife,what s under those scrubs nurse scarlett nurses are so dirty please rt and follow her more flashing linktr ee flashing1 nurse scrubs naughtynurse publicflash nurseboobs nurselife,s under those scrubs,s under those scrubs,s under those scrubs,s under those scrubs,ngram_4,4,20,7,False,False,False,1
at://did:plc:22dulstyhpc7jfpogwtyqkhv/app.bsky.feed.post/3mijsrlxidw2e,2026-04-02T18:15:23.613Z,"🩺What's under those scrubs @Nurse__Scarlett🩺

Nurses are so dirty !!

Please RT and Follow her!

More Flashing linktr.ee/flashing1
#Nurse #scrubs #naughtynurse #publicflash #nurseboobs #nurselife",🩺what's under those scrubs @nurse scarlett🩺 nurses are so dirty please rt and follow her more flashing linktr ee flashing1 #nurse #scrubs #naughtynurse #publicflash #nurseboobs #nurselife,what s under those scrubs nurse scarlett nurses are so dirty please rt and follow her more flashing linktr ee flashing1 nurse scrubs naughtynurse publicflash nurseboobs nurselife,under those scrubs nurse,under those scrubs nurse,under those scrubs nurse,under those scrubs nurse,ngram_4,4,24,8,False,False,False,2
at://did:plc:22dulstyhpc7jfpogwtyqkhv/app.bsky.feed.post/3mijsrlxidw2e,2026-04-02T18:15:23.613Z,"🩺What's under those scrubs @Nurse__Scarlett🩺

Nurses are so dirty !!

Please RT and Follow her!

More Flashing linktr.ee/flashing1
#Nurse #scrubs #naughtynurse #publicflash #nurseboobs #nurselife",🩺what's under those scrubs @nurse scarlett🩺 nurses are so dirty please rt and follow her more flashing linktr ee flashing1 #nurse #scrubs #naughtynurse #publicflash #nurseboobs #nurselife,what s under those scrubs nurse scarlett nurses are so dirty please rt and follow her more flashing linktr ee flashing1 nurse scrubs naughtynurse publicflash nurseboobs nurselife,those scrubs nurse scarlett,those scrubs nurse scarlett,those scrubs nurse scarlett,those scrubs nurse scarlett,ngram_4,4,27,9,False,False,False,3
at://did:plc:22dulstyhpc7jfpogwtyqkhv/app.bsky.feed.post/3mijsrlxidw2e,2026-04-02T18:15:23.613Z,"🩺What's under those scrubs @Nurse__Scarlett🩺

Nurses are so dirty !!

Please RT and Follow her!

More Flashing linktr.ee/flashing1
#Nurse #scrubs #naughtynurse #publicflash #nurseboobs #nurselife",🩺what's under those scrubs @nurse scarlett🩺 nurses are so dirty please rt and follow her more flashing linktr ee flashing1 #nurse #scrubs #naughtynurse #publicflash #nurseboobs #nurselife,what s under those scrubs nurse scarlett nurses are so dirty please rt and follow her more flashing linktr ee flashing1 nurse scrubs naughtynurse publicflash nurseboobs nurselife,scrubs nurse scarlett nurses,scrubs nurse scarlett nurses,scrubs nurse scarlett nurses,scrubs nurse scarlett nurses,ngram_4,4,28,10,False,False,False,4
at://did:plc:22dulstyhpc7jfpogwtyqkhv/app.bsky.feed.post/3mijsrlxidw2e,2026-04-02T18:15:23.613Z,"🩺What's under those scrubs @Nurse__Scarlett🩺

Nurses are so dirty !!

Please RT and Follow her!

More Flashing linktr.ee/flashing1
#Nurse #scrubs #naughtynurse #publicflash #nurseboobs #nurselife",🩺what's under those scrubs @nurse scarlett🩺 nurses are so dirty please rt and follow her more flashing linktr ee flashing1 #nurse #scrubs #naughtynurse #publicflash #nurseboobs #nurselife,what s under those scrubs nurse scarlett nurses are so dirty please rt and follow her more flashing linktr ee flashing1 nurse scrubs naughtynurse publicflash nurseboobs nurselife,scarlett nurses are so,scarlett nurses are so,scarlett nurses are so,scarlett nurses are so,ngram_4,4,22,11,False,False,False,6
at://did:plc:22dulstyhpc7jfpogwtyqkhv/app.bsky.feed.post/3mijsrlxidw2e,2026-04-02T18:15:23.613Z,"🩺What's under those scrubs @Nurse__Scarlett🩺

Nurses are so dirty !!

Please RT and Follow her!

More Flashing linktr.ee/flashing1
#Nurse #scrubs #naughtynurse #publicflash #nurseboobs #nurselife",🩺what's under those scrubs @nurse scarlett🩺 nurses are so dirty please rt and follow her more flashing linktr ee flashing1 #nurse #scrubs #naughtynurse #publicflash #nurseboobs #nurselife,what s under those scrubs nurse scarlett nurses are so dirty please rt and follow her more flashing linktr ee flashing1 nurse scrubs naughtynurse publicflash nurseboobs nurselife,nurses are so dirty,nurses are so dirty,nurses are so dirty,nurses are so dirty,ngram_4,4,19,12,False,False,False,7
at://did:plc:22dulstyhpc7jfpogwtyqkhv/app.bsky.feed.post/3mijsrlxidw2e,2026-04-02T18:15:23.613Z,"🩺What's under those scrubs @Nurse__Scarlett🩺

Nurses are so dirty !!

Please RT and Follow her!

More Flashing linktr.ee/flashing1
#Nurse #scrubs #naughtynurse #publicflash #nurseboobs #nurselife",🩺what's under those scrubs @nurse scarlett🩺 nurses are so dirty please rt and follow her more flashing linktr ee flashing1 #nurse #scrubs #naughtynurse #publicflash #nurseboobs #nurselife,what s under those scrubs nurse scarlett nurses are so dirty please rt and follow her more flashing linktr ee flashing1 nurse scrubs naughtynurse publicflash nurseboobs nurselife,so dirty please rt,so dirty please rt,so dirty please rt,so dirty please rt,ngram_4,4,18,13,False,False,False,9
at://did:plc:22dulstyhpc7jfpogwtyqkhv/app.bsky.feed.post/3mijsrlxidw2e,2026-04-02T18:15:23.613Z,"🩺What's under those scrubs @Nurse__Scarlett🩺

Nurses are so dirty !!

Please RT and Follow her!

More Flashing linktr.ee/flashing1
#Nurse #scrubs #naughtynurse #publicflash #nurseboobs #nurselife",🩺what's under those scrubs @nurse scarlett🩺 nurses are so dirty please rt and follow her more flashing linktr ee flashing1 #nurse #scrubs #naughtynurse #publicflash #nurseboobs #nurselife,what s under those scrubs nurse scarlett nurses are so dirty please rt and follow her more flashing linktr ee flashing1 nurse scrubs naughtynurse publicflash nurseboobs nurselife,please rt and follow,please rt and follow,please rt and follow,please rt and follow,ngram_4,4,20,14,False,False,False,11
at://did:plc:22dulstyhpc7jfpogwtyqkhv/app.bsky.feed.post/3mijsrlxidw2e,2026-04-02T18:15:23.613Z,"🩺What's under those scrubs @Nurse__Scarlett🩺

Nurses are so dirty !!

Please RT and Follow her!

More Flashing linktr.ee/flashing1
#Nurse #scrubs #naughtynurse #publicflash #nurseboobs #nurselife",🩺what's under those scrubs @nurse scarlett🩺 nurses are so dirty please rt and follow her more flashing linktr ee flashing1 #nurse #scrubs #naughtynurse #publicflash #nurseboobs #nurselife,what s under those scrubs nurse scarlett nurses are so dirty please rt and follow her more flashing linktr ee flashing1 nurse scrubs naughtynurse publicflash nurseboobs nurselife,follow her more flashing,follow her more flashing,follow her more flashing,follow her more flashing,ngram_4,4,24,15,False,False,False,14
at://did:plc:22dulstyhpc7jfpogwtyqkhv/app.bsky.feed.post/3mijsrlxidw2e,2026-04-02T18:15:23.613Z,"🩺What's under those scrubs @Nurse__Scarlett🩺

Nurses are so dirty !!

Please RT and Follow her!

More Flashing linktr.ee/flashing1
#Nurse #scrubs #naughtynurse #publicflash #nurseboobs #nurselife",🩺what's under those scrubs @nurse scarlett🩺 nurses are so dirty please rt and follow her more flashing linktr ee flashing1 #nurse #scrubs #naughtynurse #publicflash #nurseboobs #nurselife,what s under those scrubs nurse scarlett nurses are so dirty please rt and follow her more flashing linktr ee flashing1 nurse scrubs naughtynurse publicflash nurseboobs nurselife,more flashing linktr ee,more flashing linktr ee,more flashing linktr ee,more flashing linktr ee,ngram_4,4,23,16,False,False,False,16
at://did:plc:22dulstyhpc7jfpogwtyqkhv/app.bsky.feed.post/3mijsrlxidw2e,2026-04-02T18:15:23.613Z,"🩺What's under those scrubs @Nurse__Scarlett🩺

Nurses are so dirty !!

Please RT and Follow her!

More Flashing linktr.ee/flashing1
#Nurse #scrubs #naughtynurse #publicflash #nurseboobs #nurselife",🩺what's under those scrubs @nurse scarlett🩺 nurses are so dirty please rt and follow her more flashing linktr ee flashing1 #nurse #scrubs #naughtynurse #publicflash #nurseboobs #nurselife,what s under those scrubs nurse scarlett nurses are so dirty please rt and follow her more flashing linktr ee flashing1 nurse scrubs naughtynurse publicflash nurseboobs nurselife,flashing linktr ee flashing1,flashing linktr ee flashing1,flashing linktr ee flashing1,flashing linktr ee flashing1,ngram_4,4,28,17,False,True,False,17
at://did:plc:22dulstyhpc7jfpogwtyqkhv/app.bsky.feed.post/3mijsrlxidw2e,2026-04-02T18:15:23.613Z,"🩺What's under those scrubs @Nurse__Scarlett🩺

Nurses are so dirty !!

Please RT and Follow her!

More Flashing linktr.ee/flashing1
#Nurse #scrubs #naughtynurse #publicflash #nurseboobs #nurselife",🩺what's under those scrubs @nurse scarlett🩺 nurses are so dirty please rt and follow her more flashing linktr ee flashing1 #nurse #scrubs #naughtynurse #publicflash #nurseboobs #nurselife,what s under those scrubs nurse scarlett nurses are so dirty please rt and follow her more flashing linktr ee flashing1 nurse scrubs naughtynurse publicflash nurseboobs nurselife,linktr ee flashing1 nurse,linktr ee flashing1 nurse,linktr ee flashing1 nurse,linktr ee flashing1 nurse,ngram_4,4,25,18,False,True,False,18
at://did:plc:22dulstyhpc7jfpogwtyqkhv/app.bsky.feed.post/3mijsrlxidw2e,2026-04-02T18:15:23.613Z,"🩺What's under those scrubs @Nurse__Scarlett🩺

Nurses are so dirty !!

Please RT and Follow her!

More Flashing linktr.ee/flashing1
#Nurse #scrubs #naughtynurse #publicflash #nurseboobs #nurselife",🩺what's under those scrubs @nurse scarlett🩺 nurses are so dirty please rt and follow her more flashing linktr ee flashing1 #nurse #scrubs #naughtynurse #publicflash #nurseboobs #nurselife,what s under those scrubs nurse scarlett nurses are so dirty please rt and follow her more flashing linktr ee flashing1 nurse scrubs naughtynurse publicflash nurseboobs nurselife,ee flashing1 nurse scrubs,ee flashing1 nurse scrubs,ee flashing1 nurse scrubs,ee flashing1 nurse scrubs,ngram_4,4,25,19,False,True,False,19
at://did:plc:22dulstyhpc7jfpogwtyqkhv/app.bsky.feed.post/3mijsrlxidw2e,2026-04-02T18:15:23.613Z,"🩺What's under those scrubs @Nurse__Scarlett🩺

Nurses are so dirty !!

Please RT and Follow her!

More Flashing linktr.ee/flashing1
#Nurse #scrubs #naughtynurse #publicflash #nurseboobs #nurselife",🩺what's under those scrubs @nurse scarlett🩺 nurses are so dirty please rt and follow her more flashing linktr ee flashing1 #nurse #scrubs #naughtynurse #publicflash #nurseboobs #nurselife,what s under those scrubs nurse scarlett nurses are so dirty please rt and follow her more flashing linktr ee flashing1 nurse scrubs naughtynurse publicflash nurseboobs nurselife,flashing1 nurse scrubs naughtynurse,flashing1 nurse scrubs naughtynurse,flashing1 nurse scrubs naughtynurse,flashing1 nurse scrubs naughtynurse,ngram_4,4,35,20,False,True,False,20
at://did:plc:22fyoakkfli6tcd5kmozvvxp/app.bsky.feed.post/3mijswdyhn22q,2026-04-02T18:18:03.067Z,the girl:                        her true form:,the girl her true form,the girl her true form,girl her true form,girl her true form,girl her true form,girl her true form,ngram_4,4,18,1,False,False,False,1
at://did:plc:22fyoakkfli6tcd5kmozvvxp/app.bsky.feed.post/3mijswdyhn22q,2026-04-02T18:18:03.067Z,the girl:                        her true form:,the girl her true form,the girl her true form,girl her true,girl her true,girl her true,girl her true,ngram_3,3,13,2,False,False,False,1
at://did:plc:22fyoakkfli6tcd5kmozvvxp/app.bsky.feed.post/3mijswdyhn22q,2026-04-02T18:18:03.067Z,the girl:                        her true form:,the girl her true form,the girl her true form,true form,true form,true form,true form,ngram_2,2,9,3,False,False,False,3
at://did:plc:22fyoakkfli6tcd5kmozvvxp/app.bsky.feed.post/3mijsxkcf4s2q,2026-04-02T18:18:43.240Z,Yeah Cor Caroli is a cool enemy Triangulum,yeah cor caroli is a cool enemy triangulum,yeah cor caroli is a cool enemy triangulum,caroli is a cool,caroli is a cool,caroli is a cool,caroli is a cool,ngram_4,4,16,1,False,False,False,2
at://did:plc:22fyoakkfli6tcd5kmozvvxp/app.bsky.feed.post/3mijsxkcf4s2q,2026-04-02T18:18:43.240Z,Yeah Cor Caroli is a cool enemy Triangulum,yeah cor caroli is a cool enemy triangulum,yeah cor caroli is a cool enemy triangulum,yeah cor caroli,yeah cor caroli,yeah cor caroli,yeah cor caroli,ngram_3,3,15,2,False,False,False,0
at://did:plc:22fyoakkfli6tcd5kmozvvxp/app.bsky.feed.post/3mijsxkcf4s2q,2026-04-02T18:18:43.240Z,Yeah Cor Caroli is a cool enemy Triangulum,yeah cor caroli is a cool enemy triangulum,yeah cor caroli is a cool enemy triangulum,cool enemy triangulum,cool enemy triangulum,cool enemy triangulum,cool enemy triangulum,ngram_3,3,21,3,False,False,False,5
at://did:plc:22fyoakkfli6tcd5kmozvvxp/app.bsky.feed.post/3mijsxkcf4s2q,2026-04-02T18:18:43.240Z,Yeah Cor Caroli is a cool enemy Triangulum,yeah cor caroli is a cool enemy triangulum,yeah cor caroli is a cool enemy triangulum,yeah cor,yeah cor,yeah cor,yeah cor,ngram_2,2,8,4,False,False,False,0
at://did:plc:22fyoakkfli6tcd5kmozvvxp/app.bsky.feed.post/3mijsxkcf4s2q,2026-04-02T18:18:43.240Z,Yeah Cor Caroli is a cool enemy Triangulum,yeah cor caroli is a cool enemy triangulum,yeah cor caroli is a cool enemy triangulum,cor caroli,cor caroli,cor caroli,cor caroli,ngram_2,2,10,5,False,False,False,1
at://did:plc:22fyoakkfli6tcd5kmozvvxp/app.bsky.feed.post/3mijsxkcf4s2q,2026-04-02T18:18:43.240Z,Yeah Cor Caroli is a cool enemy Triangulum,yeah cor caroli is a cool enemy triangulum,yeah cor caroli is a cool enemy triangulum,cool enemy,cool enemy,cool enemy,cool enemy,ngram_2,2,10,6,False,False,False,5
at://did:plc:22fyoakkfli6tcd5kmozvvxp/app.bsky.feed.post/3mijsxkcf4s2q,2026-04-02T18:18:43.240Z,Yeah Cor Caroli is a cool enemy Triangulum,yeah cor caroli is a cool enemy triangulum,yeah cor caroli is a cool enemy triangulum,enemy triangulum,enemy triangulum,enemy triangulum,enemy triangulum,ngram_2,2,16,7,False,False,False,6
at://did:plc:22g76b5uv7d7gpsriovic5sy/app.bsky.feed.post/3mijsomjdjk2x,2026-04-02T18:13:43.575Z,short hairy trans mascs forever and ever and ever,short hairy trans mascs forever and ever and ever,short hairy trans mascs forever and ever and ever,short hairy trans mascs,short hairy trans mascs,short hairy trans mascs,short hairy trans mascs,ngram_4,4,23,1,False,False,False,0
at://did:plc:22g76b5uv7d7gpsriovic5sy/app.bsky.feed.post/3mijsomjdjk2x,2026-04-02T18:13:43.575Z,short hairy trans mascs forever and ever and ever,short hairy trans mascs forever and ever and ever,short hairy trans mascs forever and ever and ever,hairy trans mascs forever,hairy trans mascs forever,hairy trans mascs forever,hairy trans mascs forever,ngram_4,4,25,2,False,False,False,1
at://did:plc:22g76b5uv7d7gpsriovic5sy/app.bsky.feed.post/3mijsomjdjk2x,2026-04-02T18:13:43.575Z,short hairy trans mascs forever and ever and ever,short hairy trans mascs forever and ever and ever,short hairy trans mascs forever and ever and ever,mascs forever and ever,mascs forever and ever,mascs forever and ever,mascs forever and ever,ngram_4,4,22,3,False,False,False,3
at://did:plc:22g76b5uv7d7gpsriovic5sy/app.bsky.feed.post/3mijsomjdjk2x,2026-04-02T18:13:43.575Z,short hairy trans mascs forever and ever and ever,short hairy trans mascs forever and ever and ever,short hairy trans mascs forever and ever and ever,short hairy trans,short hairy trans,short hairy trans,short hairy trans,ngram_3,3,17,4,False,False,False,0
at://did:plc:22g76b5uv7d7gpsriovic5sy/app.bsky.feed.post/3mijsomjdjk2x,2026-04-02T18:13:43.575Z,short hairy trans mascs forever and ever and ever,short hairy trans mascs forever and ever and ever,short hairy trans mascs forever and ever and ever,hairy trans mascs,hairy trans mascs,hairy trans mascs,hairy trans mascs,ngram_3,3,17,5,False,False,False,1
at://did:plc:22g76b5uv7d7gpsriovic5sy/app.bsky.feed.post/3mijsomjdjk2x,2026-04-02T18:13:43.575Z,short hairy trans mascs forever and ever and ever,short hairy trans mascs forever and ever and ever,short hairy trans mascs forever and ever and ever,trans mascs forever,trans mascs forever,trans mascs forever,trans mascs forever,ngram_3,3,19,6,False,False,False,2
at://did:plc:22g76b5uv7d7gpsriovic5sy/app.bsky.feed.post/3mijsomjdjk2x,2026-04-02T18:13:43.575Z,short hairy trans mascs forever and ever and ever,short hairy trans mascs forever and ever and ever,short hairy trans mascs forever and ever and ever,forever and ever,forever and ever,forever and ever,forever and ever,ngram_3,3,16,7,False,False,False,4
at://did:plc:22g76b5uv7d7gpsriovic5sy/app.bsky.feed.post/3mijsomjdjk2x,2026-04-02T18:13:43.575Z,short hairy trans mascs forever and ever and ever,short hairy trans mascs forever and ever and ever,short hairy trans mascs forever and ever and ever,ever and ever,ever and ever,ever and ever,ever and ever,ngram_3,3,13,8,False,False,False,6
at://did:plc:22g76b5uv7d7gpsriovic5sy/app.bsky.feed.post/3mijsomjdjk2x,2026-04-02T18:13:43.575Z,short hairy trans mascs forever and ever and ever,short hairy trans mascs forever and ever and ever,short hairy trans mascs forever and ever and ever,short hairy,short hairy,short hairy,short hairy,ngram_2,2,11,9,False,False,False,0
at://did:plc:22g76b5uv7d7gpsriovic5sy/app.bsky.feed.post/3mijsomjdjk2x,2026-04-02T18:13:43.575Z,short hairy trans mascs forever and ever and ever,short hairy trans mascs forever and ever and ever,short hairy trans mascs forever and ever and ever,hairy trans,hairy trans,hairy trans,hairy trans,ngram_2,2,11,10,False,False,False,1
at://did:plc:22g76b5uv7d7gpsriovic5sy/app.bsky.feed.post/3mijsomjdjk2x,2026-04-02T18:13:43.575Z,short hairy trans mascs forever and ever and ever,short hairy trans mascs forever and ever and ever,short hairy trans mascs forever and ever and ever,trans mascs,trans mascs,trans mascs,trans mascs,ngram_2,2,11,11,False,False,False,2
at://did:plc:22g76b5uv7d7gpsriovic5sy/app.bsky.feed.post/3mijsomjdjk2x,2026-04-02T18:13:43.575Z,short hairy trans mascs forever and ever and ever,short hairy trans mascs forever and ever and ever,short hairy trans mascs forever and ever and ever,mascs forever,mascs forever,mascs forever,mascs forever,ngram_2,2,13,12,False,False,False,3
at://did:plc:22hp52c2fr5ywmvqhfomzqja/app.bsky.feed.post/3mijspzzbek2c,2026-04-02T18:14:31.283Z,"More, varied subclasses is good. 4E style multiclassing... is whatever. But this seems like its for yet another 4 - 8 subclasses in a single book release. That on top of giving no a la carte options on digital services and not compiling them into a Xanathar's style splat book of 40 subclasses is bad",more varied subclasses is good 4e style multiclassing is whatever but this seems like its for yet another 4 8 subclasses in a single book release that on top of giving no a la carte options on digital services and not compiling them into a xanathar's style splat book of 40 subclasses is bad,more varied subclasses is good 4e style multiclassing is whatever but this seems like its for yet another 4 8 subclasses in a single book release that on top of giving no a la carte options on digital services and not compiling them into a xanathar s style splat book of 40 subclasses is bad,varied subclasses is good,varied subclasses is good,varied subclasses is good,varied subclasses is good,ngram_4,4,25,1,False,False,False,1
at://did:plc:22hp52c2fr5ywmvqhfomzqja/app.bsky.feed.post/3mijspzzbek2c,2026-04-02T18:14:31.283Z,"More, varied subclasses is good. 4E style multiclassing... is whatever. But this seems like its for yet another 4 - 8 subclasses in a single book release. That on top of giving no a la carte options on digital services and not compiling them into a Xanathar's style splat book of 40 subclasses is bad",more varied subclasses is good 4e style multiclassing is whatever but this seems like its for yet another 4 8 subclasses in a single book release that on top of giving no a la carte options on digital services and not compiling them into a xanathar's style splat book of 40 subclasses is bad,more varied subclasses is good 4e style multiclassing is whatever but this seems like its for yet another 4 8 subclasses in a single book release that on top of giving no a la carte options on digital services and not compiling them into a xanathar s style splat book of 40 subclasses is bad,subclasses is good 4e,subclasses is good 4e,subclasses is good 4e,subclasses is good 4e,ngram_4,4,21,2,False,True,False,2
at://did:plc:22hp52c2fr5ywmvqhfomzqja/app.bsky.feed.post/3mijspzzbek2c,2026-04-02T18:14:31.283Z,"More, varied subclasses is good. 4E style multiclassing... is whatever. But this seems like its for yet another 4 - 8 subclasses in a single book release. That on top of giving no a la carte options on digital services and not compiling them into a Xanathar's style splat book of 40 subclasses is bad",more varied subclasses is good 4e style multiclassing is whatever but this seems like its for yet another 4 8 subclasses in a single book release that on top of giving no a la carte options on digital services and not compiling them into a xanathar's style splat book of 40 subclasses is bad,more varied subclasses is good 4e style multiclassing is whatever but this seems like its for yet another 4 8 subclasses in a single book release that on top of giving no a la carte options on digital services and not compiling them into a xanathar s style splat book of 40 subclasses is bad,good 4e style multiclassing,good 4e style multiclassing,good 4e style multiclassing,good 4e style multiclassing,ngram_4,4,27,3,False,True,False,4
at://did:plc:22hp52c2fr5ywmvqhfomzqja/app.bsky.feed.post/3mijspzzbek2c,2026-04-02T18:14:31.283Z,"More, varied subclasses is good. 4E style multiclassing... is whatever. But this seems like its for yet another 4 - 8 subclasses in a single book release. That on top of giving no a la carte options on digital services and not compiling them into a Xanathar's style splat book of 40 subclasses is bad",more varied subclasses is good 4e style multiclassing is whatever but this seems like its for yet another 4 8 subclasses in a single book release that on top of giving no a la carte options on digital services and not compiling them into a xanathar's style splat book of 40 subclasses is bad,more varied subclasses is good 4e style multiclassing is whatever but this seems like its for yet another 4 8 subclasses in a single book release that on top of giving no a la carte options on digital services and not compiling them into a xanathar s style splat book of 40 subclasses is bad,style multiclassing is whatever,style multiclassing is whatever,style multiclassing is whatever,style multiclassing is whatever,ngram_4,4,31,4,False,False,False,6
at://did:plc:22hp52c2fr5ywmvqhfomzqja/app.bsky.feed.post/3mijspzzbek2c,2026-04-02T18:14:31.283Z,"More, varied subclasses is good. 4E style multiclassing... is whatever. But this seems like its for yet another 4 - 8 subclasses in a single book release. That on top of giving no a la carte options on digital services and not compiling them into a Xanathar's style splat book of 40 subclasses is bad",more varied subclasses is good 4e style multiclassing is whatever but this seems like its for yet another 4 8 subclasses in a single book release that on top of giving no a la carte options on digital services and not compiling them into a xanathar's style splat book of 40 subclasses is bad,more varied subclasses is good 4e style multiclassing is whatever but this seems like its for yet another 4 8 subclasses in a single book release that on top of giving no a la carte options on digital services and not compiling them into a xanathar s style splat book of 40 subclasses is bad,whatever but this seems,whatever but this seems,whatever but this seems,whatever but this seems,ngram_4,4,23,5,False,False,False,9
at://did:plc:22hp52c2fr5ywmvqhfomzqja/app.bsky.feed.post/3mijspzzbek2c,2026-04-02T18:14:31.283Z,"More, varied subclasses is good. 4E style multiclassing... is whatever. But this seems like its for yet another 4 - 8 subclasses in a single book release. That on top of giving no a la carte options on digital services and not compiling them into a Xanathar's style splat book of 40 subclasses is bad",more varied subclasses is good 4e style multiclassing is whatever but this seems like its for yet another 4 8 subclasses in a single book release that on top of giving no a la carte options on digital services and not compiling them into a xanathar's style splat book of 40 subclasses is bad,more varied subclasses is good 4e style multiclassing is whatever but this seems like its for yet another 4 8 subclasses in a single book release that on top of giving no a la carte options on digital services and not compiling them into a xanathar s style splat book of 40 subclasses is bad,like its for yet,like its for yet,like its for yet,like its for yet,ngram_4,4,16,6,False,False,False,13
at://did:plc:22hp52c2fr5ywmvqhfomzqja/app.bsky.feed.post/3mijspzzbek2c,2026-04-02T18:14:31.283Z,"More, varied subclasses is good. 4E style multiclassing... is whatever. But this seems like its for yet another 4 - 8 subclasses in a single book release. That on top of giving no a la carte options on digital services and not compiling them into a Xanathar's style splat book of 40 subclasses is bad",more varied subclasses is good 4e style multiclassing is whatever but this seems like its for yet another 4 8 subclasses in a single book release that on top of giving no a la carte options on digital services and not compiling them into a xanathar's style splat book of 40 subclasses is bad,more varied subclasses is good 4e style multiclassing is whatever but this seems like its for yet another 4 8 subclasses in a single book release that on top of giving no a la carte options on digital services and not compiling them into a xanathar s style splat book of 40 subclasses is bad,yet another 4 8,yet another 4 8,yet another 4 8,yet another 4 8,ngram_4,4,15,7,False,True,False,16
at://did:plc:22hp52c2fr5ywmvqhfomzqja/app.bsky.feed.post/3mijspzzbek2c,2026-04-02T18:14:31.283Z,"More, varied subclasses is good. 4E style multiclassing... is whatever. But this seems like its for yet another 4 - 8 subclasses in a single book release. That on top of giving no a la carte options on digital services and not compiling them into a Xanathar's style splat book of 40 subclasses is bad",more varied subclasses is good 4e style multiclassing is whatever but this seems like its for yet another 4 8 subclasses in a single book release that on top of giving no a la carte options on digital services and not compiling them into a xanathar's style splat book of 40 subclasses is bad,more varied subclasses is good 4e style multiclassing is whatever but this seems like its for yet another 4 8 subclasses in a single book release that on top of giving no a la carte options on digital services and not compiling them into a xanathar s style splat book of 40 subclasses is bad,another 4 8 subclasses,another 4 8 subclasses,another 4 8 subclasses,another 4 8 subclasses,ngram_4,4,22,8,False,True,False,17
at://did:plc:22hp52c2fr5ywmvqhfomzqja/app.bsky.feed.post/3mijspzzbek2c,2026-04-02T18:14:31.283Z,"More, varied subclasses is good. 4E style multiclassing... is whatever. But this seems like its for yet another 4 - 8 subclasses in a single book release. That on top of giving no a la carte options on digital services and not compiling them into a Xanathar's style splat book of 40 subclasses is bad",more varied subclasses is good 4e style multiclassing is whatever but this seems like its for yet another 4 8 subclasses in a single book release that on top of giving no a la carte options on digital services and not compiling them into a xanathar's style splat book of 40 subclasses is bad,more varied subclasses is good 4e style multiclassing is whatever but this seems like its for yet another 4 8 subclasses in a single book release that on top of giving no a la carte options on digital services and not compiling them into a xanathar s style splat book of 40 subclasses is bad,subclasses in a single,subclasses in a single,subclasses in a single,subclasses in a single,ngram_4,4,22,9,False,False,False,20
at://did:plc:22hp52c2fr5ywmvqhfomzqja/app.bsky.feed.post/3mijspzzbek2c,2026-04-02T18:14:31.283Z,"More, varied subclasses is good. 4E style multiclassing... is whatever. But this seems like its for yet another 4 - 8 subclasses in a single book release. That on top of giving no a la carte options on digital services and not compiling them into a Xanathar's style splat book of 40 subclasses is bad",more varied subclasses is good 4e style multiclassing is whatever but this seems like its for yet another 4 8 subclasses in a single book release that on top of giving no a la carte options on digital services and not compiling them into a xanathar's style splat book of 40 subclasses is bad,more varied subclasses is good 4e style multiclassing is whatever but this seems like its for yet another 4 8 subclasses in a single book release that on top of giving no a la carte options on digital services and not compiling them into a xanathar s style splat book of 40 subclasses is bad,release that on top,release that on top,release that on top,release that on top,ngram_4,4,19,10,False,False,False,25
at://did:plc:22hp52c2fr5ywmvqhfomzqja/app.bsky.feed.post/3mijspzzbek2c,2026-04-02T18:14:31.283Z,"More, varied subclasses is good. 4E style multiclassing... is whatever. But this seems like its for yet another 4 - 8 subclasses in a single book release. That on top of giving no a la carte options on digital services and not compiling them into a Xanathar's style splat book of 40 subclasses is bad",more varied subclasses is good 4e style multiclassing is whatever but this seems like its for yet another 4 8 subclasses in a single book release that on top of giving no a la carte options on digital services and not compiling them into a xanathar's style splat book of 40 subclasses is bad,more varied subclasses is good 4e style multiclassing is whatever but this seems like its for yet another 4 8 subclasses in a single book release that on top of giving no a la carte options on digital services and not compiling them into a xanathar s style splat book of 40 subclasses is bad,top of giving no,top of giving no,top of giving no,top of giving no,ngram_4,4,16,11,False,False,False,28
at://did:plc:22hp52c2fr5ywmvqhfomzqja/app.bsky.feed.post/3mijspzzbek2c,2026-04-02T18:14:31.283Z,"More, varied subclasses is good. 4E style multiclassing... is whatever. But this seems like its for yet another 4 - 8 subclasses in a single book release. That on top of giving no a la carte options on digital services and not compiling them into a Xanathar's style splat book of 40 subclasses is bad",more varied subclasses is good 4e style multiclassing is whatever but this seems like its for yet another 4 8 subclasses in a single book release that on top of giving no a la carte options on digital services and not compiling them into a xanathar's style splat book of 40 subclasses is bad,more varied subclasses is good 4e style multiclassing is whatever but this seems like its for yet another 4 8 subclasses in a single book release that on top of giving no a la carte options on digital services and not compiling them into a xanathar s style splat book of 40 subclasses is bad,giving no a la,giving no a la,giving no a la,giving no a la,ngram_4,4,14,12,False,False,False,30
at://did:plc:22hp52c2fr5ywmvqhfomzqja/app.bsky.feed.post/3mijspzzbek2c,2026-04-02T18:14:31.283Z,"More, varied subclasses is good. 4E style multiclassing... is whatever. But this seems like its for yet another 4 - 8 subclasses in a single book release. That on top of giving no a la carte options on digital services and not compiling them into a Xanathar's style splat book of 40 subclasses is bad",more varied subclasses is good 4e style multiclassing is whatever but this seems like its for yet another 4 8 subclasses in a single book release that on top of giving no a la carte options on digital services and not compiling them into a xanathar's style splat book of 40 subclasses is bad,more varied subclasses is good 4e style multiclassing is whatever but this seems like its for yet another 4 8 subclasses in a single book release that on top of giving no a la carte options on digital services and not compiling them into a xanathar s style splat book of 40 subclasses is bad,no a la carte,no a la carte,no a la carte,no a la carte,ngram_4,4,13,13,False,False,False,31
at://did:plc:22hp52c2fr5ywmvqhfomzqja/app.bsky.feed.post/3mijspzzbek2c,2026-04-02T18:14:31.283Z,"More, varied subclasses is good. 4E style multiclassing... is whatever. But this seems like its for yet another 4 - 8 subclasses in a single book release. That on top of giving no a la carte options on digital services and not compiling them into a Xanathar's style splat book of 40 subclasses is bad",more varied subclasses is good 4e style multiclassing is whatever but this seems like its for yet another 4 8 subclasses in a single book release that on top of giving no a la carte options on digital services and not compiling them into a xanathar's style splat book of 40 subclasses is bad,more varied subclasses is good 4e style multiclassing is whatever but this seems like its for yet another 4 8 subclasses in a single book release that on top of giving no a la carte options on digital services and not compiling them into a xanathar s style splat book of 40 subclasses is bad,carte options on digital,carte options on digital,carte options on digital,carte options on digital,ngram_4,4,24,14,False,False,False,34
at://did:plc:22hp52c2fr5ywmvqhfomzqja/app.bsky.feed.post/3mijspzzbek2c,2026-04-02T18:14:31.283Z,"More, varied subclasses is good. 4E style multiclassing... is whatever. But this seems like its for yet another 4 - 8 subclasses in a single book release. That on top of giving no a la carte options on digital services and not compiling them into a Xanathar's style splat book of 40 subclasses is bad",more varied subclasses is good 4e style multiclassing is whatever but this seems like its for yet another 4 8 subclasses in a single book release that on top of giving no a la carte options on digital services and not compiling them into a xanathar's style splat book of 40 subclasses is bad,more varied subclasses is good 4e style multiclassing is whatever but this seems like its for yet another 4 8 subclasses in a single book release that on top of giving no a la carte options on digital services and not compiling them into a xanathar s style splat book of 40 subclasses is bad,options on digital services,options on digital services,options on digital services,options on digital services,ngram_4,4,27,15,False,False,False,35
at://did:plc:22hp52c2fr5ywmvqhfomzqja/app.bsky.feed.post/3mijspzzbek2c,2026-04-02T18:14:31.283Z,"More, varied subclasses is good. 4E style multiclassing... is whatever. But this seems like its for yet another 4 - 8 subclasses in a single book release. That on top of giving no a la carte options on digital services and not compiling them into a Xanathar's style splat book of 40 subclasses is bad",more varied subclasses is good 4e style multiclassing is whatever but this seems like its for yet another 4 8 subclasses in a single book release that on top of giving no a la carte options on digital services and not compiling them into a xanathar's style splat book of 40 subclasses is bad,more varied subclasses is good 4e style multiclassing is whatever but this seems like its for yet another 4 8 subclasses in a single book release that on top of giving no a la carte options on digital services and not compiling them into a xanathar s style splat book of 40 subclasses is bad,services and not compiling,services and not compiling,services and not compiling,services and not compiling,ngram_4,4,26,16,False,False,False,38
at://did:plc:22hp52c2fr5ywmvqhfomzqja/app.bsky.feed.post/3mijspzzbek2c,2026-04-02T18:14:31.283Z,"More, varied subclasses is good. 4E style multiclassing... is whatever. But this seems like its for yet another 4 - 8 subclasses in a single book release. That on top of giving no a la carte options on digital services and not compiling them into a Xanathar's style splat book of 40 subclasses is bad",more varied subclasses is good 4e style multiclassing is whatever but this seems like its for yet another 4 8 subclasses in a single book release that on top of giving no a la carte options on digital services and not compiling them into a xanathar's style splat book of 40 subclasses is bad,more varied subclasses is good 4e style multiclassing is whatever but this seems like its for yet another 4 8 subclasses in a single book release that on top of giving no a la carte options on digital services and not compiling them into a xanathar s style splat book of 40 subclasses is bad,into a xanathar s,into a xanathar s,into a xanathar s,into a xanathar s,ngram_4,4,17,17,False,False,False,43
at://did:plc:22hp52c2fr5ywmvqhfomzqja/app.bsky.feed.post/3mijspzzbek2c,2026-04-02T18:14:31.283Z,"More, varied subclasses is good. 4E style multiclassing... is whatever. But this seems like its for yet another 4 - 8 subclasses in a single book release. That on top of giving no a la carte options on digital services and not compiling them into a Xanathar's style splat book of 40 subclasses is bad",more varied subclasses is good 4e style multiclassing is whatever but this seems like its for yet another 4 8 subclasses in a single book release that on top of giving no a la carte options on digital services and not compiling them into a xanathar's style splat book of 40 subclasses is bad,more varied subclasses is good 4e style multiclassing is whatever but this seems like its for yet another 4 8 subclasses in a single book release that on top of giving no a la carte options on digital services and not compiling them into a xanathar s style splat book of 40 subclasses is bad,xanathar s style splat,xanathar s style splat,xanathar s style splat,xanathar s style splat,ngram_4,4,22,18,False,False,False,45
at://did:plc:22hp52c2fr5ywmvqhfomzqja/app.bsky.feed.post/3mijspzzbek2c,2026-04-02T18:14:31.283Z,"More, varied subclasses is good. 4E style multiclassing... is whatever. But this seems like its for yet another 4 - 8 subclasses in a single book release. That on top of giving no a la carte options on digital services and not compiling them into a Xanathar's style splat book of 40 subclasses is bad",more varied subclasses is good 4e style multiclassing is whatever but this seems like its for yet another 4 8 subclasses in a single book release that on top of giving no a la carte options on digital services and not compiling them into a xanathar's style splat book of 40 subclasses is bad,more varied subclasses is good 4e style multiclassing is whatever but this seems like its for yet another 4 8 subclasses in a single book release that on top of giving no a la carte options on digital services and not compiling them into a xanathar s style splat book of 40 subclasses is bad,s style splat book,s style splat book,s style splat book,s style splat book,ngram_4,4,18,19,False,False,False,46
at://did:plc:22hp52c2fr5ywmvqhfomzqja/app.bsky.feed.post/3mijspzzbek2c,2026-04-02T18:14:31.283Z,"More, varied subclasses is good. 4E style multiclassing... is whatever. But this seems like its for yet another 4 - 8 subclasses in a single book release. That on top of giving no a la carte options on digital services and not compiling them into a Xanathar's style splat book of 40 subclasses is bad",more varied subclasses is good 4e style multiclassing is whatever but this seems like its for yet another 4 8 subclasses in a single book release that on top of giving no a la carte options on digital services and not compiling them into a xanathar's style splat book of 40 subclasses is bad,more varied subclasses is good 4e style multiclassing is whatever but this seems like its for yet another 4 8 subclasses in a single book release that on top of giving no a la carte options on digital services and not compiling them into a xanathar s style splat book of 40 subclasses is bad,splat book of 40,splat book of 40,splat book of 40,splat book of 40,ngram_4,4,16,20,False,True,False,48
at://did:plc:22l2z4p4qhhyobx22dfcvijs/app.bsky.feed.post/3mijsvzzep22e,2026-04-02T18:17:52.611Z,"These Gals are Chatting!!

with: Babe The Dragon, and Dragon from Shrek!!

#dragon #luck #shrek #artwork #babe #luckbabe #shrekdragon #dragoness",these gals are chatting with babe the dragon and dragon from shrek #dragon #luck #shrek #artwork #babe #luckbabe #shrekdragon #dragoness,these gals are chatting with babe the dragon and dragon from shrek dragon luck shrek artwork babe luckbabe shrekdragon dragoness,#dragon,#dragon,dragon,dragon,hashtag,1,7,1,True,False,False,67
at://did:plc:22l2z4p4qhhyobx22dfcvijs/app.bsky.feed.post/3mijsvzzep22e,2026-04-02T18:17:52.611Z,"These Gals are Chatting!!

with: Babe The Dragon, and Dragon from Shrek!!

#dragon #luck #shrek #artwork #babe #luckbabe #shrekdragon #dragoness",these gals are chatting with babe the dragon and dragon from shrek #dragon #luck #shrek #artwork #babe #luckbabe #shrekdragon #dragoness,these gals are chatting with babe the dragon and dragon from shrek dragon luck shrek artwork babe luckbabe shrekdragon dragoness,#luck,#luck,luck,luck,hashtag,1,5,2,True,False,False,75
at://did:plc:22l2z4p4qhhyobx22dfcvijs/app.bsky.feed.post/3mijsvzzep22e,2026-04-02T18:17:52.611Z,"These Gals are Chatting!!

with: Babe The Dragon, and Dragon from Shrek!!

#dragon #luck #shrek #artwork #babe #luckbabe #shrekdragon #dragoness",these gals are chatting with babe the dragon and dragon from shrek #dragon #luck #shrek #artwork #babe #luckbabe #shrekdragon #dragoness,these gals are chatting with babe the dragon and dragon from shrek dragon luck shrek artwork babe luckbabe shrekdragon dragoness,#shrek,#shrek,shrek,shrek,hashtag,1,6,3,True,False,False,81
at://did:plc:22l2z4p4qhhyobx22dfcvijs/app.bsky.feed.post/3mijsvzzep22e,2026-04-02T18:17:52.611Z,"These Gals are Chatting!!

with: Babe The Dragon, and Dragon from Shrek!!

#dragon #luck #shrek #artwork #babe #luckbabe #shrekdragon #dragoness",these gals are chatting with babe the dragon and dragon from shrek #dragon #luck #shrek #artwork #babe #luckbabe #shrekdragon #dragoness,these gals are chatting with babe the dragon and dragon from shrek dragon luck shrek artwork babe luckbabe shrekdragon dragoness,#artwork,#artwork,artwork,artwork,hashtag,1,8,4,True,False,False,88
at://did:plc:22l2z4p4qhhyobx22dfcvijs/app.bsky.feed.post/3mijsvzzep22e,2026-04-02T18:17:52.611Z,"These Gals are Chatting!!

with: Babe The Dragon, and Dragon from Shrek!!

#dragon #luck #shrek #artwork #babe #luckbabe #shrekdragon #dragoness",these gals are chatting with babe the dragon and dragon from shrek #dragon #luck #shrek #artwork #babe #luckbabe #shrekdragon #dragoness,these gals are chatting with babe the dragon and dragon from shrek dragon luck shrek artwork babe luckbabe shrekdragon dragoness,#babe,#babe,babe,babe,hashtag,1,5,5,True,False,False,97
at://did:plc:22l2z4p4qhhyobx22dfcvijs/app.bsky.feed.post/3mijsvzzep22e,2026-04-02T18:17:52.611Z,"These Gals are Chatting!!

with: Babe The Dragon, and Dragon from Shrek!!

#dragon #luck #shrek #artwork #babe #luckbabe #shrekdragon #dragoness",these gals are chatting with babe the dragon and dragon from shrek #dragon #luck #shrek #artwork #babe #luckbabe #shrekdragon #dragoness,these gals are chatting with babe the dragon and dragon from shrek dragon luck shrek artwork babe luckbabe shrekdragon dragoness,#luckbabe,#luckbabe,luckbabe,luckbabe,hashtag,1,9,6,True,False,False,103
at://did:plc:22l2z4p4qhhyobx22dfcvijs/app.bsky.feed.post/3mijsvzzep22e,2026-04-02T18:17:52.611Z,"These Gals are Chatting!!

with: Babe The Dragon, and Dragon from Shrek!!

#dragon #luck #shrek #artwork #babe #luckbabe #shrekdragon #dragoness",these gals are chatting with babe the dragon and dragon from shrek #dragon #luck #shrek #artwork #babe #luckbabe #shrekdragon #dragoness,these gals are chatting with babe the dragon and dragon from shrek dragon luck shrek artwork babe luckbabe shrekdragon dragoness,#shrekdragon,#shrekdragon,shrekdragon,shrekdragon,hashtag,1,12,7,True,False,False,113
at://did:plc:22l2z4p4qhhyobx22dfcvijs/app.bsky.feed.post/3mijsvzzep22e,2026-04-02T18:17:52.611Z,"These Gals are Chatting!!

with: Babe The Dragon, and Dragon from Shrek!!

#dragon #luck #shrek #artwork #babe #luckbabe #shrekdragon #dragoness",these gals are chatting with babe the dragon and dragon from shrek #dragon #luck #shrek #artwork #babe #luckbabe #shrekdragon #dragoness,these gals are chatting with babe the dragon and dragon from shrek dragon luck shrek artwork babe luckbabe shrekdragon dragoness,#dragoness,#dragoness,dragoness,dragoness,hashtag,1,10,8,True,False,False,126
at://did:plc:22l2z4p4qhhyobx22dfcvijs/app.bsky.feed.post/3mijsvzzep22e,2026-04-02T18:17:52.611Z,"These Gals are Chatting!!

with: Babe The Dragon, and Dragon from Shrek!!

#dragon #luck #shrek #artwork #babe #luckbabe #shrekdragon #dragoness",these gals are chatting with babe the dragon and dragon from shrek #dragon #luck #shrek #artwork #babe #luckbabe #shrekdragon #dragoness,these gals are chatting with babe the dragon and dragon from shrek dragon luck shrek artwork babe luckbabe shrekdragon dragoness,these gals are chatting,these gals are chatting,these gals are chatting,these gals are chatting,ngram_4,4,23,9,False,False,False,0
at://did:plc:22l2z4p4qhhyobx22dfcvijs/app.bsky.feed.post/3mijsvzzep22e,2026-04-02T18:17:52.611Z,"These Gals are Chatting!!

with: Babe The Dragon, and Dragon from Shrek!!

#dragon #luck #shrek #artwork #babe #luckbabe #shrekdragon #dragoness",these gals are chatting with babe the dragon and dragon from shrek #dragon #luck #shrek #artwork #babe #luckbabe #shrekdragon #dragoness,these gals are chatting with babe the dragon and dragon from shrek dragon luck shrek artwork babe luckbabe shrekdragon dragoness,dragon from shrek dragon,dragon from shrek dragon,dragon from shrek dragon,dragon from shrek dragon,ngram_4,4,24,10,False,False,False,9
at://did:plc:22l2z4p4qhhyobx22dfcvijs/app.bsky.feed.post/3mijsvzzep22e,2026-04-02T18:17:52.611Z,"These Gals are Chatting!!

with: Babe The Dragon, and Dragon from Shrek!!

#dragon #luck #shrek #artwork #babe #luckbabe #shrekdragon #dragoness",these gals are chatting with babe the dragon and dragon from shrek #dragon #luck #shrek #artwork #babe #luckbabe #shrekdragon #dragoness,these gals are chatting with babe the dragon and dragon from shrek dragon luck shrek artwork babe luckbabe shrekdragon dragoness,shrek dragon luck shrek,shrek dragon luck shrek,shrek dragon luck shrek,shrek dragon luck shrek,ngram_4,4,23,11,False,False,False,11
at://did:plc:22l2z4p4qhhyobx22dfcvijs/app.bsky.feed.post/3mijsvzzep22e,2026-04-02T18:17:52.611Z,"These Gals are Chatting!!

with: Babe The Dragon, and Dragon from Shrek!!

#dragon #luck #shrek #artwork #babe #luckbabe #shrekdragon #dragoness",these gals are chatting with babe the dragon and dragon from shrek #dragon #luck #shrek #artwork #babe #luckbabe #shrekdragon #dragoness,these gals are chatting with babe the dragon and dragon from shrek dragon luck shrek artwork babe luckbabe shrekdragon dragoness,dragon luck shrek artwork,dragon luck shrek artwork,dragon luck shrek artwork,dragon luck shrek artwork,ngram_4,4,25,12,False,False,False,12
at://did:plc:22l2z4p4qhhyobx22dfcvijs/app.bsky.feed.post/3mijsvzzep22e,2026-04-02T18:17:52.611Z,"These Gals are Chatting!!

with: Babe The Dragon, and Dragon from Shrek!!

#dragon #luck #shrek #artwork #babe #luckbabe #shrekdragon #dragoness",these gals are chatting with babe the dragon and dragon from shrek #dragon #luck #shrek #artwork #babe #luckbabe #shrekdragon #dragoness,these gals are chatting with babe the dragon and dragon from shrek dragon luck shrek artwork babe luckbabe shrekdragon dragoness,luck shrek artwork babe,luck shrek artwork babe,luck shrek artwork babe,luck shrek artwork babe,ngram_4,4,23,13,False,False,False,13
at://did:plc:22l2z4p4qhhyobx22dfcvijs/app.bsky.feed.post/3mijsvzzep22e,2026-04-02T18:17:52.611Z,"These Gals are Chatting!!

with: Babe The Dragon, and Dragon from Shrek!!

#dragon #luck #shrek #artwork #babe #luckbabe #shrekdragon #dragoness",these gals are chatting with babe the dragon and dragon from shrek #dragon #luck #shrek #artwork #babe #luckbabe #shrekdragon #dragoness,these gals are chatting with babe the dragon and dragon from shrek dragon luck shrek artwork babe luckbabe shrekdragon dragoness,shrek artwork babe luckbabe,shrek artwork babe luckbabe,shrek artwork babe luckbabe,shrek artwork babe luckbabe,ngram_4,4,27,14,False,False,False,14
at://did:plc:22l2z4p4qhhyobx22dfcvijs/app.bsky.feed.post/3mijsvzzep22e,2026-04-02T18:17:52.611Z,"These Gals are Chatting!!

with: Babe The Dragon, and Dragon from Shrek!!

#dragon #luck #shrek #artwork #babe #luckbabe #shrekdragon #dragoness",these gals are chatting with babe the dragon and dragon from shrek #dragon #luck #shrek #artwork #babe #luckbabe #shrekdragon #dragoness,these gals are chatting with babe the dragon and dragon from shrek dragon luck shrek artwork babe luckbabe shrekdragon dragoness,artwork babe luckbabe shrekdragon,artwork babe luckbabe shrekdragon,artwork babe luckbabe shrekdragon,artwork babe luckbabe shrekdragon,ngram_4,4,33,15,False,False,False,15
at://did:plc:22l2z4p4qhhyobx22dfcvijs/app.bsky.feed.post/3mijsvzzep22e,2026-04-02T18:17:52.611Z,"These Gals are Chatting!!

with: Babe The Dragon, and Dragon from Shrek!!

#dragon #luck #shrek #artwork #babe #luckbabe #shrekdragon #dragoness",these gals are chatting with babe the dragon and dragon from shrek #dragon #luck #shrek #artwork #babe #luckbabe #shrekdragon #dragoness,these gals are chatting with babe the dragon and dragon from shrek dragon luck shrek artwork babe luckbabe shrekdragon dragoness,babe luckbabe shrekdragon dragoness,babe luckbabe shrekdragon dragoness,babe luckbabe shrekdragon dragoness,babe luckbabe shrekdragon dragoness,ngram_4,4,35,16,False,False,False,16
at://did:plc:22l2z4p4qhhyobx22dfcvijs/app.bsky.feed.post/3mijsvzzep22e,2026-04-02T18:17:52.611Z,"These Gals are Chatting!!

with: Babe The Dragon, and Dragon from Shrek!!

#dragon #luck #shrek #artwork #babe #luckbabe #shrekdragon #dragoness",these gals are chatting with babe the dragon and dragon from shrek #dragon #luck #shrek #artwork #babe #luckbabe #shrekdragon #dragoness,these gals are chatting with babe the dragon and dragon from shrek dragon luck shrek artwork babe luckbabe shrekdragon dragoness,gals are chatting,gals are chatting,gals are chatting,gals are chatting,ngram_3,3,17,17,False,False,False,1
at://did:plc:22l2z4p4qhhyobx22dfcvijs/app.bsky.feed.post/3mijsvzzep22e,2026-04-02T18:17:52.611Z,"These Gals are Chatting!!

with: Babe The Dragon, and Dragon from Shrek!!

#dragon #luck #shrek #artwork #babe #luckbabe #shrekdragon #dragoness",these gals are chatting with babe the dragon and dragon from shrek #dragon #luck #shrek #artwork #babe #luckbabe #shrekdragon #dragoness,these gals are chatting with babe the dragon and dragon from shrek dragon luck shrek artwork babe luckbabe shrekdragon dragoness,chatting with babe,chatting with babe,chatting with babe,chatting with babe,ngram_3,3,18,18,False,False,False,3
at://did:plc:22l2z4p4qhhyobx22dfcvijs/app.bsky.feed.post/3mijsvzzep22e,2026-04-02T18:17:52.611Z,"These Gals are Chatting!!

with: Babe The Dragon, and Dragon from Shrek!!

#dragon #luck #shrek #artwork #babe #luckbabe #shrekdragon #dragoness",these gals are chatting with babe the dragon and dragon from shrek #dragon #luck #shrek #artwork #babe #luckbabe #shrekdragon #dragoness,these gals are chatting with babe the dragon and dragon from shrek dragon luck shrek artwork babe luckbabe shrekdragon dragoness,babe the dragon,babe the dragon,babe the dragon,babe the dragon,ngram_3,3,15,19,False,False,False,5
at://did:plc:22l2z4p4qhhyobx22dfcvijs/app.bsky.feed.post/3mijsvzzep22e,2026-04-02T18:17:52.611Z,"These Gals are Chatting!!

with: Babe The Dragon, and Dragon from Shrek!!

#dragon #luck #shrek #artwork #babe #luckbabe #shrekdragon #dragoness",these gals are chatting with babe the dragon and dragon from shrek #dragon #luck #shrek #artwork #babe #luckbabe #shrekdragon #dragoness,these gals are chatting with babe the dragon and dragon from shrek dragon luck shrek artwork babe luckbabe shrekdragon dragoness,dragon and dragon,dragon and dragon,dragon and dragon,dragon and dragon,ngram_3,3,17,20,False,False,False,7
at://did:plc:22mqkfcok6f64mivxdured3w/app.bsky.feed.post/3mijsvat2ws22,2026-04-02T18:17:26.192Z,Two Women out replaced by Men who so far are doing better job of carrying out the wannabe dictatorship orders.,two women out replaced by men who so far are doing better job of carrying out the wannabe dictatorship orders,two women out replaced by men who so far are doing better job of carrying out the wannabe dictatorship orders,two women out replaced,two women out replaced,two women out replaced,two women out replaced,ngram_4,4,22,1,False,False,False,0
at://did:plc:22mqkfcok6f64mivxdured3w/app.bsky.feed.post/3mijsvat2ws22,2026-04-02T18:17:26.192Z,Two Women out replaced by Men who so far are doing better job of carrying out the wannabe dictatorship orders.,two women out replaced by men who so far are doing better job of carrying out the wannabe dictatorship orders,two women out replaced by men who so far are doing better job of carrying out the wannabe dictatorship orders,out replaced by men,out replaced by men,out replaced by men,out replaced by men,ngram_4,4,19,2,False,False,False,2
at://did:plc:22mqkfcok6f64mivxdured3w/app.bsky.feed.post/3mijsvat2ws22,2026-04-02T18:17:26.192Z,Two Women out replaced by Men who so far are doing better job of carrying out the wannabe dictatorship orders.,two women out replaced by men who so far are doing better job of carrying out the wannabe dictatorship orders,two women out replaced by men who so far are doing better job of carrying out the wannabe dictatorship orders,men who so far,men who so far,men who so far,men who so far,ngram_4,4,14,3,False,False,False,5
at://did:plc:22mqkfcok6f64mivxdured3w/app.bsky.feed.post/3mijsvat2ws22,2026-04-02T18:17:26.192Z,Two Women out replaced by Men who so far are doing better job of carrying out the wannabe dictatorship orders.,two women out replaced by men who so far are doing better job of carrying out the wannabe dictatorship orders,two women out replaced by men who so far are doing better job of carrying out the wannabe dictatorship orders,so far are doing,so far are doing,so far are doing,so far are doing,ngram_4,4,16,4,False,False,False,7
at://did:plc:22mqkfcok6f64mivxdured3w/app.bsky.feed.post/3mijsvat2ws22,2026-04-02T18:17:26.192Z,Two Women out replaced by Men who so far are doing better job of carrying out the wannabe dictatorship orders.,two women out replaced by men who so far are doing better job of carrying out the wannabe dictatorship orders,two women out replaced by men who so far are doing better job of carrying out the wannabe dictatorship orders,far are doing better,far are doing better,far are doing better,far are doing better,ngram_4,4,20,5,False,False,False,8
at://did:plc:22mqkfcok6f64mivxdured3w/app.bsky.feed.post/3mijsvat2ws22,2026-04-02T18:17:26.192Z,Two Women out replaced by Men who so far are doing better job of carrying out the wannabe dictatorship orders.,two women out replaced by men who so far are doing better job of carrying out the wannabe dictatorship orders,two women out replaced by men who so far are doing better job of carrying out the wannabe dictatorship orders,better job of carrying,better job of carrying,better job of carrying,better job of carrying,ngram_4,4,22,6,False,False,False,11
at://did:plc:22mqkfcok6f64mivxdured3w/app.bsky.feed.post/3mijsvat2ws22,2026-04-02T18:17:26.192Z,Two Women out replaced by Men who so far are doing better job of carrying out the wannabe dictatorship orders.,two women out replaced by men who so far are doing better job of carrying out the wannabe dictatorship orders,two women out replaced by men who so far are doing better job of carrying out the wannabe dictatorship orders,job of carrying out,job of carrying out,job of carrying out,job of carrying out,ngram_4,4,19,7,False,False,False,12
at://did:plc:22mqkfcok6f64mivxdured3w/app.bsky.feed.post/3mijsvat2ws22,2026-04-02T18:17:26.192Z,Two Women out replaced by Men who so far are doing better job of carrying out the wannabe dictatorship orders.,two women out replaced by men who so far are doing better job of carrying out the wannabe dictatorship orders,two women out replaced by men who so far are doing better job of carrying out the wannabe dictatorship orders,carrying out the wannabe,carrying out the wannabe,carrying out the wannabe,carrying out the wannabe,ngram_4,4,24,8,False,False,False,14
at://did:plc:22mqkfcok6f64mivxdured3w/app.bsky.feed.post/3mijsvat2ws22,2026-04-02T18:17:26.192Z,Two Women out replaced by Men who so far are doing better job of carrying out the wannabe dictatorship orders.,two women out replaced by men who so far are doing better job of carrying out the wannabe dictatorship orders,two women out replaced by men who so far are doing better job of carrying out the wannabe dictatorship orders,out the wannabe dictatorship,out the wannabe dictatorship,out the wannabe dictatorship,out the wannabe dictatorship,ngram_4,4,28,9,False,False,False,15
at://did:plc:22mqkfcok6f64mivxdured3w/app.bsky.feed.post/3mijsvat2ws22,2026-04-02T18:17:26.192Z,Two Women out replaced by Men who so far are doing better job of carrying out the wannabe dictatorship orders.,two women out replaced by men who so far are doing better job of carrying out the wannabe dictatorship orders,two women out replaced by men who so far are doing better job of carrying out the wannabe dictatorship orders,two women out,two women out,two women out,two women out,ngram_3,3,13,10,False,False,False,0
at://did:plc:22mqkfcok6f64mivxdured3w/app.bsky.feed.post/3mijsvat2ws22,2026-04-02T18:17:26.192Z,Two Women out replaced by Men who so far are doing better job of carrying out the wannabe dictatorship orders.,two women out replaced by men who so far are doing better job of carrying out the wannabe dictatorship orders,two women out replaced by men who so far are doing better job of carrying out the wannabe dictatorship orders,women out replaced,women out replaced,women out replaced,women out replaced,ngram_3,3,18,11,False,False,False,1
at://did:plc:22mqkfcok6f64mivxdured3w/app.bsky.feed.post/3mijsvat2ws22,2026-04-02T18:17:26.192Z,Two Women out replaced by Men who so far are doing better job of carrying out the wannabe dictatorship orders.,two women out replaced by men who so far are doing better job of carrying out the wannabe dictatorship orders,two women out replaced by men who so far are doing better job of carrying out the wannabe dictatorship orders,replaced by men,replaced by men,replaced by men,replaced by men,ngram_3,3,15,12,False,False,False,3
at://did:plc:22mqkfcok6f64mivxdured3w/app.bsky.feed.post/3mijsvat2ws22,2026-04-02T18:17:26.192Z,Two Women out replaced by Men who so far are doing better job of carrying out the wannabe dictatorship orders.,two women out replaced by men who so far are doing better job of carrying out the wannabe dictatorship orders,two women out replaced by men who so far are doing better job of carrying out the wannabe dictatorship orders,men who so,men who so,men who so,men who so,ngram_3,3,10,13,False,False,False,5
at://did:plc:22mqkfcok6f64mivxdured3w/app.bsky.feed.post/3mijsvat2ws22,2026-04-02T18:17:26.192Z,Two Women out replaced by Men who so far are doing better job of carrying out the wannabe dictatorship orders.,two women out replaced by men who so far are doing better job of carrying out the wannabe dictatorship orders,two women out replaced by men who so far are doing better job of carrying out the wannabe dictatorship orders,far are doing,far are doing,far are doing,far are doing,ngram_3,3,13,14,False,False,False,8
at://did:plc:22mqkfcok6f64mivxdured3w/app.bsky.feed.post/3mijsvat2ws22,2026-04-02T18:17:26.192Z,Two Women out replaced by Men who so far are doing better job of carrying out the wannabe dictatorship orders.,two women out replaced by men who so far are doing better job of carrying out the wannabe dictatorship orders,two women out replaced by men who so far are doing better job of carrying out the wannabe dictatorship orders,doing better job,doing better job,doing better job,doing better job,ngram_3,3,16,15,False,False,False,10
at://did:plc:22mqkfcok6f64mivxdured3w/app.bsky.feed.post/3mijsvat2ws22,2026-04-02T18:17:26.192Z,Two Women out replaced by Men who so far are doing better job of carrying out the wannabe dictatorship orders.,two women out replaced by men who so far are doing better job of carrying out the wannabe dictatorship orders,two women out replaced by men who so far are doing better job of carrying out the wannabe dictatorship orders,job of carrying,job of carrying,job of carrying,job of carrying,ngram_3,3,15,16,False,False,False,12
at://did:plc:22mqkfcok6f64mivxdured3w/app.bsky.feed.post/3mijsvat2ws22,2026-04-02T18:17:26.192Z,Two Women out replaced by Men who so far are doing better job of carrying out the wannabe dictatorship orders.,two women out replaced by men who so far are doing better job of carrying out the wannabe dictatorship orders,two women out replaced by men who so far are doing better job of carrying out the wannabe dictatorship orders,out the wannabe,out the wannabe,out the wannabe,out the wannabe,ngram_3,3,15,17,False,False,False,15
at://did:plc:22mqkfcok6f64mivxdured3w/app.bsky.feed.post/3mijsvat2ws22,2026-04-02T18:17:26.192Z,Two Women out replaced by Men who so far are doing better job of carrying out the wannabe dictatorship orders.,two women out replaced by men who so far are doing better job of carrying out the wannabe dictatorship orders,two women out replaced by men who so far are doing better job of carrying out the wannabe dictatorship orders,wannabe dictatorship orders,wannabe dictatorship orders,wannabe dictatorship orders,wannabe dictatorship orders,ngram_3,3,27,18,False,False,False,17
at://did:plc:22mqkfcok6f64mivxdured3w/app.bsky.feed.post/3mijsvat2ws22,2026-04-02T18:17:26.192Z,Two Women out replaced by Men who so far are doing better job of carrying out the wannabe dictatorship orders.,two women out replaced by men who so far are doing better job of carrying out the wannabe dictatorship orders,two women out replaced by men who so far are doing better job of carrying out the wannabe dictatorship orders,two women,two women,two women,two women,ngram_2,2,9,19,False,False,False,0
at://did:plc:22mqkfcok6f64mivxdured3w/app.bsky.feed.post/3mijsvat2ws22,2026-04-02T18:17:26.192Z,Two Women out replaced by Men who so far are doing better job of carrying out the wannabe dictatorship orders.,two women out replaced by men who so far are doing better job of carrying out the wannabe dictatorship orders,two women out replaced by men who so far are doing better job of carrying out the wannabe dictatorship orders,women out,women out,women out,women out,ngram_2,2,9,20,False,False,False,1
at://did:plc:22o23tz7bmmklmykyz7h3cem/app.bsky.feed.post/3mijsp4lkm22x,2026-04-02T18:14:00.425Z,"Purge valve, front brakes, water pump leak. The leak was covered by warranty thankfully tho",purge valve front brakes water pump leak the leak was covered by warranty thankfully tho,purge valve front brakes water pump leak the leak was covered by warranty thankfully tho,purge valve front brakes,purge valve front brakes,purge valve front brakes,purge valve front brakes,ngram_4,4,24,1,False,False,False,0
at://did:plc:22o23tz7bmmklmykyz7h3cem/app.bsky.feed.post/3mijsp4lkm22x,2026-04-02T18:14:00.425Z,"Purge valve, front brakes, water pump leak. The leak was covered by warranty thankfully tho",purge valve front brakes water pump leak the leak was covered by warranty thankfully tho,purge valve front brakes water pump leak the leak was covered by warranty thankfully tho,valve front brakes water,valve front brakes water,valve front brakes water,valve front brakes water,ngram_4,4,24,2,False,False,False,1
at://did:plc:22o23tz7bmmklmykyz7h3cem/app.bsky.feed.post/3mijsp4lkm22x,2026-04-02T18:14:00.425Z,"Purge valve, front brakes, water pump leak. The leak was covered by warranty thankfully tho",purge valve front brakes water pump leak the leak was covered by warranty thankfully tho,purge valve front brakes water pump leak the leak was covered by warranty thankfully tho,front brakes water pump,front brakes water pump,front brakes water pump,front brakes water pump,ngram_4,4,23,3,False,False,False,2
at://did:plc:22o23tz7bmmklmykyz7h3cem/app.bsky.feed.post/3mijsp4lkm22x,2026-04-02T18:14:00.425Z,"Purge valve, front brakes, water pump leak. The leak was covered by warranty thankfully tho",purge valve front brakes water pump leak the leak was covered by warranty thankfully tho,purge valve front brakes water pump leak the leak was covered by warranty thankfully tho,brakes water pump leak,brakes water pump leak,brakes water pump leak,brakes water pump leak,ngram_4,4,22,4,False,False,False,3
at://did:plc:22o23tz7bmmklmykyz7h3cem/app.bsky.feed.post/3mijsp4lkm22x,2026-04-02T18:14:00.425Z,"Purge valve, front brakes, water pump leak. The leak was covered by warranty thankfully tho",purge valve front brakes water pump leak the leak was covered by warranty thankfully tho,purge valve front brakes water pump leak the leak was covered by warranty thankfully tho,pump leak the leak,pump leak the leak,pump leak the leak,pump leak the leak,ngram_4,4,18,5,False,False,False,5
at://did:plc:22o23tz7bmmklmykyz7h3cem/app.bsky.feed.post/3mijsp4lkm22x,2026-04-02T18:14:00.425Z,"Purge valve, front brakes, water pump leak. The leak was covered by warranty thankfully tho",purge valve front brakes water pump leak the leak was covered by warranty thankfully tho,purge valve front brakes water pump leak the leak was covered by warranty thankfully tho,covered by warranty thankfully,covered by warranty thankfully,covered by warranty thankfully,covered by warranty thankfully,ngram_4,4,30,6,False,False,False,10
at://did:plc:22o23tz7bmmklmykyz7h3cem/app.bsky.feed.post/3mijsp4lkm22x,2026-04-02T18:14:00.425Z,"Purge valve, front brakes, water pump leak. The leak was covered by warranty thankfully tho",purge valve front brakes water pump leak the leak was covered by warranty thankfully tho,purge valve front brakes water pump leak the leak was covered by warranty thankfully tho,purge valve front,purge valve front,purge valve front,purge valve front,ngram_3,3,17,7,False,False,False,0
at://did:plc:22o23tz7bmmklmykyz7h3cem/app.bsky.feed.post/3mijsp4lkm22x,2026-04-02T18:14:00.425Z,"Purge valve, front brakes, water pump leak. The leak was covered by warranty thankfully tho",purge valve front brakes water pump leak the leak was covered by warranty thankfully tho,purge valve front brakes water pump leak the leak was covered by warranty thankfully tho,valve front brakes,valve front brakes,valve front brakes,valve front brakes,ngram_3,3,18,8,False,False,False,1
at://did:plc:22o23tz7bmmklmykyz7h3cem/app.bsky.feed.post/3mijsp4lkm22x,2026-04-02T18:14:00.425Z,"Purge valve, front brakes, water pump leak. The leak was covered by warranty thankfully tho",purge valve front brakes water pump leak the leak was covered by warranty thankfully tho,purge valve front brakes water pump leak the leak was covered by warranty thankfully tho,front brakes water,front brakes water,front brakes water,front brakes water,ngram_3,3,18,9,False,False,False,2
at://did:plc:22o23tz7bmmklmykyz7h3cem/app.bsky.feed.post/3mijsp4lkm22x,2026-04-02T18:14:00.425Z,"Purge valve, front brakes, water pump leak. The leak was covered by warranty thankfully tho",purge valve front brakes water pump leak the leak was covered by warranty thankfully tho,purge valve front brakes water pump leak the leak was covered by warranty thankfully tho,brakes water pump,brakes water pump,brakes water pump,brakes water pump,ngram_3,3,17,10,False,False,False,3
at://did:plc:22o23tz7bmmklmykyz7h3cem/app.bsky.feed.post/3mijsp4lkm22x,2026-04-02T18:14:00.425Z,"Purge valve, front brakes, water pump leak. The leak was covered by warranty thankfully tho",purge valve front brakes water pump leak the leak was covered by warranty thankfully tho,purge valve front brakes water pump leak the leak was covered by warranty thankfully tho,water pump leak,water pump leak,water pump leak,water pump leak,ngram_3,3,15,11,False,False,False,4
at://did:plc:22o23tz7bmmklmykyz7h3cem/app.bsky.feed.post/3mijsp4lkm22x,2026-04-02T18:14:00.425Z,"Purge valve, front brakes, water pump leak. The leak was covered by warranty thankfully tho",purge valve front brakes water pump leak the leak was covered by warranty thankfully tho,purge valve front brakes water pump leak the leak was covered by warranty thankfully tho,leak the leak,leak the leak,leak the leak,leak the leak,ngram_3,3,13,12,False,False,False,6
at://did:plc:22o23tz7bmmklmykyz7h3cem/app.bsky.feed.post/3mijsp4lkm22x,2026-04-02T18:14:00.425Z,"Purge valve, front brakes, water pump leak. The leak was covered by warranty thankfully tho",purge valve front brakes water pump leak the leak was covered by warranty thankfully tho,purge valve front brakes water pump leak the leak was covered by warranty thankfully tho,leak was covered,leak was covered,leak was covered,leak was covered,ngram_3,3,16,13,False,False,False,8
at://did:plc:22o23tz7bmmklmykyz7h3cem/app.bsky.feed.post/3mijsp4lkm22x,2026-04-02T18:14:00.425Z,"Purge valve, front brakes, water pump leak. The leak was covered by warranty thankfully tho",purge valve front brakes water pump leak the leak was covered by warranty thankfully tho,purge valve front brakes water pump leak the leak was covered by warranty thankfully tho,covered by warranty,covered by warranty,covered by warranty,covered by warranty,ngram_3,3,19,14,False,False,False,10
at://did:plc:22o23tz7bmmklmykyz7h3cem/app.bsky.feed.post/3mijsp4lkm22x,2026-04-02T18:14:00.425Z,"Purge valve, front brakes, water pump leak. The leak was covered by warranty thankfully tho",purge valve front brakes water pump leak the leak was covered by warranty thankfully tho,purge valve front brakes water pump leak the leak was covered by warranty thankfully tho,warranty thankfully tho,warranty thankfully tho,warranty thankfully tho,warranty thankfully tho,ngram_3,3,23,15,False,False,False,12
at://did:plc:22o23tz7bmmklmykyz7h3cem/app.bsky.feed.post/3mijsp4lkm22x,2026-04-02T18:14:00.425Z,"Purge valve, front brakes, water pump leak. The leak was covered by warranty thankfully tho",purge valve front brakes water pump leak the leak was covered by warranty thankfully tho,purge valve front brakes water pump leak the leak was covered by warranty thankfully tho,purge valve,purge valve,purge valve,purge valve,ngram_2,2,11,16,False,False,False,0
at://did:plc:22o23tz7bmmklmykyz7h3cem/app.bsky.feed.post/3mijsp4lkm22x,2026-04-02T18:14:00.425Z,"Purge valve, front brakes, water pump leak. The leak was covered by warranty thankfully tho",purge valve front brakes water pump leak the leak was covered by warranty thankfully tho,purge valve front brakes water pump leak the leak was covered by warranty thankfully tho,valve front,valve front,valve front,valve front,ngram_2,2,11,17,False,False,False,1
at://did:plc:22o23tz7bmmklmykyz7h3cem/app.bsky.feed.post/3mijsp4lkm22x,2026-04-02T18:14:00.425Z,"Purge valve, front brakes, water pump leak. The leak was covered by warranty thankfully tho",purge valve front brakes water pump leak the leak was covered by warranty thankfully tho,purge valve front brakes water pump leak the leak was covered by warranty thankfully tho,front brakes,front brakes,front brakes,front brakes,ngram_2,2,12,18,False,False,False,2
at://did:plc:22o23tz7bmmklmykyz7h3cem/app.bsky.feed.post/3mijsp4lkm22x,2026-04-02T18:14:00.425Z,"Purge valve, front brakes, water pump leak. The leak was covered by warranty thankfully tho",purge valve front brakes water pump leak the leak was covered by warranty thankfully tho,purge valve front brakes water pump leak the leak was covered by warranty thankfully tho,brakes water,brakes water,brakes water,brakes water,ngram_2,2,12,19,False,False,False,3
at://did:plc:22o23tz7bmmklmykyz7h3cem/app.bsky.feed.post/3mijsp4lkm22x,2026-04-02T18:14:00.425Z,"Purge valve, front brakes, water pump leak. The leak was covered by warranty thankfully tho",purge valve front brakes water pump leak the leak was covered by warranty thankfully tho,purge valve front brakes water pump leak the leak was covered by warranty thankfully tho,water pump,water pump,water pump,water pump,ngram_2,2,10,20,False,False,False,4
at://did:plc:22oaa5i4b5ntxz5gzvh532ex/app.bsky.feed.post/3mijstimm5s2k,2026-04-02T18:16:27.259Z,got this currently partially worked out as a screed in my notes app but soon....perhaps it will become an essay,got this currently partially worked out as a screed in my notes app but soon perhaps it will become an essay,got this currently partially worked out as a screed in my notes app but soon perhaps it will become an essay,got this currently partially,got this currently partially,got this currently partially,got this currently partially,ngram_4,4,28,1,False,False,False,0
at://did:plc:22oaa5i4b5ntxz5gzvh532ex/app.bsky.feed.post/3mijstimm5s2k,2026-04-02T18:16:27.259Z,got this currently partially worked out as a screed in my notes app but soon....perhaps it will become an essay,got this currently partially worked out as a screed in my notes app but soon perhaps it will become an essay,got this currently partially worked out as a screed in my notes app but soon perhaps it will become an essay,currently partially worked out,currently partially worked out,currently partially worked out,currently partially worked out,ngram_4,4,30,2,False,False,False,2
at://did:plc:22oaa5i4b5ntxz5gzvh532ex/app.bsky.feed.post/3mijstimm5s2k,2026-04-02T18:16:27.259Z,got this currently partially worked out as a screed in my notes app but soon....perhaps it will become an essay,got this currently partially worked out as a screed in my notes app but soon perhaps it will become an essay,got this currently partially worked out as a screed in my notes app but soon perhaps it will become an essay,out as a screed,out as a screed,out as a screed,out as a screed,ngram_4,4,15,3,False,False,False,5
at://did:plc:22oaa5i4b5ntxz5gzvh532ex/app.bsky.feed.post/3mijstimm5s2k,2026-04-02T18:16:27.259Z,got this currently partially worked out as a screed in my notes app but soon....perhaps it will become an essay,got this currently partially worked out as a screed in my notes app but soon perhaps it will become an essay,got this currently partially worked out as a screed in my notes app but soon perhaps it will become an essay,screed in my notes,screed in my notes,screed in my notes,screed in my notes,ngram_4,4,18,4,False,False,False,8
at://did:plc:22oaa5i4b5ntxz5gzvh532ex/app.bsky.feed.post/3mijstimm5s2k,2026-04-02T18:16:27.259Z,got this currently partially worked out as a screed in my notes app but soon....perhaps it will become an essay,got this currently partially worked out as a screed in my notes app but soon perhaps it will become an essay,got this currently partially worked out as a screed in my notes app but soon perhaps it will become an essay,notes app but soon,notes app but soon,notes app but soon,notes app but soon,ngram_4,4,18,5,False,False,False,11
at://did:plc:22oaa5i4b5ntxz5gzvh532ex/app.bsky.feed.post/3mijstimm5s2k,2026-04-02T18:16:27.259Z,got this currently partially worked out as a screed in my notes app but soon....perhaps it will become an essay,got this currently partially worked out as a screed in my notes app but soon perhaps it will become an essay,got this currently partially worked out as a screed in my notes app but soon perhaps it will become an essay,app but soon perhaps,app but soon perhaps,app but soon perhaps,app but soon perhaps,ngram_4,4,20,6,False,False,False,12
at://did:plc:22oaa5i4b5ntxz5gzvh532ex/app.bsky.feed.post/3mijstimm5s2k,2026-04-02T18:16:27.259Z,got this currently partially worked out as a screed in my notes app but soon....perhaps it will become an essay,got this currently partially worked out as a screed in my notes app but soon perhaps it will become an essay,got this currently partially worked out as a screed in my notes app but soon perhaps it will become an essay,perhaps it will become,perhaps it will become,perhaps it will become,perhaps it will become,ngram_4,4,22,7,False,False,False,15
at://did:plc:22oaa5i4b5ntxz5gzvh532ex/app.bsky.feed.post/3mijstimm5s2k,2026-04-02T18:16:27.259Z,got this currently partially worked out as a screed in my notes app but soon....perhaps it will become an essay,got this currently partially worked out as a screed in my notes app but soon perhaps it will become an essay,got this currently partially worked out as a screed in my notes app but soon perhaps it will become an essay,got this currently,got this currently,got this currently,got this currently,ngram_3,3,18,8,False,False,False,0
at://did:plc:22oaa5i4b5ntxz5gzvh532ex/app.bsky.feed.post/3mijstimm5s2k,2026-04-02T18:16:27.259Z,got this currently partially worked out as a screed in my notes app but soon....perhaps it will become an essay,got this currently partially worked out as a screed in my notes app but soon perhaps it will become an essay,got this currently partially worked out as a screed in my notes app but soon perhaps it will become an essay,currently partially worked,currently partially worked,currently partially worked,currently partially worked,ngram_3,3,26,9,False,False,False,2
at://did:plc:22oaa5i4b5ntxz5gzvh532ex/app.bsky.feed.post/3mijstimm5s2k,2026-04-02T18:16:27.259Z,got this currently partially worked out as a screed in my notes app but soon....perhaps it will become an essay,got this currently partially worked out as a screed in my notes app but soon perhaps it will become an essay,got this currently partially worked out as a screed in my notes app but soon perhaps it will become an essay,partially worked out,partially worked out,partially worked out,partially worked out,ngram_3,3,20,10,False,False,False,3
at://did:plc:22oaa5i4b5ntxz5gzvh532ex/app.bsky.feed.post/3mijstimm5s2k,2026-04-02T18:16:27.259Z,got this currently partially worked out as a screed in my notes app but soon....perhaps it will become an essay,got this currently partially worked out as a screed in my notes app but soon perhaps it will become an essay,got this currently partially worked out as a screed in my notes app but soon perhaps it will become an essay,app but soon,app but soon,app but soon,app but soon,ngram_3,3,12,11,False,False,False,12
at://did:plc:22oaa5i4b5ntxz5gzvh532ex/app.bsky.feed.post/3mijstimm5s2k,2026-04-02T18:16:27.259Z,got this currently partially worked out as a screed in my notes app but soon....perhaps it will become an essay,got this currently partially worked out as a screed in my notes app but soon perhaps it will become an essay,got this currently partially worked out as a screed in my notes app but soon perhaps it will become an essay,become an essay,become an essay,become an essay,become an essay,ngram_3,3,15,12,False,False,False,18
at://did:plc:22oaa5i4b5ntxz5gzvh532ex/app.bsky.feed.post/3mijstimm5s2k,2026-04-02T18:16:27.259Z,got this currently partially worked out as a screed in my notes app but soon....perhaps it will become an essay,got this currently partially worked out as a screed in my notes app but soon perhaps it will become an essay,got this currently partially worked out as a screed in my notes app but soon perhaps it will become an essay,currently partially,currently partially,currently partially,currently partially,ngram_2,2,19,13,False,False,False,2
at://did:plc:22oaa5i4b5ntxz5gzvh532ex/app.bsky.feed.post/3mijstimm5s2k,2026-04-02T18:16:27.259Z,got this currently partially worked out as a screed in my notes app but soon....perhaps it will become an essay,got this currently partially worked out as a screed in my notes app but soon perhaps it will become an essay,got this currently partially worked out as a screed in my notes app but soon perhaps it will become an essay,partially worked,partially worked,partially worked,partially worked,ngram_2,2,16,14,False,False,False,3
at://did:plc:22oaa5i4b5ntxz5gzvh532ex/app.bsky.feed.post/3mijstimm5s2k,2026-04-02T18:16:27.259Z,got this currently partially worked out as a screed in my notes app but soon....perhaps it will become an essay,got this currently partially worked out as a screed in my notes app but soon perhaps it will become an essay,got this currently partially worked out as a screed in my notes app but soon perhaps it will become an essay,worked out,worked out,worked out,worked out,ngram_2,2,10,15,False,False,False,4
at://did:plc:22oaa5i4b5ntxz5gzvh532ex/app.bsky.feed.post/3mijstimm5s2k,2026-04-02T18:16:27.259Z,got this currently partially worked out as a screed in my notes app but soon....perhaps it will become an essay,got this currently partially worked out as a screed in my notes app but soon perhaps it will become an essay,got this currently partially worked out as a screed in my notes app but soon perhaps it will become an essay,soon perhaps,soon perhaps,soon perhaps,soon perhaps,ngram_2,2,12,16,False,False,False,14
at://did:plc:22qjj2h2xfdzx5um7fnoimop/app.bsky.feed.post/3mijswlrkdk2n,2026-04-02T18:18:11.230Z,Another player has entered the mix $TQQQ,another player has entered the mix $tqqq,another player has entered the mix tqqq,another player has entered,another player has entered,another player has entered,another player has entered,ngram_4,4,26,1,False,False,False,0
at://did:plc:22qjj2h2xfdzx5um7fnoimop/app.bsky.feed.post/3mijswlrkdk2n,2026-04-02T18:18:11.230Z,Another player has entered the mix $TQQQ,another player has entered the mix $tqqq,another player has entered the mix tqqq,entered the mix tqqq,entered the mix tqqq,entered the mix tqqq,entered the mix tqqq,ngram_4,4,20,2,False,False,False,3
at://did:plc:22qjj2h2xfdzx5um7fnoimop/app.bsky.feed.post/3mijswlrkdk2n,2026-04-02T18:18:11.230Z,Another player has entered the mix $TQQQ,another player has entered the mix $tqqq,another player has entered the mix tqqq,player has entered,player has entered,player has entered,player has entered,ngram_3,3,18,3,False,False,False,1
at://did:plc:22qjj2h2xfdzx5um7fnoimop/app.bsky.feed.post/3mijswlrkdk2n,2026-04-02T18:18:11.230Z,Another player has entered the mix $TQQQ,another player has entered the mix $tqqq,another player has entered the mix tqqq,entered the mix,entered the mix,entered the mix,entered the mix,ngram_3,3,15,4,False,False,False,3
at://did:plc:22qjj2h2xfdzx5um7fnoimop/app.bsky.feed.post/3mijswlrkdk2n,2026-04-02T18:18:11.230Z,Another player has entered the mix $TQQQ,another player has entered the mix $tqqq,another player has entered the mix tqqq,another player,another player,another player,another player,ngram_2,2,14,5,False,False,False,0
at://did:plc:22qjj2h2xfdzx5um7fnoimop/app.bsky.feed.post/3mijswlrkdk2n,2026-04-02T18:18:11.230Z,Another player has entered the mix $TQQQ,another player has entered the mix $tqqq,another player has entered the mix tqqq,mix tqqq,mix tqqq,mix tqqq,mix tqqq,ngram_2,2,8,6,False,False,False,5
at://did:plc:22tgdh6qvp3dvf5smkbutae7/app.bsky.feed.post/3mijsxhep3c27,2026-04-02T18:18:40.166Z,"Ah my handsome son, I'd never have you thrown on a pyre.",ah my handsome son i'd never have you thrown on a pyre,ah my handsome son i d never have you thrown on a pyre,ah my handsome son,ah my handsome son,ah my handsome son,ah my handsome son,ngram_4,4,18,1,False,False,False,0
at://did:plc:22tgdh6qvp3dvf5smkbutae7/app.bsky.feed.post/3mijsxhep3c27,2026-04-02T18:18:40.166Z,"Ah my handsome son, I'd never have you thrown on a pyre.",ah my handsome son i'd never have you thrown on a pyre,ah my handsome son i d never have you thrown on a pyre,handsome son i d,handsome son i d,handsome son i d,handsome son i d,ngram_4,4,16,2,False,False,False,2
at://did:plc:22tgdh6qvp3dvf5smkbutae7/app.bsky.feed.post/3mijsxhep3c27,2026-04-02T18:18:40.166Z,"Ah my handsome son, I'd never have you thrown on a pyre.",ah my handsome son i'd never have you thrown on a pyre,ah my handsome son i d never have you thrown on a pyre,son i d never,son i d never,son i d never,son i d never,ngram_4,4,13,3,False,False,False,3
at://did:plc:22tgdh6qvp3dvf5smkbutae7/app.bsky.feed.post/3mijsxhep3c27,2026-04-02T18:18:40.166Z,"Ah my handsome son, I'd never have you thrown on a pyre.",ah my handsome son i'd never have you thrown on a pyre,ah my handsome son i d never have you thrown on a pyre,never have you thrown,never have you thrown,never have you thrown,never have you thrown,ngram_4,4,21,4,False,False,False,6
at://did:plc:22tgdh6qvp3dvf5smkbutae7/app.bsky.feed.post/3mijsxhep3c27,2026-04-02T18:18:40.166Z,"Ah my handsome son, I'd never have you thrown on a pyre.",ah my handsome son i'd never have you thrown on a pyre,ah my handsome son i d never have you thrown on a pyre,thrown on a pyre,thrown on a pyre,thrown on a pyre,thrown on a pyre,ngram_4,4,16,5,False,False,False,9
at://did:plc:22tgdh6qvp3dvf5smkbutae7/app.bsky.feed.post/3mijsxhep3c27,2026-04-02T18:18:40.166Z,"Ah my handsome son, I'd never have you thrown on a pyre.",ah my handsome son i'd never have you thrown on a pyre,ah my handsome son i d never have you thrown on a pyre,ah my handsome,ah my handsome,ah my handsome,ah my handsome,ngram_3,3,14,6,False,False,False,0
at://did:plc:22tgdh6qvp3dvf5smkbutae7/app.bsky.feed.post/3mijsxhep3c27,2026-04-02T18:18:40.166Z,"Ah my handsome son, I'd never have you thrown on a pyre.",ah my handsome son i'd never have you thrown on a pyre,ah my handsome son i d never have you thrown on a pyre,son i d,son i d,son i d,son i d,ngram_3,3,7,7,False,False,False,3
at://did:plc:22tgdh6qvp3dvf5smkbutae7/app.bsky.feed.post/3mijsxhep3c27,2026-04-02T18:18:40.166Z,"Ah my handsome son, I'd never have you thrown on a pyre.",ah my handsome son i'd never have you thrown on a pyre,ah my handsome son i d never have you thrown on a pyre,handsome son,handsome son,handsome son,handsome son,ngram_2,2,12,8,False,False,False,2
at://did:plc:22tgdh6qvp3dvf5smkbutae7/app.bsky.feed.post/3mijsxhep3c27,2026-04-02T18:18:40.166Z,"Ah my handsome son, I'd never have you thrown on a pyre.",ah my handsome son i'd never have you thrown on a pyre,ah my handsome son i d never have you thrown on a pyre,d never,d never,d never,d never,ngram_2,2,7,9,False,False,False,5
at://did:plc:22w4xuatznlr2a65xslrqebv/app.bsky.feed.post/3mijspmyz2k2c,2026-04-02T18:14:17.642Z,"Um….”may be”???
What were putin & netanyahu, convicted WAR CRIMINALS, found GUILTY of?!? 
Looks like the same ‘crimes against humanity’ 
To ME!!!😡☠️👺💣⚰️🧨🪦☠️",um ”may be” what were putin netanyahu convicted war criminals found guilty of looks like the same 'crimes against humanity' to me 😡☠️👺💣⚰️🧨🪦☠️,um may be what were putin netanyahu convicted war criminals found guilty of looks like the same crimes against humanity to me,putin netanyahu convicted war,putin netanyahu convicted war,putin netanyahu convicted war,putin netanyahu convicted war,ngram_4,4,29,1,False,False,False,5
at://did:plc:22w4xuatznlr2a65xslrqebv/app.bsky.feed.post/3mijspmyz2k2c,2026-04-02T18:14:17.642Z,"Um….”may be”???
What were putin & netanyahu, convicted WAR CRIMINALS, found GUILTY of?!? 
Looks like the same ‘crimes against humanity’ 
To ME!!!😡☠️👺💣⚰️🧨🪦☠️",um ”may be” what were putin netanyahu convicted war criminals found guilty of looks like the same 'crimes against humanity' to me 😡☠️👺💣⚰️🧨🪦☠️,um may be what were putin netanyahu convicted war criminals found guilty of looks like the same crimes against humanity to me,netanyahu convicted war criminals,netanyahu convicted war criminals,netanyahu convicted war criminals,netanyahu convicted war criminals,ngram_4,4,33,2,False,False,False,6
at://did:plc:22w4xuatznlr2a65xslrqebv/app.bsky.feed.post/3mijspmyz2k2c,2026-04-02T18:14:17.642Z,"Um….”may be”???
What were putin & netanyahu, convicted WAR CRIMINALS, found GUILTY of?!? 
Looks like the same ‘crimes against humanity’ 
To ME!!!😡☠️👺💣⚰️🧨🪦☠️",um ”may be” what were putin netanyahu convicted war criminals found guilty of looks like the same 'crimes against humanity' to me 😡☠️👺💣⚰️🧨🪦☠️,um may be what were putin netanyahu convicted war criminals found guilty of looks like the same crimes against humanity to me,convicted war criminals found,convicted war criminals found,convicted war criminals found,convicted war criminals found,ngram_4,4,29,3,False,False,False,7
at://did:plc:22w4xuatznlr2a65xslrqebv/app.bsky.feed.post/3mijspmyz2k2c,2026-04-02T18:14:17.642Z,"Um….”may be”???
What were putin & netanyahu, convicted WAR CRIMINALS, found GUILTY of?!? 
Looks like the same ‘crimes against humanity’ 
To ME!!!😡☠️👺💣⚰️🧨🪦☠️",um ”may be” what were putin netanyahu convicted war criminals found guilty of looks like the same 'crimes against humanity' to me 😡☠️👺💣⚰️🧨🪦☠️,um may be what were putin netanyahu convicted war criminals found guilty of looks like the same crimes against humanity to me,war criminals found guilty,war criminals found guilty,war criminals found guilty,war criminals found guilty,ngram_4,4,26,4,False,False,False,8
at://did:plc:22w4xuatznlr2a65xslrqebv/app.bsky.feed.post/3mijspmyz2k2c,2026-04-02T18:14:17.642Z,"Um….”may be”???
What were putin & netanyahu, convicted WAR CRIMINALS, found GUILTY of?!? 
Looks like the same ‘crimes against humanity’ 
To ME!!!😡☠️👺💣⚰️🧨🪦☠️",um ”may be” what were putin netanyahu convicted war criminals found guilty of looks like the same 'crimes against humanity' to me 😡☠️👺💣⚰️🧨🪦☠️,um may be what were putin netanyahu convicted war criminals found guilty of looks like the same crimes against humanity to me,found guilty of looks,found guilty of looks,found guilty of looks,found guilty of looks,ngram_4,4,21,5,False,False,False,10
at://did:plc:22w4xuatznlr2a65xslrqebv/app.bsky.feed.post/3mijspmyz2k2c,2026-04-02T18:14:17.642Z,"Um….”may be”???
What were putin & netanyahu, convicted WAR CRIMINALS, found GUILTY of?!? 
Looks like the same ‘crimes against humanity’ 
To ME!!!😡☠️👺💣⚰️🧨🪦☠️",um ”may be” what were putin netanyahu convicted war criminals found guilty of looks like the same 'crimes against humanity' to me 😡☠️👺💣⚰️🧨🪦☠️,um may be what were putin netanyahu convicted war criminals found guilty of looks like the same crimes against humanity to me,guilty of looks like,guilty of looks like,guilty of looks like,guilty of looks like,ngram_4,4,20,6,False,False,False,11
at://did:plc:22w4xuatznlr2a65xslrqebv/app.bsky.feed.post/3mijspmyz2k2c,2026-04-02T18:14:17.642Z,"Um….”may be”???
What were putin & netanyahu, convicted WAR CRIMINALS, found GUILTY of?!? 
Looks like the same ‘crimes against humanity’ 
To ME!!!😡☠️👺💣⚰️🧨🪦☠️",um ”may be” what were putin netanyahu convicted war criminals found guilty of looks like the same 'crimes against humanity' to me 😡☠️👺💣⚰️🧨🪦☠️,um may be what were putin netanyahu convicted war criminals found guilty of looks like the same crimes against humanity to me,looks like the same,looks like the same,looks like the same,looks like the same,ngram_4,4,19,7,False,False,False,13
at://did:plc:22w4xuatznlr2a65xslrqebv/app.bsky.feed.post/3mijspmyz2k2c,2026-04-02T18:14:17.642Z,"Um….”may be”???
What were putin & netanyahu, convicted WAR CRIMINALS, found GUILTY of?!? 
Looks like the same ‘crimes against humanity’ 
To ME!!!😡☠️👺💣⚰️🧨🪦☠️",um ”may be” what were putin netanyahu convicted war criminals found guilty of looks like the same 'crimes against humanity' to me 😡☠️👺💣⚰️🧨🪦☠️,um may be what were putin netanyahu convicted war criminals found guilty of looks like the same crimes against humanity to me,like the same crimes,like the same crimes,like the same crimes,like the same crimes,ngram_4,4,20,8,False,False,False,14
at://did:plc:22w4xuatznlr2a65xslrqebv/app.bsky.feed.post/3mijspmyz2k2c,2026-04-02T18:14:17.642Z,"Um….”may be”???
What were putin & netanyahu, convicted WAR CRIMINALS, found GUILTY of?!? 
Looks like the same ‘crimes against humanity’ 
To ME!!!😡☠️👺💣⚰️🧨🪦☠️",um ”may be” what were putin netanyahu convicted war criminals found guilty of looks like the same 'crimes against humanity' to me 😡☠️👺💣⚰️🧨🪦☠️,um may be what were putin netanyahu convicted war criminals found guilty of looks like the same crimes against humanity to me,same crimes against humanity,same crimes against humanity,same crimes against humanity,same crimes against humanity,ngram_4,4,28,9,False,False,False,16
at://did:plc:22w4xuatznlr2a65xslrqebv/app.bsky.feed.post/3mijspmyz2k2c,2026-04-02T18:14:17.642Z,"Um….”may be”???
What were putin & netanyahu, convicted WAR CRIMINALS, found GUILTY of?!? 
Looks like the same ‘crimes against humanity’ 
To ME!!!😡☠️👺💣⚰️🧨🪦☠️",um ”may be” what were putin netanyahu convicted war criminals found guilty of looks like the same 'crimes against humanity' to me 😡☠️👺💣⚰️🧨🪦☠️,um may be what were putin netanyahu convicted war criminals found guilty of looks like the same crimes against humanity to me,putin netanyahu convicted,putin netanyahu convicted,putin netanyahu convicted,putin netanyahu convicted,ngram_3,3,25,10,False,False,False,5
at://did:plc:22w4xuatznlr2a65xslrqebv/app.bsky.feed.post/3mijspmyz2k2c,2026-04-02T18:14:17.642Z,"Um….”may be”???
What were putin & netanyahu, convicted WAR CRIMINALS, found GUILTY of?!? 
Looks like the same ‘crimes against humanity’ 
To ME!!!😡☠️👺💣⚰️🧨🪦☠️",um ”may be” what were putin netanyahu convicted war criminals found guilty of looks like the same 'crimes against humanity' to me 😡☠️👺💣⚰️🧨🪦☠️,um may be what were putin netanyahu convicted war criminals found guilty of looks like the same crimes against humanity to me,netanyahu convicted war,netanyahu convicted war,netanyahu convicted war,netanyahu convicted war,ngram_3,3,23,11,False,False,False,6
at://did:plc:22w4xuatznlr2a65xslrqebv/app.bsky.feed.post/3mijspmyz2k2c,2026-04-02T18:14:17.642Z,"Um….”may be”???
What were putin & netanyahu, convicted WAR CRIMINALS, found GUILTY of?!? 
Looks like the same ‘crimes against humanity’ 
To ME!!!😡☠️👺💣⚰️🧨🪦☠️",um ”may be” what were putin netanyahu convicted war criminals found guilty of looks like the same 'crimes against humanity' to me 😡☠️👺💣⚰️🧨🪦☠️,um may be what were putin netanyahu convicted war criminals found guilty of looks like the same crimes against humanity to me,convicted war criminals,convicted war criminals,convicted war criminals,convicted war criminals,ngram_3,3,23,12,False,False,False,7
at://did:plc:22w4xuatznlr2a65xslrqebv/app.bsky.feed.post/3mijspmyz2k2c,2026-04-02T18:14:17.642Z,"Um….”may be”???
What were putin & netanyahu, convicted WAR CRIMINALS, found GUILTY of?!? 
Looks like the same ‘crimes against humanity’ 
To ME!!!😡☠️👺💣⚰️🧨🪦☠️",um ”may be” what were putin netanyahu convicted war criminals found guilty of looks like the same 'crimes against humanity' to me 😡☠️👺💣⚰️🧨🪦☠️,um may be what were putin netanyahu convicted war criminals found guilty of looks like the same crimes against humanity to me,war criminals found,war criminals found,war criminals found,war criminals found,ngram_3,3,19,13,False,False,False,8
at://did:plc:22w4xuatznlr2a65xslrqebv/app.bsky.feed.post/3mijspmyz2k2c,2026-04-02T18:14:17.642Z,"Um….”may be”???
What were putin & netanyahu, convicted WAR CRIMINALS, found GUILTY of?!? 
Looks like the same ‘crimes against humanity’ 
To ME!!!😡☠️👺💣⚰️🧨🪦☠️",um ”may be” what were putin netanyahu convicted war criminals found guilty of looks like the same 'crimes against humanity' to me 😡☠️👺💣⚰️🧨🪦☠️,um may be what were putin netanyahu convicted war criminals found guilty of looks like the same crimes against humanity to me,criminals found guilty,criminals found guilty,criminals found guilty,criminals found guilty,ngram_3,3,22,14,False,False,False,9
at://did:plc:22w4xuatznlr2a65xslrqebv/app.bsky.feed.post/3mijspmyz2k2c,2026-04-02T18:14:17.642Z,"Um….”may be”???
What were putin & netanyahu, convicted WAR CRIMINALS, found GUILTY of?!? 
Looks like the same ‘crimes against humanity’ 
To ME!!!😡☠️👺💣⚰️🧨🪦☠️",um ”may be” what were putin netanyahu convicted war criminals found guilty of looks like the same 'crimes against humanity' to me 😡☠️👺💣⚰️🧨🪦☠️,um may be what were putin netanyahu convicted war criminals found guilty of looks like the same crimes against humanity to me,guilty of looks,guilty of looks,guilty of looks,guilty of looks,ngram_3,3,15,15,False,False,False,11
at://did:plc:22w4xuatznlr2a65xslrqebv/app.bsky.feed.post/3mijspmyz2k2c,2026-04-02T18:14:17.642Z,"Um….”may be”???
What were putin & netanyahu, convicted WAR CRIMINALS, found GUILTY of?!? 
Looks like the same ‘crimes against humanity’ 
To ME!!!😡☠️👺💣⚰️🧨🪦☠️",um ”may be” what were putin netanyahu convicted war criminals found guilty of looks like the same 'crimes against humanity' to me 😡☠️👺💣⚰️🧨🪦☠️,um may be what were putin netanyahu convicted war criminals found guilty of looks like the same crimes against humanity to me,like the same,like the same,like the same,like the same,ngram_3,3,13,16,False,False,False,14
at://did:plc:22w4xuatznlr2a65xslrqebv/app.bsky.feed.post/3mijspmyz2k2c,2026-04-02T18:14:17.642Z,"Um….”may be”???
What were putin & netanyahu, convicted WAR CRIMINALS, found GUILTY of?!? 
Looks like the same ‘crimes against humanity’ 
To ME!!!😡☠️👺💣⚰️🧨🪦☠️",um ”may be” what were putin netanyahu convicted war criminals found guilty of looks like the same 'crimes against humanity' to me 😡☠️👺💣⚰️🧨🪦☠️,um may be what were putin netanyahu convicted war criminals found guilty of looks like the same crimes against humanity to me,same crimes against,same crimes against,same crimes against,same crimes against,ngram_3,3,19,17,False,False,False,16
at://did:plc:22w4xuatznlr2a65xslrqebv/app.bsky.feed.post/3mijspmyz2k2c,2026-04-02T18:14:17.642Z,"Um….”may be”???
What were putin & netanyahu, convicted WAR CRIMINALS, found GUILTY of?!? 
Looks like the same ‘crimes against humanity’ 
To ME!!!😡☠️👺💣⚰️🧨🪦☠️",um ”may be” what were putin netanyahu convicted war criminals found guilty of looks like the same 'crimes against humanity' to me 😡☠️👺💣⚰️🧨🪦☠️,um may be what were putin netanyahu convicted war criminals found guilty of looks like the same crimes against humanity to me,crimes against humanity,crimes against humanity,crimes against humanity,crimes against humanity,ngram_3,3,23,18,False,False,False,17
at://did:plc:22w4xuatznlr2a65xslrqebv/app.bsky.feed.post/3mijspmyz2k2c,2026-04-02T18:14:17.642Z,"Um….”may be”???
What were putin & netanyahu, convicted WAR CRIMINALS, found GUILTY of?!? 
Looks like the same ‘crimes against humanity’ 
To ME!!!😡☠️👺💣⚰️🧨🪦☠️",um ”may be” what were putin netanyahu convicted war criminals found guilty of looks like the same 'crimes against humanity' to me 😡☠️👺💣⚰️🧨🪦☠️,um may be what were putin netanyahu convicted war criminals found guilty of looks like the same crimes against humanity to me,um may,um may,um may,um may,ngram_2,2,6,19,False,False,False,0
at://did:plc:22w4xuatznlr2a65xslrqebv/app.bsky.feed.post/3mijspmyz2k2c,2026-04-02T18:14:17.642Z,"Um….”may be”???
What were putin & netanyahu, convicted WAR CRIMINALS, found GUILTY of?!? 
Looks like the same ‘crimes against humanity’ 
To ME!!!😡☠️👺💣⚰️🧨🪦☠️",um ”may be” what were putin netanyahu convicted war criminals found guilty of looks like the same 'crimes against humanity' to me 😡☠️👺💣⚰️🧨🪦☠️,um may be what were putin netanyahu convicted war criminals found guilty of looks like the same crimes against humanity to me,putin netanyahu,putin netanyahu,putin netanyahu,putin netanyahu,ngram_2,2,15,20,False,False,False,5
at://did:plc:22w4xuatznlr2a65xslrqebv/app.bsky.feed.post/3mijsu5utqc2c,2026-04-02T18:16:49.550Z,"Go figure….🤷‍♀️
‘Centcom’ / this evil regime
LIES!!!",go figure 🤷‍♀️ 'centcom' this evil regime lies,go figure centcom this evil regime lies,figure centcom this evil,figure centcom this evil,figure centcom this evil,figure centcom this evil,ngram_4,4,24,1,False,False,False,1
at://did:plc:22w4xuatznlr2a65xslrqebv/app.bsky.feed.post/3mijsu5utqc2c,2026-04-02T18:16:49.550Z,"Go figure….🤷‍♀️
‘Centcom’ / this evil regime
LIES!!!",go figure 🤷‍♀️ 'centcom' this evil regime lies,go figure centcom this evil regime lies,centcom this evil regime,centcom this evil regime,centcom this evil regime,centcom this evil regime,ngram_4,4,24,2,False,False,False,2
at://did:plc:22w4xuatznlr2a65xslrqebv/app.bsky.feed.post/3mijsu5utqc2c,2026-04-02T18:16:49.550Z,"Go figure….🤷‍♀️
‘Centcom’ / this evil regime
LIES!!!",go figure 🤷‍♀️ 'centcom' this evil regime lies,go figure centcom this evil regime lies,go figure centcom,go figure centcom,go figure centcom,go figure centcom,ngram_3,3,17,3,False,False,False,0
at://did:plc:22w4xuatznlr2a65xslrqebv/app.bsky.feed.post/3mijsu5utqc2c,2026-04-02T18:16:49.550Z,"Go figure….🤷‍♀️
‘Centcom’ / this evil regime
LIES!!!",go figure 🤷‍♀️ 'centcom' this evil regime lies,go figure centcom this evil regime lies,centcom this evil,centcom this evil,centcom this evil,centcom this evil,ngram_3,3,17,4,False,False,False,2
at://did:plc:22w4xuatznlr2a65xslrqebv/app.bsky.feed.post/3mijsu5utqc2c,2026-04-02T18:16:49.550Z,"Go figure….🤷‍♀️
‘Centcom’ / this evil regime
LIES!!!",go figure 🤷‍♀️ 'centcom' this evil regime lies,go figure centcom this evil regime lies,evil regime lies,evil regime lies,evil regime lies,evil regime lies,ngram_3,3,16,5,False,False,False,4
at://did:plc:22w4xuatznlr2a65xslrqebv/app.bsky.feed.post/3mijsu5utqc2c,2026-04-02T18:16:49.550Z,"Go figure….🤷‍♀️
‘Centcom’ / this evil regime
LIES!!!",go figure 🤷‍♀️ 'centcom' this evil regime lies,go figure centcom this evil regime lies,go figure,go figure,go figure,go figure,ngram_2,2,9,6,False,False,False,0
at://did:plc:22w4xuatznlr2a65xslrqebv/app.bsky.feed.post/3mijsu5utqc2c,2026-04-02T18:16:49.550Z,"Go figure….🤷‍♀️
‘Centcom’ / this evil regime
LIES!!!",go figure 🤷‍♀️ 'centcom' this evil regime lies,go figure centcom this evil regime lies,figure centcom,figure centcom,figure centcom,figure centcom,ngram_2,2,14,7,False,False,False,1
at://did:plc:22w4xuatznlr2a65xslrqebv/app.bsky.feed.post/3mijsu5utqc2c,2026-04-02T18:16:49.550Z,"Go figure….🤷‍♀️
‘Centcom’ / this evil regime
LIES!!!",go figure 🤷‍♀️ 'centcom' this evil regime lies,go figure centcom this evil regime lies,evil regime,evil regime,evil regime,evil regime,ngram_2,2,11,8,False,False,False,4
at://did:plc:22w4xuatznlr2a65xslrqebv/app.bsky.feed.post/3mijsu5utqc2c,2026-04-02T18:16:49.550Z,"Go figure….🤷‍♀️
‘Centcom’ / this evil regime
LIES!!!",go figure 🤷‍♀️ 'centcom' this evil regime lies,go figure centcom this evil regime lies,regime lies,regime lies,regime lies,regime lies,ngram_2,2,11,9,False,False,False,5
at://did:plc:22wukjqyibxviwqmi5vdabxu/app.bsky.feed.post/3mijsvjwoxs2k,2026-04-02T18:17:35.747Z,open.substack.com/pub/narativ/...,open substack com pub narativ,open substack com pub narativ,open substack com pub,open substack com pub,open substack com pub,open substack com pub,ngram_4,4,21,1,False,False,False,0
at://did:plc:22wukjqyibxviwqmi5vdabxu/app.bsky.feed.post/3mijsvjwoxs2k,2026-04-02T18:17:35.747Z,open.substack.com/pub/narativ/...,open substack com pub narativ,open substack com pub narativ,substack com pub narativ,substack com pub narativ,substack com pub narativ,substack com pub narativ,ngram_4,4,24,2,False,False,False,1
at://did:plc:22wukjqyibxviwqmi5vdabxu/app.bsky.feed.post/3mijsvjwoxs2k,2026-04-02T18:17:35.747Z,open.substack.com/pub/narativ/...,open substack com pub narativ,open substack com pub narativ,open substack com,open substack com,open substack com,open substack com,ngram_3,3,17,3,False,False,False,0
at://did:plc:22wukjqyibxviwqmi5vdabxu/app.bsky.feed.post/3mijsvjwoxs2k,2026-04-02T18:17:35.747Z,open.substack.com/pub/narativ/...,open substack com pub narativ,open substack com pub narativ,substack com pub,substack com pub,substack com pub,substack com pub,ngram_3,3,16,4,False,False,False,1
at://did:plc:22wukjqyibxviwqmi5vdabxu/app.bsky.feed.post/3mijsvjwoxs2k,2026-04-02T18:17:35.747Z,open.substack.com/pub/narativ/...,open substack com pub narativ,open substack com pub narativ,com pub narativ,com pub narativ,com pub narativ,com pub narativ,ngram_3,3,15,5,False,False,False,2
at://did:plc:22wukjqyibxviwqmi5vdabxu/app.bsky.feed.post/3mijsvjwoxs2k,2026-04-02T18:17:35.747Z,open.substack.com/pub/narativ/...,open substack com pub narativ,open substack com pub narativ,open substack,open substack,open substack,open substack,ngram_2,2,13,6,False,False,False,0
at://did:plc:22wukjqyibxviwqmi5vdabxu/app.bsky.feed.post/3mijsvjwoxs2k,2026-04-02T18:17:35.747Z,open.substack.com/pub/narativ/...,open substack com pub narativ,open substack com pub narativ,pub narativ,pub narativ,pub narativ,pub narativ,ngram_2,2,11,7,False,False,False,3
at://did:plc:23cj44qeg5sqtlx5v6jv3fel/app.bsky.feed.post/3mijswxonnk2v,2026-04-02T18:18:23.719Z,totti,totti,totti,totti,totti,totti,totti,unigram_fallback,1,5,1,False,False,True,0
at://did:plc:23d4xoq37yymzjha4w2ss7rq/app.bsky.feed.post/3mijsy473cc2v,2026-04-02T18:19:02.006Z,Coventry?,coventry,coventry,coventry,coventry,coventry,coventry,unigram_fallback,1,8,1,False,False,True,0
at://did:plc:23l5ulv5u52g3y2juhtvjetf/app.bsky.feed.post/3mijsvsgbmu2l,2026-04-02T18:17:41.23615600Z,Why did you expect me to make a mess? I am quite good at not making a mess if I want to!,why did you expect me to make a mess i am quite good at not making a mess if i want to,why did you expect me to make a mess i am quite good at not making a mess if i want to,expect me to make,expect me to make,expect me to make,expect me to make,ngram_4,4,17,1,False,False,False,3
at://did:plc:23l5ulv5u52g3y2juhtvjetf/app.bsky.feed.post/3mijsvsgbmu2l,2026-04-02T18:17:41.23615600Z,Why did you expect me to make a mess? I am quite good at not making a mess if I want to!,why did you expect me to make a mess i am quite good at not making a mess if i want to,why did you expect me to make a mess i am quite good at not making a mess if i want to,mess i am quite,mess i am quite,mess i am quite,mess i am quite,ngram_4,4,15,2,False,False,False,8
at://did:plc:23l5ulv5u52g3y2juhtvjetf/app.bsky.feed.post/3mijsvsgbmu2l,2026-04-02T18:17:41.23615600Z,Why did you expect me to make a mess? I am quite good at not making a mess if I want to!,why did you expect me to make a mess i am quite good at not making a mess if i want to,why did you expect me to make a mess i am quite good at not making a mess if i want to,good at not making,good at not making,good at not making,good at not making,ngram_4,4,18,3,False,False,False,12
at://did:plc:23l5ulv5u52g3y2juhtvjetf/app.bsky.feed.post/3mijsvsgbmu2l,2026-04-02T18:17:41.23615600Z,Why did you expect me to make a mess? I am quite good at not making a mess if I want to!,why did you expect me to make a mess i am quite good at not making a mess if i want to,why did you expect me to make a mess i am quite good at not making a mess if i want to,mess if i want,mess if i want,mess if i want,mess if i want,ngram_4,4,14,4,False,False,False,17
at://did:plc:23l5ulv5u52g3y2juhtvjetf/app.bsky.feed.post/3mijsvsgbmu2l,2026-04-02T18:17:41.23615600Z,Why did you expect me to make a mess? I am quite good at not making a mess if I want to!,why did you expect me to make a mess i am quite good at not making a mess if i want to,why did you expect me to make a mess i am quite good at not making a mess if i want to,did you expect,did you expect,did you expect,did you expect,ngram_3,3,14,5,False,False,False,1
at://did:plc:23l5ulv5u52g3y2juhtvjetf/app.bsky.feed.post/3mijsvsgbmu2l,2026-04-02T18:17:41.23615600Z,Why did you expect me to make a mess? I am quite good at not making a mess if I want to!,why did you expect me to make a mess i am quite good at not making a mess if i want to,why did you expect me to make a mess i am quite good at not making a mess if i want to,make a mess,make a mess,make a mess,make a mess,ngram_3,3,11,6,False,False,False,6
at://did:plc:23l5ulv5u52g3y2juhtvjetf/app.bsky.feed.post/3mijsvsgbmu2l,2026-04-02T18:17:41.23615600Z,Why did you expect me to make a mess? I am quite good at not making a mess if I want to!,why did you expect me to make a mess i am quite good at not making a mess if i want to,why did you expect me to make a mess i am quite good at not making a mess if i want to,mess i am,mess i am,mess i am,mess i am,ngram_3,3,9,7,False,False,False,8
at://did:plc:23l5ulv5u52g3y2juhtvjetf/app.bsky.feed.post/3mijsvsgbmu2l,2026-04-02T18:17:41.23615600Z,Why did you expect me to make a mess? I am quite good at not making a mess if I want to!,why did you expect me to make a mess i am quite good at not making a mess if i want to,why did you expect me to make a mess i am quite good at not making a mess if i want to,am quite good,am quite good,am quite good,am quite good,ngram_3,3,13,8,False,False,False,10
at://did:plc:23l5ulv5u52g3y2juhtvjetf/app.bsky.feed.post/3mijsvsgbmu2l,2026-04-02T18:17:41.23615600Z,Why did you expect me to make a mess? I am quite good at not making a mess if I want to!,why did you expect me to make a mess i am quite good at not making a mess if i want to,why did you expect me to make a mess i am quite good at not making a mess if i want to,making a mess,making a mess,making a mess,making a mess,ngram_3,3,13,9,False,False,False,15
at://did:plc:23l5ulv5u52g3y2juhtvjetf/app.bsky.feed.post/3mijsvsgbmu2l,2026-04-02T18:17:41.23615600Z,Why did you expect me to make a mess? I am quite good at not making a mess if I want to!,why did you expect me to make a mess i am quite good at not making a mess if i want to,why did you expect me to make a mess i am quite good at not making a mess if i want to,am quite,am quite,am quite,am quite,ngram_2,2,8,10,False,False,False,10
at://did:plc:23l5ulv5u52g3y2juhtvjetf/app.bsky.feed.post/3mijsvsgbmu2l,2026-04-02T18:17:41.23615600Z,Why did you expect me to make a mess? I am quite good at not making a mess if I want to!,why did you expect me to make a mess i am quite good at not making a mess if i want to,why did you expect me to make a mess i am quite good at not making a mess if i want to,quite good,quite good,quite good,quite good,ngram_2,2,10,11,False,False,False,11
at://did:plc:23mfy2ig3bttvd6hrtxi64wv/app.bsky.feed.post/3mijsqkcf5k2e,2026-04-02T18:14:48.359Z,The rebellion has started against Emperor Trump. There may be more up to date Star Wars baddies I can reference but my viewing stopped with Return of the Jedi.,the rebellion has started against emperor trump there may be more up to date star wars baddies i can reference but my viewing stopped with return of the jedi,the rebellion has started against emperor trump there may be more up to date star wars baddies i can reference but my viewing stopped with return of the jedi,rebellion has started against,rebellion has started against,rebellion has started against,rebellion has started against,ngram_4,4,29,1,False,False,False,1
at://did:plc:23mfy2ig3bttvd6hrtxi64wv/app.bsky.feed.post/3mijsqkcf5k2e,2026-04-02T18:14:48.359Z,The rebellion has started against Emperor Trump. There may be more up to date Star Wars baddies I can reference but my viewing stopped with Return of the Jedi.,the rebellion has started against emperor trump there may be more up to date star wars baddies i can reference but my viewing stopped with return of the jedi,the rebellion has started against emperor trump there may be more up to date star wars baddies i can reference but my viewing stopped with return of the jedi,started against emperor trump,started against emperor trump,started against emperor trump,started against emperor trump,ngram_4,4,29,2,False,False,False,3
at://did:plc:23mfy2ig3bttvd6hrtxi64wv/app.bsky.feed.post/3mijsqkcf5k2e,2026-04-02T18:14:48.359Z,The rebellion has started against Emperor Trump. There may be more up to date Star Wars baddies I can reference but my viewing stopped with Return of the Jedi.,the rebellion has started against emperor trump there may be more up to date star wars baddies i can reference but my viewing stopped with return of the jedi,the rebellion has started against emperor trump there may be more up to date star wars baddies i can reference but my viewing stopped with return of the jedi,against emperor trump there,against emperor trump there,against emperor trump there,against emperor trump there,ngram_4,4,27,3,False,False,False,4
at://did:plc:23mfy2ig3bttvd6hrtxi64wv/app.bsky.feed.post/3mijsqkcf5k2e,2026-04-02T18:14:48.359Z,The rebellion has started against Emperor Trump. There may be more up to date Star Wars baddies I can reference but my viewing stopped with Return of the Jedi.,the rebellion has started against emperor trump there may be more up to date star wars baddies i can reference but my viewing stopped with return of the jedi,the rebellion has started against emperor trump there may be more up to date star wars baddies i can reference but my viewing stopped with return of the jedi,emperor trump there may,emperor trump there may,emperor trump there may,emperor trump there may,ngram_4,4,23,4,False,False,False,5
at://did:plc:23mfy2ig3bttvd6hrtxi64wv/app.bsky.feed.post/3mijsqkcf5k2e,2026-04-02T18:14:48.359Z,The rebellion has started against Emperor Trump. There may be more up to date Star Wars baddies I can reference but my viewing stopped with Return of the Jedi.,the rebellion has started against emperor trump there may be more up to date star wars baddies i can reference but my viewing stopped with return of the jedi,the rebellion has started against emperor trump there may be more up to date star wars baddies i can reference but my viewing stopped with return of the jedi,there may be more,there may be more,there may be more,there may be more,ngram_4,4,17,5,False,False,False,7
at://did:plc:23mfy2ig3bttvd6hrtxi64wv/app.bsky.feed.post/3mijsqkcf5k2e,2026-04-02T18:14:48.359Z,The rebellion has started against Emperor Trump. There may be more up to date Star Wars baddies I can reference but my viewing stopped with Return of the Jedi.,the rebellion has started against emperor trump there may be more up to date star wars baddies i can reference but my viewing stopped with return of the jedi,the rebellion has started against emperor trump there may be more up to date star wars baddies i can reference but my viewing stopped with return of the jedi,may be more up,may be more up,may be more up,may be more up,ngram_4,4,14,6,False,False,False,8
at://did:plc:23mfy2ig3bttvd6hrtxi64wv/app.bsky.feed.post/3mijsqkcf5k2e,2026-04-02T18:14:48.359Z,The rebellion has started against Emperor Trump. There may be more up to date Star Wars baddies I can reference but my viewing stopped with Return of the Jedi.,the rebellion has started against emperor trump there may be more up to date star wars baddies i can reference but my viewing stopped with return of the jedi,the rebellion has started against emperor trump there may be more up to date star wars baddies i can reference but my viewing stopped with return of the jedi,more up to date,more up to date,more up to date,more up to date,ngram_4,4,15,7,False,False,False,10
at://did:plc:23mfy2ig3bttvd6hrtxi64wv/app.bsky.feed.post/3mijsqkcf5k2e,2026-04-02T18:14:48.359Z,The rebellion has started against Emperor Trump. There may be more up to date Star Wars baddies I can reference but my viewing stopped with Return of the Jedi.,the rebellion has started against emperor trump there may be more up to date star wars baddies i can reference but my viewing stopped with return of the jedi,the rebellion has started against emperor trump there may be more up to date star wars baddies i can reference but my viewing stopped with return of the jedi,up to date star,up to date star,up to date star,up to date star,ngram_4,4,15,8,False,False,False,11
at://did:plc:23mfy2ig3bttvd6hrtxi64wv/app.bsky.feed.post/3mijsqkcf5k2e,2026-04-02T18:14:48.359Z,The rebellion has started against Emperor Trump. There may be more up to date Star Wars baddies I can reference but my viewing stopped with Return of the Jedi.,the rebellion has started against emperor trump there may be more up to date star wars baddies i can reference but my viewing stopped with return of the jedi,the rebellion has started against emperor trump there may be more up to date star wars baddies i can reference but my viewing stopped with return of the jedi,date star wars baddies,date star wars baddies,date star wars baddies,date star wars baddies,ngram_4,4,22,9,False,False,False,13
at://did:plc:23mfy2ig3bttvd6hrtxi64wv/app.bsky.feed.post/3mijsqkcf5k2e,2026-04-02T18:14:48.359Z,The rebellion has started against Emperor Trump. There may be more up to date Star Wars baddies I can reference but my viewing stopped with Return of the Jedi.,the rebellion has started against emperor trump there may be more up to date star wars baddies i can reference but my viewing stopped with return of the jedi,the rebellion has started against emperor trump there may be more up to date star wars baddies i can reference but my viewing stopped with return of the jedi,wars baddies i can,wars baddies i can,wars baddies i can,wars baddies i can,ngram_4,4,18,10,False,False,False,15
at://did:plc:23mfy2ig3bttvd6hrtxi64wv/app.bsky.feed.post/3mijsqkcf5k2e,2026-04-02T18:14:48.359Z,The rebellion has started against Emperor Trump. There may be more up to date Star Wars baddies I can reference but my viewing stopped with Return of the Jedi.,the rebellion has started against emperor trump there may be more up to date star wars baddies i can reference but my viewing stopped with return of the jedi,the rebellion has started against emperor trump there may be more up to date star wars baddies i can reference but my viewing stopped with return of the jedi,baddies i can reference,baddies i can reference,baddies i can reference,baddies i can reference,ngram_4,4,23,11,False,False,False,16
at://did:plc:23mfy2ig3bttvd6hrtxi64wv/app.bsky.feed.post/3mijsqkcf5k2e,2026-04-02T18:14:48.359Z,The rebellion has started against Emperor Trump. There may be more up to date Star Wars baddies I can reference but my viewing stopped with Return of the Jedi.,the rebellion has started against emperor trump there may be more up to date star wars baddies i can reference but my viewing stopped with return of the jedi,the rebellion has started against emperor trump there may be more up to date star wars baddies i can reference but my viewing stopped with return of the jedi,reference but my viewing,reference but my viewing,reference but my viewing,reference but my viewing,ngram_4,4,24,12,False,False,False,19
at://did:plc:23mfy2ig3bttvd6hrtxi64wv/app.bsky.feed.post/3mijsqkcf5k2e,2026-04-02T18:14:48.359Z,The rebellion has started against Emperor Trump. There may be more up to date Star Wars baddies I can reference but my viewing stopped with Return of the Jedi.,the rebellion has started against emperor trump there may be more up to date star wars baddies i can reference but my viewing stopped with return of the jedi,the rebellion has started against emperor trump there may be more up to date star wars baddies i can reference but my viewing stopped with return of the jedi,viewing stopped with return,viewing stopped with return,viewing stopped with return,viewing stopped with return,ngram_4,4,27,13,False,False,False,22
at://did:plc:23mfy2ig3bttvd6hrtxi64wv/app.bsky.feed.post/3mijsqkcf5k2e,2026-04-02T18:14:48.359Z,The rebellion has started against Emperor Trump. There may be more up to date Star Wars baddies I can reference but my viewing stopped with Return of the Jedi.,the rebellion has started against emperor trump there may be more up to date star wars baddies i can reference but my viewing stopped with return of the jedi,the rebellion has started against emperor trump there may be more up to date star wars baddies i can reference but my viewing stopped with return of the jedi,return of the jedi,return of the jedi,return of the jedi,return of the jedi,ngram_4,4,18,14,False,False,False,25
at://did:plc:23mfy2ig3bttvd6hrtxi64wv/app.bsky.feed.post/3mijsqkcf5k2e,2026-04-02T18:14:48.359Z,The rebellion has started against Emperor Trump. There may be more up to date Star Wars baddies I can reference but my viewing stopped with Return of the Jedi.,the rebellion has started against emperor trump there may be more up to date star wars baddies i can reference but my viewing stopped with return of the jedi,the rebellion has started against emperor trump there may be more up to date star wars baddies i can reference but my viewing stopped with return of the jedi,rebellion has started,rebellion has started,rebellion has started,rebellion has started,ngram_3,3,21,15,False,False,False,1
at://did:plc:23mfy2ig3bttvd6hrtxi64wv/app.bsky.feed.post/3mijsqkcf5k2e,2026-04-02T18:14:48.359Z,The rebellion has started against Emperor Trump. There may be more up to date Star Wars baddies I can reference but my viewing stopped with Return of the Jedi.,the rebellion has started against emperor trump there may be more up to date star wars baddies i can reference but my viewing stopped with return of the jedi,the rebellion has started against emperor trump there may be more up to date star wars baddies i can reference but my viewing stopped with return of the jedi,started against emperor,started against emperor,started against emperor,started against emperor,ngram_3,3,23,16,False,False,False,3
at://did:plc:23mfy2ig3bttvd6hrtxi64wv/app.bsky.feed.post/3mijsqkcf5k2e,2026-04-02T18:14:48.359Z,The rebellion has started against Emperor Trump. There may be more up to date Star Wars baddies I can reference but my viewing stopped with Return of the Jedi.,the rebellion has started against emperor trump there may be more up to date star wars baddies i can reference but my viewing stopped with return of the jedi,the rebellion has started against emperor trump there may be more up to date star wars baddies i can reference but my viewing stopped with return of the jedi,against emperor trump,against emperor trump,against emperor trump,against emperor trump,ngram_3,3,21,17,False,False,False,4
at://did:plc:23mfy2ig3bttvd6hrtxi64wv/app.bsky.feed.post/3mijsqkcf5k2e,2026-04-02T18:14:48.359Z,The rebellion has started against Emperor Trump. There may be more up to date Star Wars baddies I can reference but my viewing stopped with Return of the Jedi.,the rebellion has started against emperor trump there may be more up to date star wars baddies i can reference but my viewing stopped with return of the jedi,the rebellion has started against emperor trump there may be more up to date star wars baddies i can reference but my viewing stopped with return of the jedi,emperor trump there,emperor trump there,emperor trump there,emperor trump there,ngram_3,3,19,18,False,False,False,5
at://did:plc:23mfy2ig3bttvd6hrtxi64wv/app.bsky.feed.post/3mijsqkcf5k2e,2026-04-02T18:14:48.359Z,The rebellion has started against Emperor Trump. There may be more up to date Star Wars baddies I can reference but my viewing stopped with Return of the Jedi.,the rebellion has started against emperor trump there may be more up to date star wars baddies i can reference but my viewing stopped with return of the jedi,the rebellion has started against emperor trump there may be more up to date star wars baddies i can reference but my viewing stopped with return of the jedi,trump there may,trump there may,trump there may,trump there may,ngram_3,3,15,19,False,False,False,6
at://did:plc:23mfy2ig3bttvd6hrtxi64wv/app.bsky.feed.post/3mijsqkcf5k2e,2026-04-02T18:14:48.359Z,The rebellion has started against Emperor Trump. There may be more up to date Star Wars baddies I can reference but my viewing stopped with Return of the Jedi.,the rebellion has started against emperor trump there may be more up to date star wars baddies i can reference but my viewing stopped with return of the jedi,the rebellion has started against emperor trump there may be more up to date star wars baddies i can reference but my viewing stopped with return of the jedi,may be more,may be more,may be more,may be more,ngram_3,3,11,20,False,False,False,8
at://did:plc:23mfy2ig3bttvd6hrtxi64wv/app.bsky.feed.post/3mijstlz6rc2e,2026-04-02T18:16:30.818Z,"Let's just damn the fellow's eyes, strip the britches from his backside and warm his heels to Putney Bridge.",let's just damn the fellow's eyes strip the britches from his backside and warm his heels to putney bridge,let s just damn the fellow s eyes strip the britches from his backside and warm his heels to putney bridge,let s just damn,let s just damn,let s just damn,let s just damn,ngram_4,4,15,1,False,False,False,0
at://did:plc:23mfy2ig3bttvd6hrtxi64wv/app.bsky.feed.post/3mijstlz6rc2e,2026-04-02T18:16:30.818Z,"Let's just damn the fellow's eyes, strip the britches from his backside and warm his heels to Putney Bridge.",let's just damn the fellow's eyes strip the britches from his backside and warm his heels to putney bridge,let s just damn the fellow s eyes strip the britches from his backside and warm his heels to putney bridge,just damn the fellow,just damn the fellow,just damn the fellow,just damn the fellow,ngram_4,4,20,2,False,False,False,2
at://did:plc:23mfy2ig3bttvd6hrtxi64wv/app.bsky.feed.post/3mijstlz6rc2e,2026-04-02T18:16:30.818Z,"Let's just damn the fellow's eyes, strip the britches from his backside and warm his heels to Putney Bridge.",let's just damn the fellow's eyes strip the britches from his backside and warm his heels to putney bridge,let s just damn the fellow s eyes strip the britches from his backside and warm his heels to putney bridge,damn the fellow s,damn the fellow s,damn the fellow s,damn the fellow s,ngram_4,4,17,3,False,False,False,3
at://did:plc:23mfy2ig3bttvd6hrtxi64wv/app.bsky.feed.post/3mijstlz6rc2e,2026-04-02T18:16:30.818Z,"Let's just damn the fellow's eyes, strip the britches from his backside and warm his heels to Putney Bridge.",let's just damn the fellow's eyes strip the britches from his backside and warm his heels to putney bridge,let s just damn the fellow s eyes strip the britches from his backside and warm his heels to putney bridge,fellow s eyes strip,fellow s eyes strip,fellow s eyes strip,fellow s eyes strip,ngram_4,4,19,4,False,False,False,5
at://did:plc:23mfy2ig3bttvd6hrtxi64wv/app.bsky.feed.post/3mijstlz6rc2e,2026-04-02T18:16:30.818Z,"Let's just damn the fellow's eyes, strip the britches from his backside and warm his heels to Putney Bridge.",let's just damn the fellow's eyes strip the britches from his backside and warm his heels to putney bridge,let s just damn the fellow s eyes strip the britches from his backside and warm his heels to putney bridge,eyes strip the britches,eyes strip the britches,eyes strip the britches,eyes strip the britches,ngram_4,4,23,5,False,False,False,7
at://did:plc:23mfy2ig3bttvd6hrtxi64wv/app.bsky.feed.post/3mijstlz6rc2e,2026-04-02T18:16:30.818Z,"Let's just damn the fellow's eyes, strip the britches from his backside and warm his heels to Putney Bridge.",let's just damn the fellow's eyes strip the britches from his backside and warm his heels to putney bridge,let s just damn the fellow s eyes strip the britches from his backside and warm his heels to putney bridge,britches from his backside,britches from his backside,britches from his backside,britches from his backside,ngram_4,4,26,6,False,False,False,10
at://did:plc:23mfy2ig3bttvd6hrtxi64wv/app.bsky.feed.post/3mijstlz6rc2e,2026-04-02T18:16:30.818Z,"Let's just damn the fellow's eyes, strip the britches from his backside and warm his heels to Putney Bridge.",let's just damn the fellow's eyes strip the britches from his backside and warm his heels to putney bridge,let s just damn the fellow s eyes strip the britches from his backside and warm his heels to putney bridge,heels to putney bridge,heels to putney bridge,heels to putney bridge,heels to putney bridge,ngram_4,4,22,7,False,False,False,17
at://did:plc:23mfy2ig3bttvd6hrtxi64wv/app.bsky.feed.post/3mijstlz6rc2e,2026-04-02T18:16:30.818Z,"Let's just damn the fellow's eyes, strip the britches from his backside and warm his heels to Putney Bridge.",let's just damn the fellow's eyes strip the britches from his backside and warm his heels to putney bridge,let s just damn the fellow s eyes strip the britches from his backside and warm his heels to putney bridge,let s just,let s just,let s just,let s just,ngram_3,3,10,8,False,False,False,0
at://did:plc:23mfy2ig3bttvd6hrtxi64wv/app.bsky.feed.post/3mijstlz6rc2e,2026-04-02T18:16:30.818Z,"Let's just damn the fellow's eyes, strip the britches from his backside and warm his heels to Putney Bridge.",let's just damn the fellow's eyes strip the britches from his backside and warm his heels to putney bridge,let s just damn the fellow s eyes strip the britches from his backside and warm his heels to putney bridge,s just damn,s just damn,s just damn,s just damn,ngram_3,3,11,9,False,False,False,1
at://did:plc:23mfy2ig3bttvd6hrtxi64wv/app.bsky.feed.post/3mijstlz6rc2e,2026-04-02T18:16:30.818Z,"Let's just damn the fellow's eyes, strip the britches from his backside and warm his heels to Putney Bridge.",let's just damn the fellow's eyes strip the britches from his backside and warm his heels to putney bridge,let s just damn the fellow s eyes strip the britches from his backside and warm his heels to putney bridge,damn the fellow,damn the fellow,damn the fellow,damn the fellow,ngram_3,3,15,10,False,False,False,3
at://did:plc:23mfy2ig3bttvd6hrtxi64wv/app.bsky.feed.post/3mijstlz6rc2e,2026-04-02T18:16:30.818Z,"Let's just damn the fellow's eyes, strip the britches from his backside and warm his heels to Putney Bridge.",let's just damn the fellow's eyes strip the britches from his backside and warm his heels to putney bridge,let s just damn the fellow s eyes strip the britches from his backside and warm his heels to putney bridge,fellow s eyes,fellow s eyes,fellow s eyes,fellow s eyes,ngram_3,3,13,11,False,False,False,5
at://did:plc:23mfy2ig3bttvd6hrtxi64wv/app.bsky.feed.post/3mijstlz6rc2e,2026-04-02T18:16:30.818Z,"Let's just damn the fellow's eyes, strip the britches from his backside and warm his heels to Putney Bridge.",let's just damn the fellow's eyes strip the britches from his backside and warm his heels to putney bridge,let s just damn the fellow s eyes strip the britches from his backside and warm his heels to putney bridge,s eyes strip,s eyes strip,s eyes strip,s eyes strip,ngram_3,3,12,12,False,False,False,6
at://did:plc:23mfy2ig3bttvd6hrtxi64wv/app.bsky.feed.post/3mijstlz6rc2e,2026-04-02T18:16:30.818Z,"Let's just damn the fellow's eyes, strip the britches from his backside and warm his heels to Putney Bridge.",let's just damn the fellow's eyes strip the britches from his backside and warm his heels to putney bridge,let s just damn the fellow s eyes strip the britches from his backside and warm his heels to putney bridge,strip the britches,strip the britches,strip the britches,strip the britches,ngram_3,3,18,13,False,False,False,8
at://did:plc:23mfy2ig3bttvd6hrtxi64wv/app.bsky.feed.post/3mijstlz6rc2e,2026-04-02T18:16:30.818Z,"Let's just damn the fellow's eyes, strip the britches from his backside and warm his heels to Putney Bridge.",let's just damn the fellow's eyes strip the britches from his backside and warm his heels to putney bridge,let s just damn the fellow s eyes strip the britches from his backside and warm his heels to putney bridge,backside and warm,backside and warm,backside and warm,backside and warm,ngram_3,3,17,14,False,False,False,13
at://did:plc:23mfy2ig3bttvd6hrtxi64wv/app.bsky.feed.post/3mijstlz6rc2e,2026-04-02T18:16:30.818Z,"Let's just damn the fellow's eyes, strip the britches from his backside and warm his heels to Putney Bridge.",let's just damn the fellow's eyes strip the britches from his backside and warm his heels to putney bridge,let s just damn the fellow s eyes strip the britches from his backside and warm his heels to putney bridge,warm his heels,warm his heels,warm his heels,warm his heels,ngram_3,3,14,15,False,False,False,15
at://did:plc:23mfy2ig3bttvd6hrtxi64wv/app.bsky.feed.post/3mijstlz6rc2e,2026-04-02T18:16:30.818Z,"Let's just damn the fellow's eyes, strip the britches from his backside and warm his heels to Putney Bridge.",let's just damn the fellow's eyes strip the britches from his backside and warm his heels to putney bridge,let s just damn the fellow s eyes strip the britches from his backside and warm his heels to putney bridge,heels to putney,heels to putney,heels to putney,heels to putney,ngram_3,3,15,16,False,False,False,17
at://did:plc:23mfy2ig3bttvd6hrtxi64wv/app.bsky.feed.post/3mijstlz6rc2e,2026-04-02T18:16:30.818Z,"Let's just damn the fellow's eyes, strip the britches from his backside and warm his heels to Putney Bridge.",let's just damn the fellow's eyes strip the britches from his backside and warm his heels to putney bridge,let s just damn the fellow s eyes strip the britches from his backside and warm his heels to putney bridge,let s,let s,let s,let s,ngram_2,2,5,17,False,False,False,0
at://did:plc:23mfy2ig3bttvd6hrtxi64wv/app.bsky.feed.post/3mijstlz6rc2e,2026-04-02T18:16:30.818Z,"Let's just damn the fellow's eyes, strip the britches from his backside and warm his heels to Putney Bridge.",let's just damn the fellow's eyes strip the britches from his backside and warm his heels to putney bridge,let s just damn the fellow s eyes strip the britches from his backside and warm his heels to putney bridge,s just,s just,s just,s just,ngram_2,2,6,18,False,False,False,1
at://did:plc:23mfy2ig3bttvd6hrtxi64wv/app.bsky.feed.post/3mijstlz6rc2e,2026-04-02T18:16:30.818Z,"Let's just damn the fellow's eyes, strip the britches from his backside and warm his heels to Putney Bridge.",let's just damn the fellow's eyes strip the britches from his backside and warm his heels to putney bridge,let s just damn the fellow s eyes strip the britches from his backside and warm his heels to putney bridge,just damn,just damn,just damn,just damn,ngram_2,2,9,19,False,False,False,2
at://did:plc:23mfy2ig3bttvd6hrtxi64wv/app.bsky.feed.post/3mijstlz6rc2e,2026-04-02T18:16:30.818Z,"Let's just damn the fellow's eyes, strip the britches from his backside and warm his heels to Putney Bridge.",let's just damn the fellow's eyes strip the britches from his backside and warm his heels to putney bridge,let s just damn the fellow s eyes strip the britches from his backside and warm his heels to putney bridge,fellow s,fellow s,fellow s,fellow s,ngram_2,2,8,20,False,False,False,5
at://did:plc:23mfy2ig3bttvd6hrtxi64wv/app.bsky.feed.post/3mijsve2pds2e,2026-04-02T18:17:29.588Z,"My favourite post of today and yes, I'll give it, this week. Chapeau sir.",my favourite post of today and yes i'll give it this week chapeau sir,my favourite post of today and yes i ll give it this week chapeau sir,favourite post of today,favourite post of today,favourite post of today,favourite post of today,ngram_4,4,23,1,False,False,False,1
at://did:plc:23mfy2ig3bttvd6hrtxi64wv/app.bsky.feed.post/3mijsve2pds2e,2026-04-02T18:17:29.588Z,"My favourite post of today and yes, I'll give it, this week. Chapeau sir.",my favourite post of today and yes i'll give it this week chapeau sir,my favourite post of today and yes i ll give it this week chapeau sir,yes i ll give,yes i ll give,yes i ll give,yes i ll give,ngram_4,4,13,2,False,False,False,6
at://did:plc:23mfy2ig3bttvd6hrtxi64wv/app.bsky.feed.post/3mijsve2pds2e,2026-04-02T18:17:29.588Z,"My favourite post of today and yes, I'll give it, this week. Chapeau sir.",my favourite post of today and yes i'll give it this week chapeau sir,my favourite post of today and yes i ll give it this week chapeau sir,give it this week,give it this week,give it this week,give it this week,ngram_4,4,17,3,False,False,False,9
at://did:plc:23mfy2ig3bttvd6hrtxi64wv/app.bsky.feed.post/3mijsve2pds2e,2026-04-02T18:17:29.588Z,"My favourite post of today and yes, I'll give it, this week. Chapeau sir.",my favourite post of today and yes i'll give it this week chapeau sir,my favourite post of today and yes i ll give it this week chapeau sir,post of today,post of today,post of today,post of today,ngram_3,3,13,4,False,False,False,2
at://did:plc:23mfy2ig3bttvd6hrtxi64wv/app.bsky.feed.post/3mijsve2pds2e,2026-04-02T18:17:29.588Z,"My favourite post of today and yes, I'll give it, this week. Chapeau sir.",my favourite post of today and yes i'll give it this week chapeau sir,my favourite post of today and yes i ll give it this week chapeau sir,today and yes,today and yes,today and yes,today and yes,ngram_3,3,13,5,False,False,False,4
at://did:plc:23mfy2ig3bttvd6hrtxi64wv/app.bsky.feed.post/3mijsve2pds2e,2026-04-02T18:17:29.588Z,"My favourite post of today and yes, I'll give it, this week. Chapeau sir.",my favourite post of today and yes i'll give it this week chapeau sir,my favourite post of today and yes i ll give it this week chapeau sir,yes i ll,yes i ll,yes i ll,yes i ll,ngram_3,3,8,6,False,False,False,6
at://did:plc:23mfy2ig3bttvd6hrtxi64wv/app.bsky.feed.post/3mijsve2pds2e,2026-04-02T18:17:29.588Z,"My favourite post of today and yes, I'll give it, this week. Chapeau sir.",my favourite post of today and yes i'll give it this week chapeau sir,my favourite post of today and yes i ll give it this week chapeau sir,week chapeau sir,week chapeau sir,week chapeau sir,week chapeau sir,ngram_3,3,16,7,False,False,False,12
at://did:plc:23mfy2ig3bttvd6hrtxi64wv/app.bsky.feed.post/3mijsve2pds2e,2026-04-02T18:17:29.588Z,"My favourite post of today and yes, I'll give it, this week. Chapeau sir.",my favourite post of today and yes i'll give it this week chapeau sir,my favourite post of today and yes i ll give it this week chapeau sir,favourite post,favourite post,favourite post,favourite post,ngram_2,2,14,8,False,False,False,1
at://did:plc:23mfy2ig3bttvd6hrtxi64wv/app.bsky.feed.post/3mijsve2pds2e,2026-04-02T18:17:29.588Z,"My favourite post of today and yes, I'll give it, this week. Chapeau sir.",my favourite post of today and yes i'll give it this week chapeau sir,my favourite post of today and yes i ll give it this week chapeau sir,ll give,ll give,ll give,ll give,ngram_2,2,7,9,False,False,False,8
at://did:plc:23mfy2ig3bttvd6hrtxi64wv/app.bsky.feed.post/3mijsve2pds2e,2026-04-02T18:17:29.588Z,"My favourite post of today and yes, I'll give it, this week. Chapeau sir.",my favourite post of today and yes i'll give it this week chapeau sir,my favourite post of today and yes i ll give it this week chapeau sir,week chapeau,week chapeau,week chapeau,week chapeau,ngram_2,2,12,10,False,False,False,12
at://did:plc:23mfy2ig3bttvd6hrtxi64wv/app.bsky.feed.post/3mijsve2pds2e,2026-04-02T18:17:29.588Z,"My favourite post of today and yes, I'll give it, this week. Chapeau sir.",my favourite post of today and yes i'll give it this week chapeau sir,my favourite post of today and yes i ll give it this week chapeau sir,chapeau sir,chapeau sir,chapeau sir,chapeau sir,ngram_2,2,11,11,False,False,False,13
at://did:plc:23qrss2jlyuy6peyomhbzz3x/app.bsky.feed.post/3mijsspppma2t,2026-04-02T18:16:01.124Z,"Give me what I want, which is your obedience and submission. You can’t say no to Mommy.",give me what i want which is your obedience and submission you can't say no to mommy,give me what i want which is your obedience and submission you can t say no to mommy,submission you can t,submission you can t,submission you can t,submission you can t,ngram_4,4,20,1,False,False,False,10
at://did:plc:23qrss2jlyuy6peyomhbzz3x/app.bsky.feed.post/3mijsspppma2t,2026-04-02T18:16:01.124Z,"Give me what I want, which is your obedience and submission. You can’t say no to Mommy.",give me what i want which is your obedience and submission you can't say no to mommy,give me what i want which is your obedience and submission you can t say no to mommy,can t say no,can t say no,can t say no,can t say no,ngram_4,4,12,2,False,False,False,12
at://did:plc:23qrss2jlyuy6peyomhbzz3x/app.bsky.feed.post/3mijsspppma2t,2026-04-02T18:16:01.124Z,"Give me what I want, which is your obedience and submission. You can’t say no to Mommy.",give me what i want which is your obedience and submission you can't say no to mommy,give me what i want which is your obedience and submission you can t say no to mommy,say no to mommy,say no to mommy,say no to mommy,say no to mommy,ngram_4,4,15,3,False,False,False,14
at://did:plc:23qrss2jlyuy6peyomhbzz3x/app.bsky.feed.post/3mijsspppma2t,2026-04-02T18:16:01.124Z,"Give me what I want, which is your obedience and submission. You can’t say no to Mommy.",give me what i want which is your obedience and submission you can't say no to mommy,give me what i want which is your obedience and submission you can t say no to mommy,obedience and submission,obedience and submission,obedience and submission,obedience and submission,ngram_3,3,24,4,False,False,False,8
at://did:plc:23qrss2jlyuy6peyomhbzz3x/app.bsky.feed.post/3mijsspppma2t,2026-04-02T18:16:01.124Z,"Give me what I want, which is your obedience and submission. You can’t say no to Mommy.",give me what i want which is your obedience and submission you can't say no to mommy,give me what i want which is your obedience and submission you can t say no to mommy,submission you can,submission you can,submission you can,submission you can,ngram_3,3,18,5,False,False,False,10
at://did:plc:23qrss2jlyuy6peyomhbzz3x/app.bsky.feed.post/3mijsspppma2t,2026-04-02T18:16:01.124Z,"Give me what I want, which is your obedience and submission. You can’t say no to Mommy.",give me what i want which is your obedience and submission you can't say no to mommy,give me what i want which is your obedience and submission you can t say no to mommy,can t say,can t say,can t say,can t say,ngram_3,3,9,6,False,False,False,12
at://did:plc:23qrss2jlyuy6peyomhbzz3x/app.bsky.feed.post/3mijsspppma2t,2026-04-02T18:16:01.124Z,"Give me what I want, which is your obedience and submission. You can’t say no to Mommy.",give me what i want which is your obedience and submission you can't say no to mommy,give me what i want which is your obedience and submission you can t say no to mommy,t say no,t say no,t say no,t say no,ngram_3,3,8,7,False,False,False,13
at://did:plc:23qrss2jlyuy6peyomhbzz3x/app.bsky.feed.post/3mijsspppma2t,2026-04-02T18:16:01.124Z,"Give me what I want, which is your obedience and submission. You can’t say no to Mommy.",give me what i want which is your obedience and submission you can't say no to mommy,give me what i want which is your obedience and submission you can t say no to mommy,no to mommy,no to mommy,no to mommy,no to mommy,ngram_3,3,11,8,False,False,False,15
at://did:plc:23qrss2jlyuy6peyomhbzz3x/app.bsky.feed.post/3mijsspppma2t,2026-04-02T18:16:01.124Z,"Give me what I want, which is your obedience and submission. You can’t say no to Mommy.",give me what i want which is your obedience and submission you can't say no to mommy,give me what i want which is your obedience and submission you can t say no to mommy,can t,can t,can t,can t,ngram_2,2,5,9,False,False,False,12
at://did:plc:23qrss2jlyuy6peyomhbzz3x/app.bsky.feed.post/3mijsspppma2t,2026-04-02T18:16:01.124Z,"Give me what I want, which is your obedience and submission. You can’t say no to Mommy.",give me what i want which is your obedience and submission you can't say no to mommy,give me what i want which is your obedience and submission you can t say no to mommy,t say,t say,t say,t say,ngram_2,2,5,10,False,False,False,13
at://did:plc:23qrss2jlyuy6peyomhbzz3x/app.bsky.feed.post/3mijsspppma2t,2026-04-02T18:16:01.124Z,"Give me what I want, which is your obedience and submission. You can’t say no to Mommy.",give me what i want which is your obedience and submission you can't say no to mommy,give me what i want which is your obedience and submission you can t say no to mommy,say no,say no,say no,say no,ngram_2,2,6,11,False,False,False,14
at://did:plc:23sat3d6unva5dwfdcvpyw5l/app.bsky.feed.post/3mijsu2jvkh2u,2026-04-02T18:16:44.236Z,"Continuing the Disco Elysium victory lap. The Art Cop glitch is powerful, but is it powerful enough? Feel free to chill with me over at: https://twitch.tv/PoikSpirit",continuing the disco elysium victory lap the art cop glitch is powerful but is it powerful enough feel free to chill with me over at https twitch tv poikspirit,continuing the disco elysium victory lap the art cop glitch is powerful but is it powerful enough feel free to chill with me over at https twitch tv poikspirit,continuing the disco elysium,continuing the disco elysium,continuing the disco elysium,continuing the disco elysium,ngram_4,4,28,1,False,False,False,0
at://did:plc:23sat3d6unva5dwfdcvpyw5l/app.bsky.feed.post/3mijsu2jvkh2u,2026-04-02T18:16:44.236Z,"Continuing the Disco Elysium victory lap. The Art Cop glitch is powerful, but is it powerful enough? Feel free to chill with me over at: https://twitch.tv/PoikSpirit",continuing the disco elysium victory lap the art cop glitch is powerful but is it powerful enough feel free to chill with me over at https twitch tv poikspirit,continuing the disco elysium victory lap the art cop glitch is powerful but is it powerful enough feel free to chill with me over at https twitch tv poikspirit,disco elysium victory lap,disco elysium victory lap,disco elysium victory lap,disco elysium victory lap,ngram_4,4,25,2,False,False,False,2
at://did:plc:23sat3d6unva5dwfdcvpyw5l/app.bsky.feed.post/3mijsu2jvkh2u,2026-04-02T18:16:44.236Z,"Continuing the Disco Elysium victory lap. The Art Cop glitch is powerful, but is it powerful enough? Feel free to chill with me over at: https://twitch.tv/PoikSpirit",continuing the disco elysium victory lap the art cop glitch is powerful but is it powerful enough feel free to chill with me over at https twitch tv poikspirit,continuing the disco elysium victory lap the art cop glitch is powerful but is it powerful enough feel free to chill with me over at https twitch tv poikspirit,victory lap the art,victory lap the art,victory lap the art,victory lap the art,ngram_4,4,19,3,False,False,False,4
at://did:plc:23sat3d6unva5dwfdcvpyw5l/app.bsky.feed.post/3mijsu2jvkh2u,2026-04-02T18:16:44.236Z,"Continuing the Disco Elysium victory lap. The Art Cop glitch is powerful, but is it powerful enough? Feel free to chill with me over at: https://twitch.tv/PoikSpirit",continuing the disco elysium victory lap the art cop glitch is powerful but is it powerful enough feel free to chill with me over at https twitch tv poikspirit,continuing the disco elysium victory lap the art cop glitch is powerful but is it powerful enough feel free to chill with me over at https twitch tv poikspirit,lap the art cop,lap the art cop,lap the art cop,lap the art cop,ngram_4,4,15,4,False,False,False,5
at://did:plc:23sat3d6unva5dwfdcvpyw5l/app.bsky.feed.post/3mijsu2jvkh2u,2026-04-02T18:16:44.236Z,"Continuing the Disco Elysium victory lap. The Art Cop glitch is powerful, but is it powerful enough? Feel free to chill with me over at: https://twitch.tv/PoikSpirit",continuing the disco elysium victory lap the art cop glitch is powerful but is it powerful enough feel free to chill with me over at https twitch tv poikspirit,continuing the disco elysium victory lap the art cop glitch is powerful but is it powerful enough feel free to chill with me over at https twitch tv poikspirit,cop glitch is powerful,cop glitch is powerful,cop glitch is powerful,cop glitch is powerful,ngram_4,4,22,5,False,False,False,8
at://did:plc:23sat3d6unva5dwfdcvpyw5l/app.bsky.feed.post/3mijsu2jvkh2u,2026-04-02T18:16:44.236Z,"Continuing the Disco Elysium victory lap. The Art Cop glitch is powerful, but is it powerful enough? Feel free to chill with me over at: https://twitch.tv/PoikSpirit",continuing the disco elysium victory lap the art cop glitch is powerful but is it powerful enough feel free to chill with me over at https twitch tv poikspirit,continuing the disco elysium victory lap the art cop glitch is powerful but is it powerful enough feel free to chill with me over at https twitch tv poikspirit,powerful enough feel free,powerful enough feel free,powerful enough feel free,powerful enough feel free,ngram_4,4,25,6,False,False,False,15
at://did:plc:23sat3d6unva5dwfdcvpyw5l/app.bsky.feed.post/3mijsu2jvkh2u,2026-04-02T18:16:44.236Z,"Continuing the Disco Elysium victory lap. The Art Cop glitch is powerful, but is it powerful enough? Feel free to chill with me over at: https://twitch.tv/PoikSpirit",continuing the disco elysium victory lap the art cop glitch is powerful but is it powerful enough feel free to chill with me over at https twitch tv poikspirit,continuing the disco elysium victory lap the art cop glitch is powerful but is it powerful enough feel free to chill with me over at https twitch tv poikspirit,feel free to chill,feel free to chill,feel free to chill,feel free to chill,ngram_4,4,18,7,False,False,False,17
at://did:plc:23sat3d6unva5dwfdcvpyw5l/app.bsky.feed.post/3mijsu2jvkh2u,2026-04-02T18:16:44.236Z,"Continuing the Disco Elysium victory lap. The Art Cop glitch is powerful, but is it powerful enough? Feel free to chill with me over at: https://twitch.tv/PoikSpirit",continuing the disco elysium victory lap the art cop glitch is powerful but is it powerful enough feel free to chill with me over at https twitch tv poikspirit,continuing the disco elysium victory lap the art cop glitch is powerful but is it powerful enough feel free to chill with me over at https twitch tv poikspirit,chill with me over,chill with me over,chill with me over,chill with me over,ngram_4,4,18,8,False,False,False,20
at://did:plc:23sat3d6unva5dwfdcvpyw5l/app.bsky.feed.post/3mijsu2jvkh2u,2026-04-02T18:16:44.236Z,"Continuing the Disco Elysium victory lap. The Art Cop glitch is powerful, but is it powerful enough? Feel free to chill with me over at: https://twitch.tv/PoikSpirit",continuing the disco elysium victory lap the art cop glitch is powerful but is it powerful enough feel free to chill with me over at https twitch tv poikspirit,continuing the disco elysium victory lap the art cop glitch is powerful but is it powerful enough feel free to chill with me over at https twitch tv poikspirit,over at https twitch,over at https twitch,over at https twitch,over at https twitch,ngram_4,4,20,9,False,False,False,23
at://did:plc:23sat3d6unva5dwfdcvpyw5l/app.bsky.feed.post/3mijsu2jvkh2u,2026-04-02T18:16:44.236Z,"Continuing the Disco Elysium victory lap. The Art Cop glitch is powerful, but is it powerful enough? Feel free to chill with me over at: https://twitch.tv/PoikSpirit",continuing the disco elysium victory lap the art cop glitch is powerful but is it powerful enough feel free to chill with me over at https twitch tv poikspirit,continuing the disco elysium victory lap the art cop glitch is powerful but is it powerful enough feel free to chill with me over at https twitch tv poikspirit,https twitch tv poikspirit,https twitch tv poikspirit,https twitch tv poikspirit,https twitch tv poikspirit,ngram_4,4,26,10,False,False,False,25
at://did:plc:23sat3d6unva5dwfdcvpyw5l/app.bsky.feed.post/3mijsu2jvkh2u,2026-04-02T18:16:44.236Z,"Continuing the Disco Elysium victory lap. The Art Cop glitch is powerful, but is it powerful enough? Feel free to chill with me over at: https://twitch.tv/PoikSpirit",continuing the disco elysium victory lap the art cop glitch is powerful but is it powerful enough feel free to chill with me over at https twitch tv poikspirit,continuing the disco elysium victory lap the art cop glitch is powerful but is it powerful enough feel free to chill with me over at https twitch tv poikspirit,continuing the disco,continuing the disco,continuing the disco,continuing the disco,ngram_3,3,20,11,False,False,False,0
at://did:plc:23sat3d6unva5dwfdcvpyw5l/app.bsky.feed.post/3mijsu2jvkh2u,2026-04-02T18:16:44.236Z,"Continuing the Disco Elysium victory lap. The Art Cop glitch is powerful, but is it powerful enough? Feel free to chill with me over at: https://twitch.tv/PoikSpirit",continuing the disco elysium victory lap the art cop glitch is powerful but is it powerful enough feel free to chill with me over at https twitch tv poikspirit,continuing the disco elysium victory lap the art cop glitch is powerful but is it powerful enough feel free to chill with me over at https twitch tv poikspirit,disco elysium victory,disco elysium victory,disco elysium victory,disco elysium victory,ngram_3,3,21,12,False,False,False,2
at://did:plc:23sat3d6unva5dwfdcvpyw5l/app.bsky.feed.post/3mijsu2jvkh2u,2026-04-02T18:16:44.236Z,"Continuing the Disco Elysium victory lap. The Art Cop glitch is powerful, but is it powerful enough? Feel free to chill with me over at: https://twitch.tv/PoikSpirit",continuing the disco elysium victory lap the art cop glitch is powerful but is it powerful enough feel free to chill with me over at https twitch tv poikspirit,continuing the disco elysium victory lap the art cop glitch is powerful but is it powerful enough feel free to chill with me over at https twitch tv poikspirit,elysium victory lap,elysium victory lap,elysium victory lap,elysium victory lap,ngram_3,3,19,13,False,False,False,3
at://did:plc:23sat3d6unva5dwfdcvpyw5l/app.bsky.feed.post/3mijsu2jvkh2u,2026-04-02T18:16:44.236Z,"Continuing the Disco Elysium victory lap. The Art Cop glitch is powerful, but is it powerful enough? Feel free to chill with me over at: https://twitch.tv/PoikSpirit",continuing the disco elysium victory lap the art cop glitch is powerful but is it powerful enough feel free to chill with me over at https twitch tv poikspirit,continuing the disco elysium victory lap the art cop glitch is powerful but is it powerful enough feel free to chill with me over at https twitch tv poikspirit,lap the art,lap the art,lap the art,lap the art,ngram_3,3,11,14,False,False,False,5
at://did:plc:23sat3d6unva5dwfdcvpyw5l/app.bsky.feed.post/3mijsu2jvkh2u,2026-04-02T18:16:44.236Z,"Continuing the Disco Elysium victory lap. The Art Cop glitch is powerful, but is it powerful enough? Feel free to chill with me over at: https://twitch.tv/PoikSpirit",continuing the disco elysium victory lap the art cop glitch is powerful but is it powerful enough feel free to chill with me over at https twitch tv poikspirit,continuing the disco elysium victory lap the art cop glitch is powerful but is it powerful enough feel free to chill with me over at https twitch tv poikspirit,art cop glitch,art cop glitch,art cop glitch,art cop glitch,ngram_3,3,14,15,False,False,False,7
at://did:plc:23sat3d6unva5dwfdcvpyw5l/app.bsky.feed.post/3mijsu2jvkh2u,2026-04-02T18:16:44.236Z,"Continuing the Disco Elysium victory lap. The Art Cop glitch is powerful, but is it powerful enough? Feel free to chill with me over at: https://twitch.tv/PoikSpirit",continuing the disco elysium victory lap the art cop glitch is powerful but is it powerful enough feel free to chill with me over at https twitch tv poikspirit,continuing the disco elysium victory lap the art cop glitch is powerful but is it powerful enough feel free to chill with me over at https twitch tv poikspirit,glitch is powerful,glitch is powerful,glitch is powerful,glitch is powerful,ngram_3,3,18,16,False,False,False,9
at://did:plc:23sat3d6unva5dwfdcvpyw5l/app.bsky.feed.post/3mijsu2jvkh2u,2026-04-02T18:16:44.236Z,"Continuing the Disco Elysium victory lap. The Art Cop glitch is powerful, but is it powerful enough? Feel free to chill with me over at: https://twitch.tv/PoikSpirit",continuing the disco elysium victory lap the art cop glitch is powerful but is it powerful enough feel free to chill with me over at https twitch tv poikspirit,continuing the disco elysium victory lap the art cop glitch is powerful but is it powerful enough feel free to chill with me over at https twitch tv poikspirit,powerful enough feel,powerful enough feel,powerful enough feel,powerful enough feel,ngram_3,3,20,17,False,False,False,15
at://did:plc:23sat3d6unva5dwfdcvpyw5l/app.bsky.feed.post/3mijsu2jvkh2u,2026-04-02T18:16:44.236Z,"Continuing the Disco Elysium victory lap. The Art Cop glitch is powerful, but is it powerful enough? Feel free to chill with me over at: https://twitch.tv/PoikSpirit",continuing the disco elysium victory lap the art cop glitch is powerful but is it powerful enough feel free to chill with me over at https twitch tv poikspirit,continuing the disco elysium victory lap the art cop glitch is powerful but is it powerful enough feel free to chill with me over at https twitch tv poikspirit,enough feel free,enough feel free,enough feel free,enough feel free,ngram_3,3,16,18,False,False,False,16
at://did:plc:23sat3d6unva5dwfdcvpyw5l/app.bsky.feed.post/3mijsu2jvkh2u,2026-04-02T18:16:44.236Z,"Continuing the Disco Elysium victory lap. The Art Cop glitch is powerful, but is it powerful enough? Feel free to chill with me over at: https://twitch.tv/PoikSpirit",continuing the disco elysium victory lap the art cop glitch is powerful but is it powerful enough feel free to chill with me over at https twitch tv poikspirit,continuing the disco elysium victory lap the art cop glitch is powerful but is it powerful enough feel free to chill with me over at https twitch tv poikspirit,free to chill,free to chill,free to chill,free to chill,ngram_3,3,13,19,False,False,False,18
at://did:plc:23sat3d6unva5dwfdcvpyw5l/app.bsky.feed.post/3mijsu2jvkh2u,2026-04-02T18:16:44.236Z,"Continuing the Disco Elysium victory lap. The Art Cop glitch is powerful, but is it powerful enough? Feel free to chill with me over at: https://twitch.tv/PoikSpirit",continuing the disco elysium victory lap the art cop glitch is powerful but is it powerful enough feel free to chill with me over at https twitch tv poikspirit,continuing the disco elysium victory lap the art cop glitch is powerful but is it powerful enough feel free to chill with me over at https twitch tv poikspirit,over at https,over at https,over at https,over at https,ngram_3,3,13,20,False,False,False,23
at://did:plc:23tkyewe22zp6emzme4hnvuj/app.bsky.feed.post/3mijsssib622w,2026-04-02T18:16:04.048Z,"ちゃんと考えたい人のために、想定をもう少し厳密に言っておくと、以下の二種類です。Cは子音、Vは母音です。C₁ = C₂やV₁ = V₃、V₂ = V₃の場合は含みますが、V₁ = V₂は禁止です(この意味で「母音が変化」)。

C₁V₁C₂V₁-CV₂C₂V₂ → V₁-V₂パターン
(gAtA-gOtO ガタゴト → A-Oパターン)

C₁V₁C₂V₃-C₁V₂C₂V₃ → V₁-V₂パターン
(bIsi-bAsi ビシバシ → I-Aパターン)",ちゃんと考えたい人のために、想定をもう少し厳密に言っておくと、以下の二種類です。cは子音、vは母音です。c1 = c2やv1 = v3、v2 = v3の場合は含みますが、v1 = v2は禁止です この意味で「母音が変化」 。 c1v1c2v1 cv2c2v2 → v1 v2パターン gata goto ガタゴト → a oパターン c1v1c2v3 c1v2c2v3 → v1 v2パターン bisi basi ビシバシ → i aパターン,c v c1 c2 v1 v3 v2 v3 v1 v2 c1v1c2v1 cv2c2v2 v1 v2 gata goto a o c1v1c2v3 c1v2c2v3 v1 v2 bisi basi i a,c v c1 c2,c v c1 c2,c v c1 c2,c v c1 c2,ngram_4,4,9,1,False,True,False,0
at://did:plc:23tkyewe22zp6emzme4hnvuj/app.bsky.feed.post/3mijsssib622w,2026-04-02T18:16:04.048Z,"ちゃんと考えたい人のために、想定をもう少し厳密に言っておくと、以下の二種類です。Cは子音、Vは母音です。C₁ = C₂やV₁ = V₃、V₂ = V₃の場合は含みますが、V₁ = V₂は禁止です(この意味で「母音が変化」)。

C₁V₁C₂V₁-CV₂C₂V₂ → V₁-V₂パターン
(gAtA-gOtO ガタゴト → A-Oパターン)

C₁V₁C₂V₃-C₁V₂C₂V₃ → V₁-V₂パターン
(bIsi-bAsi ビシバシ → I-Aパターン)",ちゃんと考えたい人のために、想定をもう少し厳密に言っておくと、以下の二種類です。cは子音、vは母音です。c1 = c2やv1 = v3、v2 = v3の場合は含みますが、v1 = v2は禁止です この意味で「母音が変化」 。 c1v1c2v1 cv2c2v2 → v1 v2パターン gata goto ガタゴト → a oパターン c1v1c2v3 c1v2c2v3 → v1 v2パターン bisi basi ビシバシ → i aパターン,c v c1 c2 v1 v3 v2 v3 v1 v2 c1v1c2v1 cv2c2v2 v1 v2 gata goto a o c1v1c2v3 c1v2c2v3 v1 v2 bisi basi i a,v c1 c2 v1,v c1 c2 v1,v c1 c2 v1,v c1 c2 v1,ngram_4,4,10,2,False,True,False,1
at://did:plc:23tkyewe22zp6emzme4hnvuj/app.bsky.feed.post/3mijsssib622w,2026-04-02T18:16:04.048Z,"ちゃんと考えたい人のために、想定をもう少し厳密に言っておくと、以下の二種類です。Cは子音、Vは母音です。C₁ = C₂やV₁ = V₃、V₂ = V₃の場合は含みますが、V₁ = V₂は禁止です(この意味で「母音が変化」)。

C₁V₁C₂V₁-CV₂C₂V₂ → V₁-V₂パターン
(gAtA-gOtO ガタゴト → A-Oパターン)

C₁V₁C₂V₃-C₁V₂C₂V₃ → V₁-V₂パターン
(bIsi-bAsi ビシバシ → I-Aパターン)",ちゃんと考えたい人のために、想定をもう少し厳密に言っておくと、以下の二種類です。cは子音、vは母音です。c1 = c2やv1 = v3、v2 = v3の場合は含みますが、v1 = v2は禁止です この意味で「母音が変化」 。 c1v1c2v1 cv2c2v2 → v1 v2パターン gata goto ガタゴト → a oパターン c1v1c2v3 c1v2c2v3 → v1 v2パターン bisi basi ビシバシ → i aパターン,c v c1 c2 v1 v3 v2 v3 v1 v2 c1v1c2v1 cv2c2v2 v1 v2 gata goto a o c1v1c2v3 c1v2c2v3 v1 v2 bisi basi i a,c1 c2 v1 v3,c1 c2 v1 v3,c1 c2 v1 v3,c1 c2 v1 v3,ngram_4,4,11,3,False,True,False,2
at://did:plc:23tkyewe22zp6emzme4hnvuj/app.bsky.feed.post/3mijsssib622w,2026-04-02T18:16:04.048Z,"ちゃんと考えたい人のために、想定をもう少し厳密に言っておくと、以下の二種類です。Cは子音、Vは母音です。C₁ = C₂やV₁ = V₃、V₂ = V₃の場合は含みますが、V₁ = V₂は禁止です(この意味で「母音が変化」)。

C₁V₁C₂V₁-CV₂C₂V₂ → V₁-V₂パターン
(gAtA-gOtO ガタゴト → A-Oパターン)

C₁V₁C₂V₃-C₁V₂C₂V₃ → V₁-V₂パターン
(bIsi-bAsi ビシバシ → I-Aパターン)",ちゃんと考えたい人のために、想定をもう少し厳密に言っておくと、以下の二種類です。cは子音、vは母音です。c1 = c2やv1 = v3、v2 = v3の場合は含みますが、v1 = v2は禁止です この意味で「母音が変化」 。 c1v1c2v1 cv2c2v2 → v1 v2パターン gata goto ガタゴト → a oパターン c1v1c2v3 c1v2c2v3 → v1 v2パターン bisi basi ビシバシ → i aパターン,c v c1 c2 v1 v3 v2 v3 v1 v2 c1v1c2v1 cv2c2v2 v1 v2 gata goto a o c1v1c2v3 c1v2c2v3 v1 v2 bisi basi i a,c2 v1 v3 v2,c2 v1 v3 v2,c2 v1 v3 v2,c2 v1 v3 v2,ngram_4,4,11,4,False,True,False,3
at://did:plc:23tkyewe22zp6emzme4hnvuj/app.bsky.feed.post/3mijsssib622w,2026-04-02T18:16:04.048Z,"ちゃんと考えたい人のために、想定をもう少し厳密に言っておくと、以下の二種類です。Cは子音、Vは母音です。C₁ = C₂やV₁ = V₃、V₂ = V₃の場合は含みますが、V₁ = V₂は禁止です(この意味で「母音が変化」)。

C₁V₁C₂V₁-CV₂C₂V₂ → V₁-V₂パターン
(gAtA-gOtO ガタゴト → A-Oパターン)

C₁V₁C₂V₃-C₁V₂C₂V₃ → V₁-V₂パターン
(bIsi-bAsi ビシバシ → I-Aパターン)",ちゃんと考えたい人のために、想定をもう少し厳密に言っておくと、以下の二種類です。cは子音、vは母音です。c1 = c2やv1 = v3、v2 = v3の場合は含みますが、v1 = v2は禁止です この意味で「母音が変化」 。 c1v1c2v1 cv2c2v2 → v1 v2パターン gata goto ガタゴト → a oパターン c1v1c2v3 c1v2c2v3 → v1 v2パターン bisi basi ビシバシ → i aパターン,c v c1 c2 v1 v3 v2 v3 v1 v2 c1v1c2v1 cv2c2v2 v1 v2 gata goto a o c1v1c2v3 c1v2c2v3 v1 v2 bisi basi i a,v1 v3 v2 v3,v1 v3 v2 v3,v1 v3 v2 v3,v1 v3 v2 v3,ngram_4,4,11,5,False,True,False,4
at://did:plc:23tkyewe22zp6emzme4hnvuj/app.bsky.feed.post/3mijsssib622w,2026-04-02T18:16:04.048Z,"ちゃんと考えたい人のために、想定をもう少し厳密に言っておくと、以下の二種類です。Cは子音、Vは母音です。C₁ = C₂やV₁ = V₃、V₂ = V₃の場合は含みますが、V₁ = V₂は禁止です(この意味で「母音が変化」)。

C₁V₁C₂V₁-CV₂C₂V₂ → V₁-V₂パターン
(gAtA-gOtO ガタゴト → A-Oパターン)

C₁V₁C₂V₃-C₁V₂C₂V₃ → V₁-V₂パターン
(bIsi-bAsi ビシバシ → I-Aパターン)",ちゃんと考えたい人のために、想定をもう少し厳密に言っておくと、以下の二種類です。cは子音、vは母音です。c1 = c2やv1 = v3、v2 = v3の場合は含みますが、v1 = v2は禁止です この意味で「母音が変化」 。 c1v1c2v1 cv2c2v2 → v1 v2パターン gata goto ガタゴト → a oパターン c1v1c2v3 c1v2c2v3 → v1 v2パターン bisi basi ビシバシ → i aパターン,c v c1 c2 v1 v3 v2 v3 v1 v2 c1v1c2v1 cv2c2v2 v1 v2 gata goto a o c1v1c2v3 c1v2c2v3 v1 v2 bisi basi i a,v3 v2 v3 v1,v3 v2 v3 v1,v3 v2 v3 v1,v3 v2 v3 v1,ngram_4,4,11,6,False,True,False,5
at://did:plc:23tkyewe22zp6emzme4hnvuj/app.bsky.feed.post/3mijsssib622w,2026-04-02T18:16:04.048Z,"ちゃんと考えたい人のために、想定をもう少し厳密に言っておくと、以下の二種類です。Cは子音、Vは母音です。C₁ = C₂やV₁ = V₃、V₂ = V₃の場合は含みますが、V₁ = V₂は禁止です(この意味で「母音が変化」)。

C₁V₁C₂V₁-CV₂C₂V₂ → V₁-V₂パターン
(gAtA-gOtO ガタゴト → A-Oパターン)

C₁V₁C₂V₃-C₁V₂C₂V₃ → V₁-V₂パターン
(bIsi-bAsi ビシバシ → I-Aパターン)",ちゃんと考えたい人のために、想定をもう少し厳密に言っておくと、以下の二種類です。cは子音、vは母音です。c1 = c2やv1 = v3、v2 = v3の場合は含みますが、v1 = v2は禁止です この意味で「母音が変化」 。 c1v1c2v1 cv2c2v2 → v1 v2パターン gata goto ガタゴト → a oパターン c1v1c2v3 c1v2c2v3 → v1 v2パターン bisi basi ビシバシ → i aパターン,c v c1 c2 v1 v3 v2 v3 v1 v2 c1v1c2v1 cv2c2v2 v1 v2 gata goto a o c1v1c2v3 c1v2c2v3 v1 v2 bisi basi i a,v2 v3 v1 v2,v2 v3 v1 v2,v2 v3 v1 v2,v2 v3 v1 v2,ngram_4,4,11,7,False,True,False,6
at://did:plc:23tkyewe22zp6emzme4hnvuj/app.bsky.feed.post/3mijsssib622w,2026-04-02T18:16:04.048Z,"ちゃんと考えたい人のために、想定をもう少し厳密に言っておくと、以下の二種類です。Cは子音、Vは母音です。C₁ = C₂やV₁ = V₃、V₂ = V₃の場合は含みますが、V₁ = V₂は禁止です(この意味で「母音が変化」)。

C₁V₁C₂V₁-CV₂C₂V₂ → V₁-V₂パターン
(gAtA-gOtO ガタゴト → A-Oパターン)

C₁V₁C₂V₃-C₁V₂C₂V₃ → V₁-V₂パターン
(bIsi-bAsi ビシバシ → I-Aパターン)",ちゃんと考えたい人のために、想定をもう少し厳密に言っておくと、以下の二種類です。cは子音、vは母音です。c1 = c2やv1 = v3、v2 = v3の場合は含みますが、v1 = v2は禁止です この意味で「母音が変化」 。 c1v1c2v1 cv2c2v2 → v1 v2パターン gata goto ガタゴト → a oパターン c1v1c2v3 c1v2c2v3 → v1 v2パターン bisi basi ビシバシ → i aパターン,c v c1 c2 v1 v3 v2 v3 v1 v2 c1v1c2v1 cv2c2v2 v1 v2 gata goto a o c1v1c2v3 c1v2c2v3 v1 v2 bisi basi i a,v3 v1 v2 c1v1c2v1,v3 v1 v2 c1v1c2v1,v3 v1 v2 c1v1c2v1,v3 v1 v2 c1v1c2v1,ngram_4,4,17,8,False,True,False,7
at://did:plc:23tkyewe22zp6emzme4hnvuj/app.bsky.feed.post/3mijsssib622w,2026-04-02T18:16:04.048Z,"ちゃんと考えたい人のために、想定をもう少し厳密に言っておくと、以下の二種類です。Cは子音、Vは母音です。C₁ = C₂やV₁ = V₃、V₂ = V₃の場合は含みますが、V₁ = V₂は禁止です(この意味で「母音が変化」)。

C₁V₁C₂V₁-CV₂C₂V₂ → V₁-V₂パターン
(gAtA-gOtO ガタゴト → A-Oパターン)

C₁V₁C₂V₃-C₁V₂C₂V₃ → V₁-V₂パターン
(bIsi-bAsi ビシバシ → I-Aパターン)",ちゃんと考えたい人のために、想定をもう少し厳密に言っておくと、以下の二種類です。cは子音、vは母音です。c1 = c2やv1 = v3、v2 = v3の場合は含みますが、v1 = v2は禁止です この意味で「母音が変化」 。 c1v1c2v1 cv2c2v2 → v1 v2パターン gata goto ガタゴト → a oパターン c1v1c2v3 c1v2c2v3 → v1 v2パターン bisi basi ビシバシ → i aパターン,c v c1 c2 v1 v3 v2 v3 v1 v2 c1v1c2v1 cv2c2v2 v1 v2 gata goto a o c1v1c2v3 c1v2c2v3 v1 v2 bisi basi i a,v1 v2 c1v1c2v1 cv2c2v2,v1 v2 c1v1c2v1 cv2c2v2,v1 v2 c1v1c2v1 cv2c2v2,v1 v2 c1v1c2v1 cv2c2v2,ngram_4,4,22,9,False,True,False,8
at://did:plc:23tkyewe22zp6emzme4hnvuj/app.bsky.feed.post/3mijsssib622w,2026-04-02T18:16:04.048Z,"ちゃんと考えたい人のために、想定をもう少し厳密に言っておくと、以下の二種類です。Cは子音、Vは母音です。C₁ = C₂やV₁ = V₃、V₂ = V₃の場合は含みますが、V₁ = V₂は禁止です(この意味で「母音が変化」)。

C₁V₁C₂V₁-CV₂C₂V₂ → V₁-V₂パターン
(gAtA-gOtO ガタゴト → A-Oパターン)

C₁V₁C₂V₃-C₁V₂C₂V₃ → V₁-V₂パターン
(bIsi-bAsi ビシバシ → I-Aパターン)",ちゃんと考えたい人のために、想定をもう少し厳密に言っておくと、以下の二種類です。cは子音、vは母音です。c1 = c2やv1 = v3、v2 = v3の場合は含みますが、v1 = v2は禁止です この意味で「母音が変化」 。 c1v1c2v1 cv2c2v2 → v1 v2パターン gata goto ガタゴト → a oパターン c1v1c2v3 c1v2c2v3 → v1 v2パターン bisi basi ビシバシ → i aパターン,c v c1 c2 v1 v3 v2 v3 v1 v2 c1v1c2v1 cv2c2v2 v1 v2 gata goto a o c1v1c2v3 c1v2c2v3 v1 v2 bisi basi i a,v2 c1v1c2v1 cv2c2v2 v1,v2 c1v1c2v1 cv2c2v2 v1,v2 c1v1c2v1 cv2c2v2 v1,v2 c1v1c2v1 cv2c2v2 v1,ngram_4,4,22,10,False,True,False,9
at://did:plc:23tkyewe22zp6emzme4hnvuj/app.bsky.feed.post/3mijsssib622w,2026-04-02T18:16:04.048Z,"ちゃんと考えたい人のために、想定をもう少し厳密に言っておくと、以下の二種類です。Cは子音、Vは母音です。C₁ = C₂やV₁ = V₃、V₂ = V₃の場合は含みますが、V₁ = V₂は禁止です(この意味で「母音が変化」)。

C₁V₁C₂V₁-CV₂C₂V₂ → V₁-V₂パターン
(gAtA-gOtO ガタゴト → A-Oパターン)

C₁V₁C₂V₃-C₁V₂C₂V₃ → V₁-V₂パターン
(bIsi-bAsi ビシバシ → I-Aパターン)",ちゃんと考えたい人のために、想定をもう少し厳密に言っておくと、以下の二種類です。cは子音、vは母音です。c1 = c2やv1 = v3、v2 = v3の場合は含みますが、v1 = v2は禁止です この意味で「母音が変化」 。 c1v1c2v1 cv2c2v2 → v1 v2パターン gata goto ガタゴト → a oパターン c1v1c2v3 c1v2c2v3 → v1 v2パターン bisi basi ビシバシ → i aパターン,c v c1 c2 v1 v3 v2 v3 v1 v2 c1v1c2v1 cv2c2v2 v1 v2 gata goto a o c1v1c2v3 c1v2c2v3 v1 v2 bisi basi i a,c1v1c2v1 cv2c2v2 v1 v2,c1v1c2v1 cv2c2v2 v1 v2,c1v1c2v1 cv2c2v2 v1 v2,c1v1c2v1 cv2c2v2 v1 v2,ngram_4,4,22,11,False,True,False,10
at://did:plc:23tkyewe22zp6emzme4hnvuj/app.bsky.feed.post/3mijsssib622w,2026-04-02T18:16:04.048Z,"ちゃんと考えたい人のために、想定をもう少し厳密に言っておくと、以下の二種類です。Cは子音、Vは母音です。C₁ = C₂やV₁ = V₃、V₂ = V₃の場合は含みますが、V₁ = V₂は禁止です(この意味で「母音が変化」)。

C₁V₁C₂V₁-CV₂C₂V₂ → V₁-V₂パターン
(gAtA-gOtO ガタゴト → A-Oパターン)

C₁V₁C₂V₃-C₁V₂C₂V₃ → V₁-V₂パターン
(bIsi-bAsi ビシバシ → I-Aパターン)",ちゃんと考えたい人のために、想定をもう少し厳密に言っておくと、以下の二種類です。cは子音、vは母音です。c1 = c2やv1 = v3、v2 = v3の場合は含みますが、v1 = v2は禁止です この意味で「母音が変化」 。 c1v1c2v1 cv2c2v2 → v1 v2パターン gata goto ガタゴト → a oパターン c1v1c2v3 c1v2c2v3 → v1 v2パターン bisi basi ビシバシ → i aパターン,c v c1 c2 v1 v3 v2 v3 v1 v2 c1v1c2v1 cv2c2v2 v1 v2 gata goto a o c1v1c2v3 c1v2c2v3 v1 v2 bisi basi i a,cv2c2v2 v1 v2 gata,cv2c2v2 v1 v2 gata,cv2c2v2 v1 v2 gata,cv2c2v2 v1 v2 gata,ngram_4,4,18,12,False,True,False,11
at://did:plc:23tkyewe22zp6emzme4hnvuj/app.bsky.feed.post/3mijsssib622w,2026-04-02T18:16:04.048Z,"ちゃんと考えたい人のために、想定をもう少し厳密に言っておくと、以下の二種類です。Cは子音、Vは母音です。C₁ = C₂やV₁ = V₃、V₂ = V₃の場合は含みますが、V₁ = V₂は禁止です(この意味で「母音が変化」)。

C₁V₁C₂V₁-CV₂C₂V₂ → V₁-V₂パターン
(gAtA-gOtO ガタゴト → A-Oパターン)

C₁V₁C₂V₃-C₁V₂C₂V₃ → V₁-V₂パターン
(bIsi-bAsi ビシバシ → I-Aパターン)",ちゃんと考えたい人のために、想定をもう少し厳密に言っておくと、以下の二種類です。cは子音、vは母音です。c1 = c2やv1 = v3、v2 = v3の場合は含みますが、v1 = v2は禁止です この意味で「母音が変化」 。 c1v1c2v1 cv2c2v2 → v1 v2パターン gata goto ガタゴト → a oパターン c1v1c2v3 c1v2c2v3 → v1 v2パターン bisi basi ビシバシ → i aパターン,c v c1 c2 v1 v3 v2 v3 v1 v2 c1v1c2v1 cv2c2v2 v1 v2 gata goto a o c1v1c2v3 c1v2c2v3 v1 v2 bisi basi i a,v1 v2 gata goto,v1 v2 gata goto,v1 v2 gata goto,v1 v2 gata goto,ngram_4,4,15,13,False,True,False,12
at://did:plc:23tkyewe22zp6emzme4hnvuj/app.bsky.feed.post/3mijsssib622w,2026-04-02T18:16:04.048Z,"ちゃんと考えたい人のために、想定をもう少し厳密に言っておくと、以下の二種類です。Cは子音、Vは母音です。C₁ = C₂やV₁ = V₃、V₂ = V₃の場合は含みますが、V₁ = V₂は禁止です(この意味で「母音が変化」)。

C₁V₁C₂V₁-CV₂C₂V₂ → V₁-V₂パターン
(gAtA-gOtO ガタゴト → A-Oパターン)

C₁V₁C₂V₃-C₁V₂C₂V₃ → V₁-V₂パターン
(bIsi-bAsi ビシバシ → I-Aパターン)",ちゃんと考えたい人のために、想定をもう少し厳密に言っておくと、以下の二種類です。cは子音、vは母音です。c1 = c2やv1 = v3、v2 = v3の場合は含みますが、v1 = v2は禁止です この意味で「母音が変化」 。 c1v1c2v1 cv2c2v2 → v1 v2パターン gata goto ガタゴト → a oパターン c1v1c2v3 c1v2c2v3 → v1 v2パターン bisi basi ビシバシ → i aパターン,c v c1 c2 v1 v3 v2 v3 v1 v2 c1v1c2v1 cv2c2v2 v1 v2 gata goto a o c1v1c2v3 c1v2c2v3 v1 v2 bisi basi i a,gata goto a o,gata goto a o,gata goto a o,gata goto a o,ngram_4,4,13,14,False,False,False,14
at://did:plc:23tkyewe22zp6emzme4hnvuj/app.bsky.feed.post/3mijsssib622w,2026-04-02T18:16:04.048Z,"ちゃんと考えたい人のために、想定をもう少し厳密に言っておくと、以下の二種類です。Cは子音、Vは母音です。C₁ = C₂やV₁ = V₃、V₂ = V₃の場合は含みますが、V₁ = V₂は禁止です(この意味で「母音が変化」)。

C₁V₁C₂V₁-CV₂C₂V₂ → V₁-V₂パターン
(gAtA-gOtO ガタゴト → A-Oパターン)

C₁V₁C₂V₃-C₁V₂C₂V₃ → V₁-V₂パターン
(bIsi-bAsi ビシバシ → I-Aパターン)",ちゃんと考えたい人のために、想定をもう少し厳密に言っておくと、以下の二種類です。cは子音、vは母音です。c1 = c2やv1 = v3、v2 = v3の場合は含みますが、v1 = v2は禁止です この意味で「母音が変化」 。 c1v1c2v1 cv2c2v2 → v1 v2パターン gata goto ガタゴト → a oパターン c1v1c2v3 c1v2c2v3 → v1 v2パターン bisi basi ビシバシ → i aパターン,c v c1 c2 v1 v3 v2 v3 v1 v2 c1v1c2v1 cv2c2v2 v1 v2 gata goto a o c1v1c2v3 c1v2c2v3 v1 v2 bisi basi i a,goto a o c1v1c2v3,goto a o c1v1c2v3,goto a o c1v1c2v3,goto a o c1v1c2v3,ngram_4,4,17,15,False,True,False,15
at://did:plc:23tkyewe22zp6emzme4hnvuj/app.bsky.feed.post/3mijsssib622w,2026-04-02T18:16:04.048Z,"ちゃんと考えたい人のために、想定をもう少し厳密に言っておくと、以下の二種類です。Cは子音、Vは母音です。C₁ = C₂やV₁ = V₃、V₂ = V₃の場合は含みますが、V₁ = V₂は禁止です(この意味で「母音が変化」)。

C₁V₁C₂V₁-CV₂C₂V₂ → V₁-V₂パターン
(gAtA-gOtO ガタゴト → A-Oパターン)

C₁V₁C₂V₃-C₁V₂C₂V₃ → V₁-V₂パターン
(bIsi-bAsi ビシバシ → I-Aパターン)",ちゃんと考えたい人のために、想定をもう少し厳密に言っておくと、以下の二種類です。cは子音、vは母音です。c1 = c2やv1 = v3、v2 = v3の場合は含みますが、v1 = v2は禁止です この意味で「母音が変化」 。 c1v1c2v1 cv2c2v2 → v1 v2パターン gata goto ガタゴト → a oパターン c1v1c2v3 c1v2c2v3 → v1 v2パターン bisi basi ビシバシ → i aパターン,c v c1 c2 v1 v3 v2 v3 v1 v2 c1v1c2v1 cv2c2v2 v1 v2 gata goto a o c1v1c2v3 c1v2c2v3 v1 v2 bisi basi i a,o c1v1c2v3 c1v2c2v3 v1,o c1v1c2v3 c1v2c2v3 v1,o c1v1c2v3 c1v2c2v3 v1,o c1v1c2v3 c1v2c2v3 v1,ngram_4,4,22,16,False,True,False,17
at://did:plc:23tkyewe22zp6emzme4hnvuj/app.bsky.feed.post/3mijsssib622w,2026-04-02T18:16:04.048Z,"ちゃんと考えたい人のために、想定をもう少し厳密に言っておくと、以下の二種類です。Cは子音、Vは母音です。C₁ = C₂やV₁ = V₃、V₂ = V₃の場合は含みますが、V₁ = V₂は禁止です(この意味で「母音が変化」)。

C₁V₁C₂V₁-CV₂C₂V₂ → V₁-V₂パターン
(gAtA-gOtO ガタゴト → A-Oパターン)

C₁V₁C₂V₃-C₁V₂C₂V₃ → V₁-V₂パターン
(bIsi-bAsi ビシバシ → I-Aパターン)",ちゃんと考えたい人のために、想定をもう少し厳密に言っておくと、以下の二種類です。cは子音、vは母音です。c1 = c2やv1 = v3、v2 = v3の場合は含みますが、v1 = v2は禁止です この意味で「母音が変化」 。 c1v1c2v1 cv2c2v2 → v1 v2パターン gata goto ガタゴト → a oパターン c1v1c2v3 c1v2c2v3 → v1 v2パターン bisi basi ビシバシ → i aパターン,c v c1 c2 v1 v3 v2 v3 v1 v2 c1v1c2v1 cv2c2v2 v1 v2 gata goto a o c1v1c2v3 c1v2c2v3 v1 v2 bisi basi i a,c1v1c2v3 c1v2c2v3 v1 v2,c1v1c2v3 c1v2c2v3 v1 v2,c1v1c2v3 c1v2c2v3 v1 v2,c1v1c2v3 c1v2c2v3 v1 v2,ngram_4,4,23,17,False,True,False,18
at://did:plc:23tkyewe22zp6emzme4hnvuj/app.bsky.feed.post/3mijsssib622w,2026-04-02T18:16:04.048Z,"ちゃんと考えたい人のために、想定をもう少し厳密に言っておくと、以下の二種類です。Cは子音、Vは母音です。C₁ = C₂やV₁ = V₃、V₂ = V₃の場合は含みますが、V₁ = V₂は禁止です(この意味で「母音が変化」)。

C₁V₁C₂V₁-CV₂C₂V₂ → V₁-V₂パターン
(gAtA-gOtO ガタゴト → A-Oパターン)

C₁V₁C₂V₃-C₁V₂C₂V₃ → V₁-V₂パターン
(bIsi-bAsi ビシバシ → I-Aパターン)",ちゃんと考えたい人のために、想定をもう少し厳密に言っておくと、以下の二種類です。cは子音、vは母音です。c1 = c2やv1 = v3、v2 = v3の場合は含みますが、v1 = v2は禁止です この意味で「母音が変化」 。 c1v1c2v1 cv2c2v2 → v1 v2パターン gata goto ガタゴト → a oパターン c1v1c2v3 c1v2c2v3 → v1 v2パターン bisi basi ビシバシ → i aパターン,c v c1 c2 v1 v3 v2 v3 v1 v2 c1v1c2v1 cv2c2v2 v1 v2 gata goto a o c1v1c2v3 c1v2c2v3 v1 v2 bisi basi i a,c1v2c2v3 v1 v2 bisi,c1v2c2v3 v1 v2 bisi,c1v2c2v3 v1 v2 bisi,c1v2c2v3 v1 v2 bisi,ngram_4,4,19,18,False,True,False,19
at://did:plc:23tkyewe22zp6emzme4hnvuj/app.bsky.feed.post/3mijsssib622w,2026-04-02T18:16:04.048Z,"ちゃんと考えたい人のために、想定をもう少し厳密に言っておくと、以下の二種類です。Cは子音、Vは母音です。C₁ = C₂やV₁ = V₃、V₂ = V₃の場合は含みますが、V₁ = V₂は禁止です(この意味で「母音が変化」)。

C₁V₁C₂V₁-CV₂C₂V₂ → V₁-V₂パターン
(gAtA-gOtO ガタゴト → A-Oパターン)

C₁V₁C₂V₃-C₁V₂C₂V₃ → V₁-V₂パターン
(bIsi-bAsi ビシバシ → I-Aパターン)",ちゃんと考えたい人のために、想定をもう少し厳密に言っておくと、以下の二種類です。cは子音、vは母音です。c1 = c2やv1 = v3、v2 = v3の場合は含みますが、v1 = v2は禁止です この意味で「母音が変化」 。 c1v1c2v1 cv2c2v2 → v1 v2パターン gata goto ガタゴト → a oパターン c1v1c2v3 c1v2c2v3 → v1 v2パターン bisi basi ビシバシ → i aパターン,c v c1 c2 v1 v3 v2 v3 v1 v2 c1v1c2v1 cv2c2v2 v1 v2 gata goto a o c1v1c2v3 c1v2c2v3 v1 v2 bisi basi i a,v1 v2 bisi basi,v1 v2 bisi basi,v1 v2 bisi basi,v1 v2 bisi basi,ngram_4,4,15,19,False,True,False,20
at://did:plc:23tkyewe22zp6emzme4hnvuj/app.bsky.feed.post/3mijsssib622w,2026-04-02T18:16:04.048Z,"ちゃんと考えたい人のために、想定をもう少し厳密に言っておくと、以下の二種類です。Cは子音、Vは母音です。C₁ = C₂やV₁ = V₃、V₂ = V₃の場合は含みますが、V₁ = V₂は禁止です(この意味で「母音が変化」)。

C₁V₁C₂V₁-CV₂C₂V₂ → V₁-V₂パターン
(gAtA-gOtO ガタゴト → A-Oパターン)

C₁V₁C₂V₃-C₁V₂C₂V₃ → V₁-V₂パターン
(bIsi-bAsi ビシバシ → I-Aパターン)",ちゃんと考えたい人のために、想定をもう少し厳密に言っておくと、以下の二種類です。cは子音、vは母音です。c1 = c2やv1 = v3、v2 = v3の場合は含みますが、v1 = v2は禁止です この意味で「母音が変化」 。 c1v1c2v1 cv2c2v2 → v1 v2パターン gata goto ガタゴト → a oパターン c1v1c2v3 c1v2c2v3 → v1 v2パターン bisi basi ビシバシ → i aパターン,c v c1 c2 v1 v3 v2 v3 v1 v2 c1v1c2v1 cv2c2v2 v1 v2 gata goto a o c1v1c2v3 c1v2c2v3 v1 v2 bisi basi i a,c v c1,c v c1,c v c1,c v c1,ngram_3,3,6,20,False,True,False,0
at://did:plc:23uckdtolkpkeawkqqv4gesn/app.bsky.feed.post/3mijsp2wakc2a,2026-04-02T18:13:58.678Z,So good!🔥🔥,so good 🔥🔥,so good,so good,so good,so good,so good,ngram_2,2,7,1,False,False,False,0
at://did:plc:23ydh54m3lugsc2pt6yfls6w/app.bsky.feed.post/3mijsy7ucbk2s,2026-04-02T18:19:05.847Z,"Omg omg, how CUUUUUTE is that cockroach?? Look at it and how excitedly it's greeting everyone oh my god 😍 #GanbareNakamuraKun",omg omg how cuuuuute is that cockroach look at it and how excitedly it's greeting everyone oh my god 😍 #ganbarenakamurakun,omg omg how cuuuuute is that cockroach look at it and how excitedly it s greeting everyone oh my god ganbarenakamurakun,#ganbarenakamurakun,#ganbarenakamurakun,ganbarenakamurakun,ganbarenakamurakun,hashtag,1,19,1,True,False,False,103
at://did:plc:23ydh54m3lugsc2pt6yfls6w/app.bsky.feed.post/3mijsy7ucbk2s,2026-04-02T18:19:05.847Z,"Omg omg, how CUUUUUTE is that cockroach?? Look at it and how excitedly it's greeting everyone oh my god 😍 #GanbareNakamuraKun",omg omg how cuuuuute is that cockroach look at it and how excitedly it's greeting everyone oh my god 😍 #ganbarenakamurakun,omg omg how cuuuuute is that cockroach look at it and how excitedly it s greeting everyone oh my god ganbarenakamurakun,omg omg how cuuuuute,omg omg how cuuuuute,omg omg how cuuuuute,omg omg how cuuuuute,ngram_4,4,20,2,False,False,False,0
at://did:plc:23ydh54m3lugsc2pt6yfls6w/app.bsky.feed.post/3mijsy7ucbk2s,2026-04-02T18:19:05.847Z,"Omg omg, how CUUUUUTE is that cockroach?? Look at it and how excitedly it's greeting everyone oh my god 😍 #GanbareNakamuraKun",omg omg how cuuuuute is that cockroach look at it and how excitedly it's greeting everyone oh my god 😍 #ganbarenakamurakun,omg omg how cuuuuute is that cockroach look at it and how excitedly it s greeting everyone oh my god ganbarenakamurakun,cuuuuute is that cockroach,cuuuuute is that cockroach,cuuuuute is that cockroach,cuuuuute is that cockroach,ngram_4,4,26,3,False,False,False,3
at://did:plc:23ydh54m3lugsc2pt6yfls6w/app.bsky.feed.post/3mijsy7ucbk2s,2026-04-02T18:19:05.847Z,"Omg omg, how CUUUUUTE is that cockroach?? Look at it and how excitedly it's greeting everyone oh my god 😍 #GanbareNakamuraKun",omg omg how cuuuuute is that cockroach look at it and how excitedly it's greeting everyone oh my god 😍 #ganbarenakamurakun,omg omg how cuuuuute is that cockroach look at it and how excitedly it s greeting everyone oh my god ganbarenakamurakun,how excitedly it s,how excitedly it s,how excitedly it s,how excitedly it s,ngram_4,4,18,4,False,False,False,11
at://did:plc:23ydh54m3lugsc2pt6yfls6w/app.bsky.feed.post/3mijsy7ucbk2s,2026-04-02T18:19:05.847Z,"Omg omg, how CUUUUUTE is that cockroach?? Look at it and how excitedly it's greeting everyone oh my god 😍 #GanbareNakamuraKun",omg omg how cuuuuute is that cockroach look at it and how excitedly it's greeting everyone oh my god 😍 #ganbarenakamurakun,omg omg how cuuuuute is that cockroach look at it and how excitedly it s greeting everyone oh my god ganbarenakamurakun,excitedly it s greeting,excitedly it s greeting,excitedly it s greeting,excitedly it s greeting,ngram_4,4,23,5,False,False,False,12
at://did:plc:23ydh54m3lugsc2pt6yfls6w/app.bsky.feed.post/3mijsy7ucbk2s,2026-04-02T18:19:05.847Z,"Omg omg, how CUUUUUTE is that cockroach?? Look at it and how excitedly it's greeting everyone oh my god 😍 #GanbareNakamuraKun",omg omg how cuuuuute is that cockroach look at it and how excitedly it's greeting everyone oh my god 😍 #ganbarenakamurakun,omg omg how cuuuuute is that cockroach look at it and how excitedly it s greeting everyone oh my god ganbarenakamurakun,s greeting everyone oh,s greeting everyone oh,s greeting everyone oh,s greeting everyone oh,ngram_4,4,22,6,False,False,False,14
at://did:plc:23ydh54m3lugsc2pt6yfls6w/app.bsky.feed.post/3mijsy7ucbk2s,2026-04-02T18:19:05.847Z,"Omg omg, how CUUUUUTE is that cockroach?? Look at it and how excitedly it's greeting everyone oh my god 😍 #GanbareNakamuraKun",omg omg how cuuuuute is that cockroach look at it and how excitedly it's greeting everyone oh my god 😍 #ganbarenakamurakun,omg omg how cuuuuute is that cockroach look at it and how excitedly it s greeting everyone oh my god ganbarenakamurakun,everyone oh my god,everyone oh my god,everyone oh my god,everyone oh my god,ngram_4,4,18,7,False,False,False,16
at://did:plc:23ydh54m3lugsc2pt6yfls6w/app.bsky.feed.post/3mijsy7ucbk2s,2026-04-02T18:19:05.847Z,"Omg omg, how CUUUUUTE is that cockroach?? Look at it and how excitedly it's greeting everyone oh my god 😍 #GanbareNakamuraKun",omg omg how cuuuuute is that cockroach look at it and how excitedly it's greeting everyone oh my god 😍 #ganbarenakamurakun,omg omg how cuuuuute is that cockroach look at it and how excitedly it s greeting everyone oh my god ganbarenakamurakun,oh my god ganbarenakamurakun,oh my god ganbarenakamurakun,oh my god ganbarenakamurakun,oh my god ganbarenakamurakun,ngram_4,4,28,8,False,False,False,17
at://did:plc:23ydh54m3lugsc2pt6yfls6w/app.bsky.feed.post/3mijsy7ucbk2s,2026-04-02T18:19:05.847Z,"Omg omg, how CUUUUUTE is that cockroach?? Look at it and how excitedly it's greeting everyone oh my god 😍 #GanbareNakamuraKun",omg omg how cuuuuute is that cockroach look at it and how excitedly it's greeting everyone oh my god 😍 #ganbarenakamurakun,omg omg how cuuuuute is that cockroach look at it and how excitedly it s greeting everyone oh my god ganbarenakamurakun,omg omg how,omg omg how,omg omg how,omg omg how,ngram_3,3,11,9,False,False,False,0
at://did:plc:23ydh54m3lugsc2pt6yfls6w/app.bsky.feed.post/3mijsy7ucbk2s,2026-04-02T18:19:05.847Z,"Omg omg, how CUUUUUTE is that cockroach?? Look at it and how excitedly it's greeting everyone oh my god 😍 #GanbareNakamuraKun",omg omg how cuuuuute is that cockroach look at it and how excitedly it's greeting everyone oh my god 😍 #ganbarenakamurakun,omg omg how cuuuuute is that cockroach look at it and how excitedly it s greeting everyone oh my god ganbarenakamurakun,omg how cuuuuute,omg how cuuuuute,omg how cuuuuute,omg how cuuuuute,ngram_3,3,16,10,False,False,False,1
at://did:plc:23ydh54m3lugsc2pt6yfls6w/app.bsky.feed.post/3mijsy7ucbk2s,2026-04-02T18:19:05.847Z,"Omg omg, how CUUUUUTE is that cockroach?? Look at it and how excitedly it's greeting everyone oh my god 😍 #GanbareNakamuraKun",omg omg how cuuuuute is that cockroach look at it and how excitedly it's greeting everyone oh my god 😍 #ganbarenakamurakun,omg omg how cuuuuute is that cockroach look at it and how excitedly it s greeting everyone oh my god ganbarenakamurakun,excitedly it s,excitedly it s,excitedly it s,excitedly it s,ngram_3,3,14,11,False,False,False,12
at://did:plc:23ydh54m3lugsc2pt6yfls6w/app.bsky.feed.post/3mijsy7ucbk2s,2026-04-02T18:19:05.847Z,"Omg omg, how CUUUUUTE is that cockroach?? Look at it and how excitedly it's greeting everyone oh my god 😍 #GanbareNakamuraKun",omg omg how cuuuuute is that cockroach look at it and how excitedly it's greeting everyone oh my god 😍 #ganbarenakamurakun,omg omg how cuuuuute is that cockroach look at it and how excitedly it s greeting everyone oh my god ganbarenakamurakun,s greeting everyone,s greeting everyone,s greeting everyone,s greeting everyone,ngram_3,3,19,12,False,False,False,14
at://did:plc:23ydh54m3lugsc2pt6yfls6w/app.bsky.feed.post/3mijsy7ucbk2s,2026-04-02T18:19:05.847Z,"Omg omg, how CUUUUUTE is that cockroach?? Look at it and how excitedly it's greeting everyone oh my god 😍 #GanbareNakamuraKun",omg omg how cuuuuute is that cockroach look at it and how excitedly it's greeting everyone oh my god 😍 #ganbarenakamurakun,omg omg how cuuuuute is that cockroach look at it and how excitedly it s greeting everyone oh my god ganbarenakamurakun,greeting everyone oh,greeting everyone oh,greeting everyone oh,greeting everyone oh,ngram_3,3,20,13,False,False,False,15
at://did:plc:23ydh54m3lugsc2pt6yfls6w/app.bsky.feed.post/3mijsy7ucbk2s,2026-04-02T18:19:05.847Z,"Omg omg, how CUUUUUTE is that cockroach?? Look at it and how excitedly it's greeting everyone oh my god 😍 #GanbareNakamuraKun",omg omg how cuuuuute is that cockroach look at it and how excitedly it's greeting everyone oh my god 😍 #ganbarenakamurakun,omg omg how cuuuuute is that cockroach look at it and how excitedly it s greeting everyone oh my god ganbarenakamurakun,oh my god,oh my god,oh my god,oh my god,ngram_3,3,9,14,False,False,False,17
at://did:plc:23ydh54m3lugsc2pt6yfls6w/app.bsky.feed.post/3mijsy7ucbk2s,2026-04-02T18:19:05.847Z,"Omg omg, how CUUUUUTE is that cockroach?? Look at it and how excitedly it's greeting everyone oh my god 😍 #GanbareNakamuraKun",omg omg how cuuuuute is that cockroach look at it and how excitedly it's greeting everyone oh my god 😍 #ganbarenakamurakun,omg omg how cuuuuute is that cockroach look at it and how excitedly it s greeting everyone oh my god ganbarenakamurakun,omg omg,omg omg,omg omg,omg omg,ngram_2,2,7,15,False,False,False,0
at://did:plc:23ydh54m3lugsc2pt6yfls6w/app.bsky.feed.post/3mijsy7ucbk2s,2026-04-02T18:19:05.847Z,"Omg omg, how CUUUUUTE is that cockroach?? Look at it and how excitedly it's greeting everyone oh my god 😍 #GanbareNakamuraKun",omg omg how cuuuuute is that cockroach look at it and how excitedly it's greeting everyone oh my god 😍 #ganbarenakamurakun,omg omg how cuuuuute is that cockroach look at it and how excitedly it s greeting everyone oh my god ganbarenakamurakun,omg how,omg how,omg how,omg how,ngram_2,2,7,16,False,False,False,1
at://did:plc:23ydh54m3lugsc2pt6yfls6w/app.bsky.feed.post/3mijsy7ucbk2s,2026-04-02T18:19:05.847Z,"Omg omg, how CUUUUUTE is that cockroach?? Look at it and how excitedly it's greeting everyone oh my god 😍 #GanbareNakamuraKun",omg omg how cuuuuute is that cockroach look at it and how excitedly it's greeting everyone oh my god 😍 #ganbarenakamurakun,omg omg how cuuuuute is that cockroach look at it and how excitedly it s greeting everyone oh my god ganbarenakamurakun,how cuuuuute,how cuuuuute,how cuuuuute,how cuuuuute,ngram_2,2,12,17,False,False,False,2
at://did:plc:23ydh54m3lugsc2pt6yfls6w/app.bsky.feed.post/3mijsy7ucbk2s,2026-04-02T18:19:05.847Z,"Omg omg, how CUUUUUTE is that cockroach?? Look at it and how excitedly it's greeting everyone oh my god 😍 #GanbareNakamuraKun",omg omg how cuuuuute is that cockroach look at it and how excitedly it's greeting everyone oh my god 😍 #ganbarenakamurakun,omg omg how cuuuuute is that cockroach look at it and how excitedly it s greeting everyone oh my god ganbarenakamurakun,cockroach look,cockroach look,cockroach look,cockroach look,ngram_2,2,14,18,False,False,False,6
at://did:plc:23ydh54m3lugsc2pt6yfls6w/app.bsky.feed.post/3mijsy7ucbk2s,2026-04-02T18:19:05.847Z,"Omg omg, how CUUUUUTE is that cockroach?? Look at it and how excitedly it's greeting everyone oh my god 😍 #GanbareNakamuraKun",omg omg how cuuuuute is that cockroach look at it and how excitedly it's greeting everyone oh my god 😍 #ganbarenakamurakun,omg omg how cuuuuute is that cockroach look at it and how excitedly it s greeting everyone oh my god ganbarenakamurakun,how excitedly,how excitedly,how excitedly,how excitedly,ngram_2,2,13,19,False,False,False,11
at://did:plc:23ydh54m3lugsc2pt6yfls6w/app.bsky.feed.post/3mijsy7ucbk2s,2026-04-02T18:19:05.847Z,"Omg omg, how CUUUUUTE is that cockroach?? Look at it and how excitedly it's greeting everyone oh my god 😍 #GanbareNakamuraKun",omg omg how cuuuuute is that cockroach look at it and how excitedly it's greeting everyone oh my god 😍 #ganbarenakamurakun,omg omg how cuuuuute is that cockroach look at it and how excitedly it s greeting everyone oh my god ganbarenakamurakun,s greeting,s greeting,s greeting,s greeting,ngram_2,2,10,20,False,False,False,14
at://did:plc:243hhsjubdwjwgbu6qdhh3r3/app.bsky.feed.post/3mijssrb4gd2r,2026-04-02T18:16:02.497158+00:00,"Caprice Cafe - 夢だけ見てたい
#NowPlaying
#足立区民放送
#五反野FM
https://gotanno.love/",caprice cafe 夢だけ見てたい #nowplaying #足立区民放送 #五反野fm https gotanno love,caprice cafe nowplaying fm https gotanno love,#nowplaying,#nowplaying,nowplaying,nowplaying,hashtag,1,11,1,True,False,False,21
at://did:plc:243hhsjubdwjwgbu6qdhh3r3/app.bsky.feed.post/3mijssrb4gd2r,2026-04-02T18:16:02.497158+00:00,"Caprice Cafe - 夢だけ見てたい
#NowPlaying
#足立区民放送
#五反野FM
https://gotanno.love/",caprice cafe 夢だけ見てたい #nowplaying #足立区民放送 #五反野fm https gotanno love,caprice cafe nowplaying fm https gotanno love,caprice cafe nowplaying fm,caprice cafe nowplaying fm,caprice cafe nowplaying fm,caprice cafe nowplaying fm,ngram_4,4,26,2,False,False,False,0
at://did:plc:243hhsjubdwjwgbu6qdhh3r3/app.bsky.feed.post/3mijssrb4gd2r,2026-04-02T18:16:02.497158+00:00,"Caprice Cafe - 夢だけ見てたい
#NowPlaying
#足立区民放送
#五反野FM
https://gotanno.love/",caprice cafe 夢だけ見てたい #nowplaying #足立区民放送 #五反野fm https gotanno love,caprice cafe nowplaying fm https gotanno love,cafe nowplaying fm https,cafe nowplaying fm https,cafe nowplaying fm https,cafe nowplaying fm https,ngram_4,4,24,3,False,False,False,1
at://did:plc:243hhsjubdwjwgbu6qdhh3r3/app.bsky.feed.post/3mijssrb4gd2r,2026-04-02T18:16:02.497158+00:00,"Caprice Cafe - 夢だけ見てたい
#NowPlaying
#足立区民放送
#五反野FM
https://gotanno.love/",caprice cafe 夢だけ見てたい #nowplaying #足立区民放送 #五反野fm https gotanno love,caprice cafe nowplaying fm https gotanno love,nowplaying fm https gotanno,nowplaying fm https gotanno,nowplaying fm https gotanno,nowplaying fm https gotanno,ngram_4,4,27,4,False,False,False,2
at://did:plc:243hhsjubdwjwgbu6qdhh3r3/app.bsky.feed.post/3mijssrb4gd2r,2026-04-02T18:16:02.497158+00:00,"Caprice Cafe - 夢だけ見てたい
#NowPlaying
#足立区民放送
#五反野FM
https://gotanno.love/",caprice cafe 夢だけ見てたい #nowplaying #足立区民放送 #五反野fm https gotanno love,caprice cafe nowplaying fm https gotanno love,fm https gotanno love,fm https gotanno love,fm https gotanno love,fm https gotanno love,ngram_4,4,21,5,False,False,False,3
at://did:plc:243hhsjubdwjwgbu6qdhh3r3/app.bsky.feed.post/3mijssrb4gd2r,2026-04-02T18:16:02.497158+00:00,"Caprice Cafe - 夢だけ見てたい
#NowPlaying
#足立区民放送
#五反野FM
https://gotanno.love/",caprice cafe 夢だけ見てたい #nowplaying #足立区民放送 #五反野fm https gotanno love,caprice cafe nowplaying fm https gotanno love,caprice cafe nowplaying,caprice cafe nowplaying,caprice cafe nowplaying,caprice cafe nowplaying,ngram_3,3,23,6,False,False,False,0
at://did:plc:243hhsjubdwjwgbu6qdhh3r3/app.bsky.feed.post/3mijssrb4gd2r,2026-04-02T18:16:02.497158+00:00,"Caprice Cafe - 夢だけ見てたい
#NowPlaying
#足立区民放送
#五反野FM
https://gotanno.love/",caprice cafe 夢だけ見てたい #nowplaying #足立区民放送 #五反野fm https gotanno love,caprice cafe nowplaying fm https gotanno love,cafe nowplaying fm,cafe nowplaying fm,cafe nowplaying fm,cafe nowplaying fm,ngram_3,3,18,7,False,False,False,1
at://did:plc:243hhsjubdwjwgbu6qdhh3r3/app.bsky.feed.post/3mijssrb4gd2r,2026-04-02T18:16:02.497158+00:00,"Caprice Cafe - 夢だけ見てたい
#NowPlaying
#足立区民放送
#五反野FM
https://gotanno.love/",caprice cafe 夢だけ見てたい #nowplaying #足立区民放送 #五反野fm https gotanno love,caprice cafe nowplaying fm https gotanno love,nowplaying fm https,nowplaying fm https,nowplaying fm https,nowplaying fm https,ngram_3,3,19,8,False,False,False,2
at://did:plc:243hhsjubdwjwgbu6qdhh3r3/app.bsky.feed.post/3mijssrb4gd2r,2026-04-02T18:16:02.497158+00:00,"Caprice Cafe - 夢だけ見てたい
#NowPlaying
#足立区民放送
#五反野FM
https://gotanno.love/",caprice cafe 夢だけ見てたい #nowplaying #足立区民放送 #五反野fm https gotanno love,caprice cafe nowplaying fm https gotanno love,fm https gotanno,fm https gotanno,fm https gotanno,fm https gotanno,ngram_3,3,16,9,False,False,False,3
at://did:plc:243hhsjubdwjwgbu6qdhh3r3/app.bsky.feed.post/3mijssrb4gd2r,2026-04-02T18:16:02.497158+00:00,"Caprice Cafe - 夢だけ見てたい
#NowPlaying
#足立区民放送
#五反野FM
https://gotanno.love/",caprice cafe 夢だけ見てたい #nowplaying #足立区民放送 #五反野fm https gotanno love,caprice cafe nowplaying fm https gotanno love,https gotanno love,https gotanno love,https gotanno love,https gotanno love,ngram_3,3,18,10,False,False,False,4
at://did:plc:243hhsjubdwjwgbu6qdhh3r3/app.bsky.feed.post/3mijssrb4gd2r,2026-04-02T18:16:02.497158+00:00,"Caprice Cafe - 夢だけ見てたい
#NowPlaying
#足立区民放送
#五反野FM
https://gotanno.love/",caprice cafe 夢だけ見てたい #nowplaying #足立区民放送 #五反野fm https gotanno love,caprice cafe nowplaying fm https gotanno love,caprice cafe,caprice cafe,caprice cafe,caprice cafe,ngram_2,2,12,11,False,False,False,0
at://did:plc:243hhsjubdwjwgbu6qdhh3r3/app.bsky.feed.post/3mijssrb4gd2r,2026-04-02T18:16:02.497158+00:00,"Caprice Cafe - 夢だけ見てたい
#NowPlaying
#足立区民放送
#五反野FM
https://gotanno.love/",caprice cafe 夢だけ見てたい #nowplaying #足立区民放送 #五反野fm https gotanno love,caprice cafe nowplaying fm https gotanno love,cafe nowplaying,cafe nowplaying,cafe nowplaying,cafe nowplaying,ngram_2,2,15,12,False,False,False,1
at://did:plc:243hhsjubdwjwgbu6qdhh3r3/app.bsky.feed.post/3mijssrb4gd2r,2026-04-02T18:16:02.497158+00:00,"Caprice Cafe - 夢だけ見てたい
#NowPlaying
#足立区民放送
#五反野FM
https://gotanno.love/",caprice cafe 夢だけ見てたい #nowplaying #足立区民放送 #五反野fm https gotanno love,caprice cafe nowplaying fm https gotanno love,nowplaying fm,nowplaying fm,nowplaying fm,nowplaying fm,ngram_2,2,13,13,False,False,False,2
at://did:plc:243hhsjubdwjwgbu6qdhh3r3/app.bsky.feed.post/3mijssrb4gd2r,2026-04-02T18:16:02.497158+00:00,"Caprice Cafe - 夢だけ見てたい
#NowPlaying
#足立区民放送
#五反野FM
https://gotanno.love/",caprice cafe 夢だけ見てたい #nowplaying #足立区民放送 #五反野fm https gotanno love,caprice cafe nowplaying fm https gotanno love,gotanno love,gotanno love,gotanno love,gotanno love,ngram_2,2,12,14,False,False,False,5
at://did:plc:244dhc5kw7asrhd7i4li7khx/app.bsky.feed.post/3mijsyh4a5k2l,2026-04-02T18:19:13.445Z,“Why does Chuck Schumer not simply press the big Imminentize button? I [parentheses]wonder[parentheses] why????” is one of those things that sounds like making up a guy but boy… by far less than it ought to,“why does chuck schumer not simply press the big imminentize button i parentheses wonder parentheses why ” is one of those things that sounds like making up a guy but boy by far less than it ought to,why does chuck schumer not simply press the big imminentize button i parentheses wonder parentheses why is one of those things that sounds like making up a guy but boy by far less than it ought to,chuck schumer not simply,chuck schumer not simply,chuck schumer not simply,chuck schumer not simply,ngram_4,4,24,1,False,False,False,2
at://did:plc:244dhc5kw7asrhd7i4li7khx/app.bsky.feed.post/3mijsyh4a5k2l,2026-04-02T18:19:13.445Z,“Why does Chuck Schumer not simply press the big Imminentize button? I [parentheses]wonder[parentheses] why????” is one of those things that sounds like making up a guy but boy… by far less than it ought to,“why does chuck schumer not simply press the big imminentize button i parentheses wonder parentheses why ” is one of those things that sounds like making up a guy but boy by far less than it ought to,why does chuck schumer not simply press the big imminentize button i parentheses wonder parentheses why is one of those things that sounds like making up a guy but boy by far less than it ought to,schumer not simply press,schumer not simply press,schumer not simply press,schumer not simply press,ngram_4,4,24,2,False,False,False,3
at://did:plc:244dhc5kw7asrhd7i4li7khx/app.bsky.feed.post/3mijsyh4a5k2l,2026-04-02T18:19:13.445Z,“Why does Chuck Schumer not simply press the big Imminentize button? I [parentheses]wonder[parentheses] why????” is one of those things that sounds like making up a guy but boy… by far less than it ought to,“why does chuck schumer not simply press the big imminentize button i parentheses wonder parentheses why ” is one of those things that sounds like making up a guy but boy by far less than it ought to,why does chuck schumer not simply press the big imminentize button i parentheses wonder parentheses why is one of those things that sounds like making up a guy but boy by far less than it ought to,simply press the big,simply press the big,simply press the big,simply press the big,ngram_4,4,20,3,False,False,False,5
at://did:plc:244dhc5kw7asrhd7i4li7khx/app.bsky.feed.post/3mijsyh4a5k2l,2026-04-02T18:19:13.445Z,“Why does Chuck Schumer not simply press the big Imminentize button? I [parentheses]wonder[parentheses] why????” is one of those things that sounds like making up a guy but boy… by far less than it ought to,“why does chuck schumer not simply press the big imminentize button i parentheses wonder parentheses why ” is one of those things that sounds like making up a guy but boy by far less than it ought to,why does chuck schumer not simply press the big imminentize button i parentheses wonder parentheses why is one of those things that sounds like making up a guy but boy by far less than it ought to,press the big imminentize,press the big imminentize,press the big imminentize,press the big imminentize,ngram_4,4,25,4,False,False,False,6
at://did:plc:244dhc5kw7asrhd7i4li7khx/app.bsky.feed.post/3mijsyh4a5k2l,2026-04-02T18:19:13.445Z,“Why does Chuck Schumer not simply press the big Imminentize button? I [parentheses]wonder[parentheses] why????” is one of those things that sounds like making up a guy but boy… by far less than it ought to,“why does chuck schumer not simply press the big imminentize button i parentheses wonder parentheses why ” is one of those things that sounds like making up a guy but boy by far less than it ought to,why does chuck schumer not simply press the big imminentize button i parentheses wonder parentheses why is one of those things that sounds like making up a guy but boy by far less than it ought to,imminentize button i parentheses,imminentize button i parentheses,imminentize button i parentheses,imminentize button i parentheses,ngram_4,4,32,5,False,False,False,9
at://did:plc:244dhc5kw7asrhd7i4li7khx/app.bsky.feed.post/3mijsyh4a5k2l,2026-04-02T18:19:13.445Z,“Why does Chuck Schumer not simply press the big Imminentize button? I [parentheses]wonder[parentheses] why????” is one of those things that sounds like making up a guy but boy… by far less than it ought to,“why does chuck schumer not simply press the big imminentize button i parentheses wonder parentheses why ” is one of those things that sounds like making up a guy but boy by far less than it ought to,why does chuck schumer not simply press the big imminentize button i parentheses wonder parentheses why is one of those things that sounds like making up a guy but boy by far less than it ought to,button i parentheses wonder,button i parentheses wonder,button i parentheses wonder,button i parentheses wonder,ngram_4,4,27,6,False,False,False,10
at://did:plc:244dhc5kw7asrhd7i4li7khx/app.bsky.feed.post/3mijsyh4a5k2l,2026-04-02T18:19:13.445Z,“Why does Chuck Schumer not simply press the big Imminentize button? I [parentheses]wonder[parentheses] why????” is one of those things that sounds like making up a guy but boy… by far less than it ought to,“why does chuck schumer not simply press the big imminentize button i parentheses wonder parentheses why ” is one of those things that sounds like making up a guy but boy by far less than it ought to,why does chuck schumer not simply press the big imminentize button i parentheses wonder parentheses why is one of those things that sounds like making up a guy but boy by far less than it ought to,parentheses why is one,parentheses why is one,parentheses why is one,parentheses why is one,ngram_4,4,22,7,False,False,False,14
at://did:plc:244dhc5kw7asrhd7i4li7khx/app.bsky.feed.post/3mijsyh4a5k2l,2026-04-02T18:19:13.445Z,“Why does Chuck Schumer not simply press the big Imminentize button? I [parentheses]wonder[parentheses] why????” is one of those things that sounds like making up a guy but boy… by far less than it ought to,“why does chuck schumer not simply press the big imminentize button i parentheses wonder parentheses why ” is one of those things that sounds like making up a guy but boy by far less than it ought to,why does chuck schumer not simply press the big imminentize button i parentheses wonder parentheses why is one of those things that sounds like making up a guy but boy by far less than it ought to,one of those things,one of those things,one of those things,one of those things,ngram_4,4,19,8,False,False,False,17
at://did:plc:244dhc5kw7asrhd7i4li7khx/app.bsky.feed.post/3mijsyh4a5k2l,2026-04-02T18:19:13.445Z,“Why does Chuck Schumer not simply press the big Imminentize button? I [parentheses]wonder[parentheses] why????” is one of those things that sounds like making up a guy but boy… by far less than it ought to,“why does chuck schumer not simply press the big imminentize button i parentheses wonder parentheses why ” is one of those things that sounds like making up a guy but boy by far less than it ought to,why does chuck schumer not simply press the big imminentize button i parentheses wonder parentheses why is one of those things that sounds like making up a guy but boy by far less than it ought to,those things that sounds,those things that sounds,those things that sounds,those things that sounds,ngram_4,4,24,9,False,False,False,19
at://did:plc:244dhc5kw7asrhd7i4li7khx/app.bsky.feed.post/3mijsyh4a5k2l,2026-04-02T18:19:13.445Z,“Why does Chuck Schumer not simply press the big Imminentize button? I [parentheses]wonder[parentheses] why????” is one of those things that sounds like making up a guy but boy… by far less than it ought to,“why does chuck schumer not simply press the big imminentize button i parentheses wonder parentheses why ” is one of those things that sounds like making up a guy but boy by far less than it ought to,why does chuck schumer not simply press the big imminentize button i parentheses wonder parentheses why is one of those things that sounds like making up a guy but boy by far less than it ought to,things that sounds like,things that sounds like,things that sounds like,things that sounds like,ngram_4,4,23,10,False,False,False,20
at://did:plc:244dhc5kw7asrhd7i4li7khx/app.bsky.feed.post/3mijsyh4a5k2l,2026-04-02T18:19:13.445Z,“Why does Chuck Schumer not simply press the big Imminentize button? I [parentheses]wonder[parentheses] why????” is one of those things that sounds like making up a guy but boy… by far less than it ought to,“why does chuck schumer not simply press the big imminentize button i parentheses wonder parentheses why ” is one of those things that sounds like making up a guy but boy by far less than it ought to,why does chuck schumer not simply press the big imminentize button i parentheses wonder parentheses why is one of those things that sounds like making up a guy but boy by far less than it ought to,sounds like making up,sounds like making up,sounds like making up,sounds like making up,ngram_4,4,21,11,False,False,False,22
at://did:plc:244dhc5kw7asrhd7i4li7khx/app.bsky.feed.post/3mijsyh4a5k2l,2026-04-02T18:19:13.445Z,“Why does Chuck Schumer not simply press the big Imminentize button? I [parentheses]wonder[parentheses] why????” is one of those things that sounds like making up a guy but boy… by far less than it ought to,“why does chuck schumer not simply press the big imminentize button i parentheses wonder parentheses why ” is one of those things that sounds like making up a guy but boy by far less than it ought to,why does chuck schumer not simply press the big imminentize button i parentheses wonder parentheses why is one of those things that sounds like making up a guy but boy by far less than it ought to,making up a guy,making up a guy,making up a guy,making up a guy,ngram_4,4,15,12,False,False,False,24
at://did:plc:244dhc5kw7asrhd7i4li7khx/app.bsky.feed.post/3mijsyh4a5k2l,2026-04-02T18:19:13.445Z,“Why does Chuck Schumer not simply press the big Imminentize button? I [parentheses]wonder[parentheses] why????” is one of those things that sounds like making up a guy but boy… by far less than it ought to,“why does chuck schumer not simply press the big imminentize button i parentheses wonder parentheses why ” is one of those things that sounds like making up a guy but boy by far less than it ought to,why does chuck schumer not simply press the big imminentize button i parentheses wonder parentheses why is one of those things that sounds like making up a guy but boy by far less than it ought to,boy by far less,boy by far less,boy by far less,boy by far less,ngram_4,4,15,13,False,False,False,29
at://did:plc:244dhc5kw7asrhd7i4li7khx/app.bsky.feed.post/3mijsyh4a5k2l,2026-04-02T18:19:13.445Z,“Why does Chuck Schumer not simply press the big Imminentize button? I [parentheses]wonder[parentheses] why????” is one of those things that sounds like making up a guy but boy… by far less than it ought to,“why does chuck schumer not simply press the big imminentize button i parentheses wonder parentheses why ” is one of those things that sounds like making up a guy but boy by far less than it ought to,why does chuck schumer not simply press the big imminentize button i parentheses wonder parentheses why is one of those things that sounds like making up a guy but boy by far less than it ought to,less than it ought,less than it ought,less than it ought,less than it ought,ngram_4,4,18,14,False,False,False,32
at://did:plc:244dhc5kw7asrhd7i4li7khx/app.bsky.feed.post/3mijsyh4a5k2l,2026-04-02T18:19:13.445Z,“Why does Chuck Schumer not simply press the big Imminentize button? I [parentheses]wonder[parentheses] why????” is one of those things that sounds like making up a guy but boy… by far less than it ought to,“why does chuck schumer not simply press the big imminentize button i parentheses wonder parentheses why ” is one of those things that sounds like making up a guy but boy by far less than it ought to,why does chuck schumer not simply press the big imminentize button i parentheses wonder parentheses why is one of those things that sounds like making up a guy but boy by far less than it ought to,does chuck schumer,does chuck schumer,does chuck schumer,does chuck schumer,ngram_3,3,18,15,False,False,False,1
at://did:plc:244dhc5kw7asrhd7i4li7khx/app.bsky.feed.post/3mijsyh4a5k2l,2026-04-02T18:19:13.445Z,“Why does Chuck Schumer not simply press the big Imminentize button? I [parentheses]wonder[parentheses] why????” is one of those things that sounds like making up a guy but boy… by far less than it ought to,“why does chuck schumer not simply press the big imminentize button i parentheses wonder parentheses why ” is one of those things that sounds like making up a guy but boy by far less than it ought to,why does chuck schumer not simply press the big imminentize button i parentheses wonder parentheses why is one of those things that sounds like making up a guy but boy by far less than it ought to,schumer not simply,schumer not simply,schumer not simply,schumer not simply,ngram_3,3,18,16,False,False,False,3
at://did:plc:244dhc5kw7asrhd7i4li7khx/app.bsky.feed.post/3mijsyh4a5k2l,2026-04-02T18:19:13.445Z,“Why does Chuck Schumer not simply press the big Imminentize button? I [parentheses]wonder[parentheses] why????” is one of those things that sounds like making up a guy but boy… by far less than it ought to,“why does chuck schumer not simply press the big imminentize button i parentheses wonder parentheses why ” is one of those things that sounds like making up a guy but boy by far less than it ought to,why does chuck schumer not simply press the big imminentize button i parentheses wonder parentheses why is one of those things that sounds like making up a guy but boy by far less than it ought to,press the big,press the big,press the big,press the big,ngram_3,3,13,17,False,False,False,6
at://did:plc:244dhc5kw7asrhd7i4li7khx/app.bsky.feed.post/3mijsyh4a5k2l,2026-04-02T18:19:13.445Z,“Why does Chuck Schumer not simply press the big Imminentize button? I [parentheses]wonder[parentheses] why????” is one of those things that sounds like making up a guy but boy… by far less than it ought to,“why does chuck schumer not simply press the big imminentize button i parentheses wonder parentheses why ” is one of those things that sounds like making up a guy but boy by far less than it ought to,why does chuck schumer not simply press the big imminentize button i parentheses wonder parentheses why is one of those things that sounds like making up a guy but boy by far less than it ought to,big imminentize button,big imminentize button,big imminentize button,big imminentize button,ngram_3,3,22,18,False,False,False,8
at://did:plc:244dhc5kw7asrhd7i4li7khx/app.bsky.feed.post/3mijsyh4a5k2l,2026-04-02T18:19:13.445Z,“Why does Chuck Schumer not simply press the big Imminentize button? I [parentheses]wonder[parentheses] why????” is one of those things that sounds like making up a guy but boy… by far less than it ought to,“why does chuck schumer not simply press the big imminentize button i parentheses wonder parentheses why ” is one of those things that sounds like making up a guy but boy by far less than it ought to,why does chuck schumer not simply press the big imminentize button i parentheses wonder parentheses why is one of those things that sounds like making up a guy but boy by far less than it ought to,button i parentheses,button i parentheses,button i parentheses,button i parentheses,ngram_3,3,20,19,False,False,False,10
at://did:plc:244dhc5kw7asrhd7i4li7khx/app.bsky.feed.post/3mijsyh4a5k2l,2026-04-02T18:19:13.445Z,“Why does Chuck Schumer not simply press the big Imminentize button? I [parentheses]wonder[parentheses] why????” is one of those things that sounds like making up a guy but boy… by far less than it ought to,“why does chuck schumer not simply press the big imminentize button i parentheses wonder parentheses why ” is one of those things that sounds like making up a guy but boy by far less than it ought to,why does chuck schumer not simply press the big imminentize button i parentheses wonder parentheses why is one of those things that sounds like making up a guy but boy by far less than it ought to,parentheses wonder parentheses,parentheses wonder parentheses,parentheses wonder parentheses,parentheses wonder parentheses,ngram_3,3,30,20,False,False,False,12
at://did:plc:245cxtpykvdjxdzkvffblf35/app.bsky.feed.post/3mijsxmm7gk2h,2026-04-02T18:18:45.655Z,follow me on ig ✨,follow me on ig ✨,follow me on ig,follow me on ig,follow me on ig,follow me on ig,follow me on ig,ngram_4,4,15,1,False,False,False,0
at://did:plc:24e6n6hmxhouhrgwnff7o5tv/app.bsky.feed.post/3mijspn3css2j,2026-04-02T18:14:17Z,"When you work in science, hearing myths can be frustrating. The one I would like to take off the table? “Automated EM is too much of an investment”.
",when you work in science hearing myths can be frustrating the one i would like to take off the table “automated em is too much of an investment”,when you work in science hearing myths can be frustrating the one i would like to take off the table automated em is too much of an investment,work in science hearing,work in science hearing,work in science hearing,work in science hearing,ngram_4,4,23,1,False,False,False,2
at://did:plc:24e6n6hmxhouhrgwnff7o5tv/app.bsky.feed.post/3mijspn3css2j,2026-04-02T18:14:17Z,"When you work in science, hearing myths can be frustrating. The one I would like to take off the table? “Automated EM is too much of an investment”.
",when you work in science hearing myths can be frustrating the one i would like to take off the table “automated em is too much of an investment”,when you work in science hearing myths can be frustrating the one i would like to take off the table automated em is too much of an investment,science hearing myths can,science hearing myths can,science hearing myths can,science hearing myths can,ngram_4,4,25,2,False,False,False,4
at://did:plc:24e6n6hmxhouhrgwnff7o5tv/app.bsky.feed.post/3mijspn3css2j,2026-04-02T18:14:17Z,"When you work in science, hearing myths can be frustrating. The one I would like to take off the table? “Automated EM is too much of an investment”.
",when you work in science hearing myths can be frustrating the one i would like to take off the table “automated em is too much of an investment”,when you work in science hearing myths can be frustrating the one i would like to take off the table automated em is too much of an investment,myths can be frustrating,myths can be frustrating,myths can be frustrating,myths can be frustrating,ngram_4,4,24,3,False,False,False,6
at://did:plc:24e6n6hmxhouhrgwnff7o5tv/app.bsky.feed.post/3mijspn3css2j,2026-04-02T18:14:17Z,"When you work in science, hearing myths can be frustrating. The one I would like to take off the table? “Automated EM is too much of an investment”.
",when you work in science hearing myths can be frustrating the one i would like to take off the table “automated em is too much of an investment”,when you work in science hearing myths can be frustrating the one i would like to take off the table automated em is too much of an investment,one i would like,one i would like,one i would like,one i would like,ngram_4,4,16,4,False,False,False,11
at://did:plc:24e6n6hmxhouhrgwnff7o5tv/app.bsky.feed.post/3mijspn3css2j,2026-04-02T18:14:17Z,"When you work in science, hearing myths can be frustrating. The one I would like to take off the table? “Automated EM is too much of an investment”.
",when you work in science hearing myths can be frustrating the one i would like to take off the table “automated em is too much of an investment”,when you work in science hearing myths can be frustrating the one i would like to take off the table automated em is too much of an investment,would like to take,would like to take,would like to take,would like to take,ngram_4,4,18,5,False,False,False,13
at://did:plc:24e6n6hmxhouhrgwnff7o5tv/app.bsky.feed.post/3mijspn3css2j,2026-04-02T18:14:17Z,"When you work in science, hearing myths can be frustrating. The one I would like to take off the table? “Automated EM is too much of an investment”.
",when you work in science hearing myths can be frustrating the one i would like to take off the table “automated em is too much of an investment”,when you work in science hearing myths can be frustrating the one i would like to take off the table automated em is too much of an investment,like to take off,like to take off,like to take off,like to take off,ngram_4,4,16,6,False,False,False,14
at://did:plc:24e6n6hmxhouhrgwnff7o5tv/app.bsky.feed.post/3mijspn3css2j,2026-04-02T18:14:17Z,"When you work in science, hearing myths can be frustrating. The one I would like to take off the table? “Automated EM is too much of an investment”.
",when you work in science hearing myths can be frustrating the one i would like to take off the table “automated em is too much of an investment”,when you work in science hearing myths can be frustrating the one i would like to take off the table automated em is too much of an investment,take off the table,take off the table,take off the table,take off the table,ngram_4,4,18,7,False,False,False,16
at://did:plc:24e6n6hmxhouhrgwnff7o5tv/app.bsky.feed.post/3mijspn3css2j,2026-04-02T18:14:17Z,"When you work in science, hearing myths can be frustrating. The one I would like to take off the table? “Automated EM is too much of an investment”.
",when you work in science hearing myths can be frustrating the one i would like to take off the table “automated em is too much of an investment”,when you work in science hearing myths can be frustrating the one i would like to take off the table automated em is too much of an investment,off the table automated,off the table automated,off the table automated,off the table automated,ngram_4,4,23,8,False,False,False,17
at://did:plc:24e6n6hmxhouhrgwnff7o5tv/app.bsky.feed.post/3mijspn3css2j,2026-04-02T18:14:17Z,"When you work in science, hearing myths can be frustrating. The one I would like to take off the table? “Automated EM is too much of an investment”.
",when you work in science hearing myths can be frustrating the one i would like to take off the table “automated em is too much of an investment”,when you work in science hearing myths can be frustrating the one i would like to take off the table automated em is too much of an investment,em is too much,em is too much,em is too much,em is too much,ngram_4,4,14,9,False,False,False,21
at://did:plc:24e6n6hmxhouhrgwnff7o5tv/app.bsky.feed.post/3mijspn3css2j,2026-04-02T18:14:17Z,"When you work in science, hearing myths can be frustrating. The one I would like to take off the table? “Automated EM is too much of an investment”.
",when you work in science hearing myths can be frustrating the one i would like to take off the table “automated em is too much of an investment”,when you work in science hearing myths can be frustrating the one i would like to take off the table automated em is too much of an investment,much of an investment,much of an investment,much of an investment,much of an investment,ngram_4,4,21,10,False,False,False,24
at://did:plc:24e6n6hmxhouhrgwnff7o5tv/app.bsky.feed.post/3mijspn3css2j,2026-04-02T18:14:17Z,"When you work in science, hearing myths can be frustrating. The one I would like to take off the table? “Automated EM is too much of an investment”.
",when you work in science hearing myths can be frustrating the one i would like to take off the table “automated em is too much of an investment”,when you work in science hearing myths can be frustrating the one i would like to take off the table automated em is too much of an investment,work in science,work in science,work in science,work in science,ngram_3,3,15,11,False,False,False,2
at://did:plc:24e6n6hmxhouhrgwnff7o5tv/app.bsky.feed.post/3mijspn3css2j,2026-04-02T18:14:17Z,"When you work in science, hearing myths can be frustrating. The one I would like to take off the table? “Automated EM is too much of an investment”.
",when you work in science hearing myths can be frustrating the one i would like to take off the table “automated em is too much of an investment”,when you work in science hearing myths can be frustrating the one i would like to take off the table automated em is too much of an investment,science hearing myths,science hearing myths,science hearing myths,science hearing myths,ngram_3,3,21,12,False,False,False,4
at://did:plc:24e6n6hmxhouhrgwnff7o5tv/app.bsky.feed.post/3mijspn3css2j,2026-04-02T18:14:17Z,"When you work in science, hearing myths can be frustrating. The one I would like to take off the table? “Automated EM is too much of an investment”.
",when you work in science hearing myths can be frustrating the one i would like to take off the table “automated em is too much of an investment”,when you work in science hearing myths can be frustrating the one i would like to take off the table automated em is too much of an investment,hearing myths can,hearing myths can,hearing myths can,hearing myths can,ngram_3,3,17,13,False,False,False,5
at://did:plc:24e6n6hmxhouhrgwnff7o5tv/app.bsky.feed.post/3mijspn3css2j,2026-04-02T18:14:17Z,"When you work in science, hearing myths can be frustrating. The one I would like to take off the table? “Automated EM is too much of an investment”.
",when you work in science hearing myths can be frustrating the one i would like to take off the table “automated em is too much of an investment”,when you work in science hearing myths can be frustrating the one i would like to take off the table automated em is too much of an investment,can be frustrating,can be frustrating,can be frustrating,can be frustrating,ngram_3,3,18,14,False,False,False,7
at://did:plc:24e6n6hmxhouhrgwnff7o5tv/app.bsky.feed.post/3mijspn3css2j,2026-04-02T18:14:17Z,"When you work in science, hearing myths can be frustrating. The one I would like to take off the table? “Automated EM is too much of an investment”.
",when you work in science hearing myths can be frustrating the one i would like to take off the table “automated em is too much of an investment”,when you work in science hearing myths can be frustrating the one i would like to take off the table automated em is too much of an investment,frustrating the one,frustrating the one,frustrating the one,frustrating the one,ngram_3,3,19,15,False,False,False,9
at://did:plc:24e6n6hmxhouhrgwnff7o5tv/app.bsky.feed.post/3mijspn3css2j,2026-04-02T18:14:17Z,"When you work in science, hearing myths can be frustrating. The one I would like to take off the table? “Automated EM is too much of an investment”.
",when you work in science hearing myths can be frustrating the one i would like to take off the table “automated em is too much of an investment”,when you work in science hearing myths can be frustrating the one i would like to take off the table automated em is too much of an investment,one i would,one i would,one i would,one i would,ngram_3,3,11,16,False,False,False,11
at://did:plc:24e6n6hmxhouhrgwnff7o5tv/app.bsky.feed.post/3mijspn3css2j,2026-04-02T18:14:17Z,"When you work in science, hearing myths can be frustrating. The one I would like to take off the table? “Automated EM is too much of an investment”.
",when you work in science hearing myths can be frustrating the one i would like to take off the table “automated em is too much of an investment”,when you work in science hearing myths can be frustrating the one i would like to take off the table automated em is too much of an investment,like to take,like to take,like to take,like to take,ngram_3,3,12,17,False,False,False,14
at://did:plc:24e6n6hmxhouhrgwnff7o5tv/app.bsky.feed.post/3mijspn3css2j,2026-04-02T18:14:17Z,"When you work in science, hearing myths can be frustrating. The one I would like to take off the table? “Automated EM is too much of an investment”.
",when you work in science hearing myths can be frustrating the one i would like to take off the table “automated em is too much of an investment”,when you work in science hearing myths can be frustrating the one i would like to take off the table automated em is too much of an investment,off the table,off the table,off the table,off the table,ngram_3,3,13,18,False,False,False,17
at://did:plc:24e6n6hmxhouhrgwnff7o5tv/app.bsky.feed.post/3mijspn3css2j,2026-04-02T18:14:17Z,"When you work in science, hearing myths can be frustrating. The one I would like to take off the table? “Automated EM is too much of an investment”.
",when you work in science hearing myths can be frustrating the one i would like to take off the table “automated em is too much of an investment”,when you work in science hearing myths can be frustrating the one i would like to take off the table automated em is too much of an investment,table automated em,table automated em,table automated em,table automated em,ngram_3,3,18,19,False,False,False,19
at://did:plc:24e6n6hmxhouhrgwnff7o5tv/app.bsky.feed.post/3mijspn3css2j,2026-04-02T18:14:17Z,"When you work in science, hearing myths can be frustrating. The one I would like to take off the table? “Automated EM is too much of an investment”.
",when you work in science hearing myths can be frustrating the one i would like to take off the table “automated em is too much of an investment”,when you work in science hearing myths can be frustrating the one i would like to take off the table automated em is too much of an investment,science hearing,science hearing,science hearing,science hearing,ngram_2,2,15,20,False,False,False,4
at://did:plc:24e6n6hmxhouhrgwnff7o5tv/app.bsky.feed.post/3mijsqyucbf2o,2026-04-02T18:15:03Z,"Have you registered for bioMérieux's upcoming European BET Training?

http://share.biomerieux.com/pGpG1whA7Ttj",have you registered for biomérieux's upcoming european bet training http share biomerieux com pgpg1wha7ttj,have you registered for biom rieux s upcoming european bet training http share biomerieux com pgpg1wha7ttj,registered for biom rieux,registered for biom rieux,registered for biom rieux,registered for biom rieux,ngram_4,4,25,1,False,False,False,2
at://did:plc:24e6n6hmxhouhrgwnff7o5tv/app.bsky.feed.post/3mijsqyucbf2o,2026-04-02T18:15:03Z,"Have you registered for bioMérieux's upcoming European BET Training?

http://share.biomerieux.com/pGpG1whA7Ttj",have you registered for biomérieux's upcoming european bet training http share biomerieux com pgpg1wha7ttj,have you registered for biom rieux s upcoming european bet training http share biomerieux com pgpg1wha7ttj,biom rieux s upcoming,biom rieux s upcoming,biom rieux s upcoming,biom rieux s upcoming,ngram_4,4,21,2,False,False,False,4
at://did:plc:24e6n6hmxhouhrgwnff7o5tv/app.bsky.feed.post/3mijsqyucbf2o,2026-04-02T18:15:03Z,"Have you registered for bioMérieux's upcoming European BET Training?

http://share.biomerieux.com/pGpG1whA7Ttj",have you registered for biomérieux's upcoming european bet training http share biomerieux com pgpg1wha7ttj,have you registered for biom rieux s upcoming european bet training http share biomerieux com pgpg1wha7ttj,rieux s upcoming european,rieux s upcoming european,rieux s upcoming european,rieux s upcoming european,ngram_4,4,25,3,False,False,False,5
at://did:plc:24e6n6hmxhouhrgwnff7o5tv/app.bsky.feed.post/3mijsqyucbf2o,2026-04-02T18:15:03Z,"Have you registered for bioMérieux's upcoming European BET Training?

http://share.biomerieux.com/pGpG1whA7Ttj",have you registered for biomérieux's upcoming european bet training http share biomerieux com pgpg1wha7ttj,have you registered for biom rieux s upcoming european bet training http share biomerieux com pgpg1wha7ttj,s upcoming european bet,s upcoming european bet,s upcoming european bet,s upcoming european bet,ngram_4,4,23,4,False,False,False,6
at://did:plc:24e6n6hmxhouhrgwnff7o5tv/app.bsky.feed.post/3mijsqyucbf2o,2026-04-02T18:15:03Z,"Have you registered for bioMérieux's upcoming European BET Training?

http://share.biomerieux.com/pGpG1whA7Ttj",have you registered for biomérieux's upcoming european bet training http share biomerieux com pgpg1wha7ttj,have you registered for biom rieux s upcoming european bet training http share biomerieux com pgpg1wha7ttj,upcoming european bet training,upcoming european bet training,upcoming european bet training,upcoming european bet training,ngram_4,4,30,5,False,False,False,7
at://did:plc:24e6n6hmxhouhrgwnff7o5tv/app.bsky.feed.post/3mijsqyucbf2o,2026-04-02T18:15:03Z,"Have you registered for bioMérieux's upcoming European BET Training?

http://share.biomerieux.com/pGpG1whA7Ttj",have you registered for biomérieux's upcoming european bet training http share biomerieux com pgpg1wha7ttj,have you registered for biom rieux s upcoming european bet training http share biomerieux com pgpg1wha7ttj,european bet training http,european bet training http,european bet training http,european bet training http,ngram_4,4,26,6,False,False,False,8
at://did:plc:24e6n6hmxhouhrgwnff7o5tv/app.bsky.feed.post/3mijsqyucbf2o,2026-04-02T18:15:03Z,"Have you registered for bioMérieux's upcoming European BET Training?

http://share.biomerieux.com/pGpG1whA7Ttj",have you registered for biomérieux's upcoming european bet training http share biomerieux com pgpg1wha7ttj,have you registered for biom rieux s upcoming european bet training http share biomerieux com pgpg1wha7ttj,bet training http share,bet training http share,bet training http share,bet training http share,ngram_4,4,23,7,False,False,False,9
at://did:plc:24e6n6hmxhouhrgwnff7o5tv/app.bsky.feed.post/3mijsqyucbf2o,2026-04-02T18:15:03Z,"Have you registered for bioMérieux's upcoming European BET Training?

http://share.biomerieux.com/pGpG1whA7Ttj",have you registered for biomérieux's upcoming european bet training http share biomerieux com pgpg1wha7ttj,have you registered for biom rieux s upcoming european bet training http share biomerieux com pgpg1wha7ttj,training http share biomerieux,training http share biomerieux,training http share biomerieux,training http share biomerieux,ngram_4,4,30,8,False,False,False,10
at://did:plc:24e6n6hmxhouhrgwnff7o5tv/app.bsky.feed.post/3mijsqyucbf2o,2026-04-02T18:15:03Z,"Have you registered for bioMérieux's upcoming European BET Training?

http://share.biomerieux.com/pGpG1whA7Ttj",have you registered for biomérieux's upcoming european bet training http share biomerieux com pgpg1wha7ttj,have you registered for biom rieux s upcoming european bet training http share biomerieux com pgpg1wha7ttj,registered for biom,registered for biom,registered for biom,registered for biom,ngram_3,3,19,9,False,False,False,2
at://did:plc:24e6n6hmxhouhrgwnff7o5tv/app.bsky.feed.post/3mijsqyucbf2o,2026-04-02T18:15:03Z,"Have you registered for bioMérieux's upcoming European BET Training?

http://share.biomerieux.com/pGpG1whA7Ttj",have you registered for biomérieux's upcoming european bet training http share biomerieux com pgpg1wha7ttj,have you registered for biom rieux s upcoming european bet training http share biomerieux com pgpg1wha7ttj,biom rieux s,biom rieux s,biom rieux s,biom rieux s,ngram_3,3,12,10,False,False,False,4
at://did:plc:24e6n6hmxhouhrgwnff7o5tv/app.bsky.feed.post/3mijsqyucbf2o,2026-04-02T18:15:03Z,"Have you registered for bioMérieux's upcoming European BET Training?

http://share.biomerieux.com/pGpG1whA7Ttj",have you registered for biomérieux's upcoming european bet training http share biomerieux com pgpg1wha7ttj,have you registered for biom rieux s upcoming european bet training http share biomerieux com pgpg1wha7ttj,rieux s upcoming,rieux s upcoming,rieux s upcoming,rieux s upcoming,ngram_3,3,16,11,False,False,False,5
at://did:plc:24e6n6hmxhouhrgwnff7o5tv/app.bsky.feed.post/3mijsqyucbf2o,2026-04-02T18:15:03Z,"Have you registered for bioMérieux's upcoming European BET Training?

http://share.biomerieux.com/pGpG1whA7Ttj",have you registered for biomérieux's upcoming european bet training http share biomerieux com pgpg1wha7ttj,have you registered for biom rieux s upcoming european bet training http share biomerieux com pgpg1wha7ttj,s upcoming european,s upcoming european,s upcoming european,s upcoming european,ngram_3,3,19,12,False,False,False,6
at://did:plc:24e6n6hmxhouhrgwnff7o5tv/app.bsky.feed.post/3mijsqyucbf2o,2026-04-02T18:15:03Z,"Have you registered for bioMérieux's upcoming European BET Training?

http://share.biomerieux.com/pGpG1whA7Ttj",have you registered for biomérieux's upcoming european bet training http share biomerieux com pgpg1wha7ttj,have you registered for biom rieux s upcoming european bet training http share biomerieux com pgpg1wha7ttj,upcoming european bet,upcoming european bet,upcoming european bet,upcoming european bet,ngram_3,3,21,13,False,False,False,7
at://did:plc:24e6n6hmxhouhrgwnff7o5tv/app.bsky.feed.post/3mijsqyucbf2o,2026-04-02T18:15:03Z,"Have you registered for bioMérieux's upcoming European BET Training?

http://share.biomerieux.com/pGpG1whA7Ttj",have you registered for biomérieux's upcoming european bet training http share biomerieux com pgpg1wha7ttj,have you registered for biom rieux s upcoming european bet training http share biomerieux com pgpg1wha7ttj,european bet training,european bet training,european bet training,european bet training,ngram_3,3,21,14,False,False,False,8
at://did:plc:24e6n6hmxhouhrgwnff7o5tv/app.bsky.feed.post/3mijsqyucbf2o,2026-04-02T18:15:03Z,"Have you registered for bioMérieux's upcoming European BET Training?

http://share.biomerieux.com/pGpG1whA7Ttj",have you registered for biomérieux's upcoming european bet training http share biomerieux com pgpg1wha7ttj,have you registered for biom rieux s upcoming european bet training http share biomerieux com pgpg1wha7ttj,bet training http,bet training http,bet training http,bet training http,ngram_3,3,17,15,False,False,False,9
at://did:plc:24e6n6hmxhouhrgwnff7o5tv/app.bsky.feed.post/3mijsqyucbf2o,2026-04-02T18:15:03Z,"Have you registered for bioMérieux's upcoming European BET Training?

http://share.biomerieux.com/pGpG1whA7Ttj",have you registered for biomérieux's upcoming european bet training http share biomerieux com pgpg1wha7ttj,have you registered for biom rieux s upcoming european bet training http share biomerieux com pgpg1wha7ttj,training http share,training http share,training http share,training http share,ngram_3,3,19,16,False,False,False,10
at://did:plc:24e6n6hmxhouhrgwnff7o5tv/app.bsky.feed.post/3mijsqyucbf2o,2026-04-02T18:15:03Z,"Have you registered for bioMérieux's upcoming European BET Training?

http://share.biomerieux.com/pGpG1whA7Ttj",have you registered for biomérieux's upcoming european bet training http share biomerieux com pgpg1wha7ttj,have you registered for biom rieux s upcoming european bet training http share biomerieux com pgpg1wha7ttj,http share biomerieux,http share biomerieux,http share biomerieux,http share biomerieux,ngram_3,3,21,17,False,False,False,11
at://did:plc:24e6n6hmxhouhrgwnff7o5tv/app.bsky.feed.post/3mijsqyucbf2o,2026-04-02T18:15:03Z,"Have you registered for bioMérieux's upcoming European BET Training?

http://share.biomerieux.com/pGpG1whA7Ttj",have you registered for biomérieux's upcoming european bet training http share biomerieux com pgpg1wha7ttj,have you registered for biom rieux s upcoming european bet training http share biomerieux com pgpg1wha7ttj,share biomerieux com,share biomerieux com,share biomerieux com,share biomerieux com,ngram_3,3,20,18,False,False,False,12
at://did:plc:24e6n6hmxhouhrgwnff7o5tv/app.bsky.feed.post/3mijsqyucbf2o,2026-04-02T18:15:03Z,"Have you registered for bioMérieux's upcoming European BET Training?

http://share.biomerieux.com/pGpG1whA7Ttj",have you registered for biomérieux's upcoming european bet training http share biomerieux com pgpg1wha7ttj,have you registered for biom rieux s upcoming european bet training http share biomerieux com pgpg1wha7ttj,biom rieux,biom rieux,biom rieux,biom rieux,ngram_2,2,10,19,False,False,False,4
at://did:plc:24e6n6hmxhouhrgwnff7o5tv/app.bsky.feed.post/3mijsqyucbf2o,2026-04-02T18:15:03Z,"Have you registered for bioMérieux's upcoming European BET Training?

http://share.biomerieux.com/pGpG1whA7Ttj",have you registered for biomérieux's upcoming european bet training http share biomerieux com pgpg1wha7ttj,have you registered for biom rieux s upcoming european bet training http share biomerieux com pgpg1wha7ttj,rieux s,rieux s,rieux s,rieux s,ngram_2,2,7,20,False,False,False,5
at://did:plc:24e6n6hmxhouhrgwnff7o5tv/app.bsky.feed.post/3mijsrqjjak2j,2026-04-02T18:15:28Z,"🚀**¡Nos vemos en ExpoFarma 2026!**

📍 Visítanos en: WTC  Stand 1304
📅 Fecha: 15,16 17 de abril 2026 | 14:00 a 21:00 h",🚀**¡nos vemos en expofarma 2026 ** 📍 visítanos en wtc stand 1304 📅 fecha 15 16 17 de abril 2026 | 14 00 a 21 00 h,nos vemos en expofarma 2026 vis tanos en wtc stand 1304 fecha 15 16 17 de abril 2026 14 00 a 21 00 h,nos vemos en expofarma,nos vemos en expofarma,nos vemos en expofarma,nos vemos en expofarma,ngram_4,4,22,1,False,False,False,0
at://did:plc:24e6n6hmxhouhrgwnff7o5tv/app.bsky.feed.post/3mijsrqjjak2j,2026-04-02T18:15:28Z,"🚀**¡Nos vemos en ExpoFarma 2026!**

📍 Visítanos en: WTC  Stand 1304
📅 Fecha: 15,16 17 de abril 2026 | 14:00 a 21:00 h",🚀**¡nos vemos en expofarma 2026 ** 📍 visítanos en wtc stand 1304 📅 fecha 15 16 17 de abril 2026 | 14 00 a 21 00 h,nos vemos en expofarma 2026 vis tanos en wtc stand 1304 fecha 15 16 17 de abril 2026 14 00 a 21 00 h,vemos en expofarma 2026,vemos en expofarma 2026,vemos en expofarma 2026,vemos en expofarma 2026,ngram_4,4,23,2,False,True,False,1
at://did:plc:24e6n6hmxhouhrgwnff7o5tv/app.bsky.feed.post/3mijsrqjjak2j,2026-04-02T18:15:28Z,"🚀**¡Nos vemos en ExpoFarma 2026!**

📍 Visítanos en: WTC  Stand 1304
📅 Fecha: 15,16 17 de abril 2026 | 14:00 a 21:00 h",🚀**¡nos vemos en expofarma 2026 ** 📍 visítanos en wtc stand 1304 📅 fecha 15 16 17 de abril 2026 | 14 00 a 21 00 h,nos vemos en expofarma 2026 vis tanos en wtc stand 1304 fecha 15 16 17 de abril 2026 14 00 a 21 00 h,en expofarma 2026 vis,en expofarma 2026 vis,en expofarma 2026 vis,en expofarma 2026 vis,ngram_4,4,21,3,False,True,False,2
at://did:plc:24e6n6hmxhouhrgwnff7o5tv/app.bsky.feed.post/3mijsrqjjak2j,2026-04-02T18:15:28Z,"🚀**¡Nos vemos en ExpoFarma 2026!**

📍 Visítanos en: WTC  Stand 1304
📅 Fecha: 15,16 17 de abril 2026 | 14:00 a 21:00 h",🚀**¡nos vemos en expofarma 2026 ** 📍 visítanos en wtc stand 1304 📅 fecha 15 16 17 de abril 2026 | 14 00 a 21 00 h,nos vemos en expofarma 2026 vis tanos en wtc stand 1304 fecha 15 16 17 de abril 2026 14 00 a 21 00 h,expofarma 2026 vis tanos,expofarma 2026 vis tanos,expofarma 2026 vis tanos,expofarma 2026 vis tanos,ngram_4,4,24,4,False,True,False,3
at://did:plc:24e6n6hmxhouhrgwnff7o5tv/app.bsky.feed.post/3mijsrqjjak2j,2026-04-02T18:15:28Z,"🚀**¡Nos vemos en ExpoFarma 2026!**

📍 Visítanos en: WTC  Stand 1304
📅 Fecha: 15,16 17 de abril 2026 | 14:00 a 21:00 h",🚀**¡nos vemos en expofarma 2026 ** 📍 visítanos en wtc stand 1304 📅 fecha 15 16 17 de abril 2026 | 14 00 a 21 00 h,nos vemos en expofarma 2026 vis tanos en wtc stand 1304 fecha 15 16 17 de abril 2026 14 00 a 21 00 h,2026 vis tanos en,2026 vis tanos en,2026 vis tanos en,2026 vis tanos en,ngram_4,4,17,5,False,True,False,4
at://did:plc:24e6n6hmxhouhrgwnff7o5tv/app.bsky.feed.post/3mijsrqjjak2j,2026-04-02T18:15:28Z,"🚀**¡Nos vemos en ExpoFarma 2026!**

📍 Visítanos en: WTC  Stand 1304
📅 Fecha: 15,16 17 de abril 2026 | 14:00 a 21:00 h",🚀**¡nos vemos en expofarma 2026 ** 📍 visítanos en wtc stand 1304 📅 fecha 15 16 17 de abril 2026 | 14 00 a 21 00 h,nos vemos en expofarma 2026 vis tanos en wtc stand 1304 fecha 15 16 17 de abril 2026 14 00 a 21 00 h,vis tanos en wtc,vis tanos en wtc,vis tanos en wtc,vis tanos en wtc,ngram_4,4,16,6,False,False,False,5
at://did:plc:24e6n6hmxhouhrgwnff7o5tv/app.bsky.feed.post/3mijsrqjjak2j,2026-04-02T18:15:28Z,"🚀**¡Nos vemos en ExpoFarma 2026!**

📍 Visítanos en: WTC  Stand 1304
📅 Fecha: 15,16 17 de abril 2026 | 14:00 a 21:00 h",🚀**¡nos vemos en expofarma 2026 ** 📍 visítanos en wtc stand 1304 📅 fecha 15 16 17 de abril 2026 | 14 00 a 21 00 h,nos vemos en expofarma 2026 vis tanos en wtc stand 1304 fecha 15 16 17 de abril 2026 14 00 a 21 00 h,tanos en wtc stand,tanos en wtc stand,tanos en wtc stand,tanos en wtc stand,ngram_4,4,18,7,False,False,False,6
at://did:plc:24e6n6hmxhouhrgwnff7o5tv/app.bsky.feed.post/3mijsrqjjak2j,2026-04-02T18:15:28Z,"🚀**¡Nos vemos en ExpoFarma 2026!**

📍 Visítanos en: WTC  Stand 1304
📅 Fecha: 15,16 17 de abril 2026 | 14:00 a 21:00 h",🚀**¡nos vemos en expofarma 2026 ** 📍 visítanos en wtc stand 1304 📅 fecha 15 16 17 de abril 2026 | 14 00 a 21 00 h,nos vemos en expofarma 2026 vis tanos en wtc stand 1304 fecha 15 16 17 de abril 2026 14 00 a 21 00 h,en wtc stand 1304,en wtc stand 1304,en wtc stand 1304,en wtc stand 1304,ngram_4,4,17,8,False,True,False,7
at://did:plc:24e6n6hmxhouhrgwnff7o5tv/app.bsky.feed.post/3mijsrqjjak2j,2026-04-02T18:15:28Z,"🚀**¡Nos vemos en ExpoFarma 2026!**

📍 Visítanos en: WTC  Stand 1304
📅 Fecha: 15,16 17 de abril 2026 | 14:00 a 21:00 h",🚀**¡nos vemos en expofarma 2026 ** 📍 visítanos en wtc stand 1304 📅 fecha 15 16 17 de abril 2026 | 14 00 a 21 00 h,nos vemos en expofarma 2026 vis tanos en wtc stand 1304 fecha 15 16 17 de abril 2026 14 00 a 21 00 h,wtc stand 1304 fecha,wtc stand 1304 fecha,wtc stand 1304 fecha,wtc stand 1304 fecha,ngram_4,4,20,9,False,True,False,8
at://did:plc:24e6n6hmxhouhrgwnff7o5tv/app.bsky.feed.post/3mijsrqjjak2j,2026-04-02T18:15:28Z,"🚀**¡Nos vemos en ExpoFarma 2026!**

📍 Visítanos en: WTC  Stand 1304
📅 Fecha: 15,16 17 de abril 2026 | 14:00 a 21:00 h",🚀**¡nos vemos en expofarma 2026 ** 📍 visítanos en wtc stand 1304 📅 fecha 15 16 17 de abril 2026 | 14 00 a 21 00 h,nos vemos en expofarma 2026 vis tanos en wtc stand 1304 fecha 15 16 17 de abril 2026 14 00 a 21 00 h,stand 1304 fecha 15,stand 1304 fecha 15,stand 1304 fecha 15,stand 1304 fecha 15,ngram_4,4,19,10,False,True,False,9
at://did:plc:24e6n6hmxhouhrgwnff7o5tv/app.bsky.feed.post/3mijsrqjjak2j,2026-04-02T18:15:28Z,"🚀**¡Nos vemos en ExpoFarma 2026!**

📍 Visítanos en: WTC  Stand 1304
📅 Fecha: 15,16 17 de abril 2026 | 14:00 a 21:00 h",🚀**¡nos vemos en expofarma 2026 ** 📍 visítanos en wtc stand 1304 📅 fecha 15 16 17 de abril 2026 | 14 00 a 21 00 h,nos vemos en expofarma 2026 vis tanos en wtc stand 1304 fecha 15 16 17 de abril 2026 14 00 a 21 00 h,1304 fecha 15 16,1304 fecha 15 16,1304 fecha 15 16,1304 fecha 15 16,ngram_4,4,16,11,False,True,False,10
at://did:plc:24e6n6hmxhouhrgwnff7o5tv/app.bsky.feed.post/3mijsrqjjak2j,2026-04-02T18:15:28Z,"🚀**¡Nos vemos en ExpoFarma 2026!**

📍 Visítanos en: WTC  Stand 1304
📅 Fecha: 15,16 17 de abril 2026 | 14:00 a 21:00 h",🚀**¡nos vemos en expofarma 2026 ** 📍 visítanos en wtc stand 1304 📅 fecha 15 16 17 de abril 2026 | 14 00 a 21 00 h,nos vemos en expofarma 2026 vis tanos en wtc stand 1304 fecha 15 16 17 de abril 2026 14 00 a 21 00 h,fecha 15 16 17,fecha 15 16 17,fecha 15 16 17,fecha 15 16 17,ngram_4,4,14,12,False,True,False,11
at://did:plc:24e6n6hmxhouhrgwnff7o5tv/app.bsky.feed.post/3mijsrqjjak2j,2026-04-02T18:15:28Z,"🚀**¡Nos vemos en ExpoFarma 2026!**

📍 Visítanos en: WTC  Stand 1304
📅 Fecha: 15,16 17 de abril 2026 | 14:00 a 21:00 h",🚀**¡nos vemos en expofarma 2026 ** 📍 visítanos en wtc stand 1304 📅 fecha 15 16 17 de abril 2026 | 14 00 a 21 00 h,nos vemos en expofarma 2026 vis tanos en wtc stand 1304 fecha 15 16 17 de abril 2026 14 00 a 21 00 h,15 16 17 de,15 16 17 de,15 16 17 de,15 16 17 de,ngram_4,4,11,13,False,True,False,12
at://did:plc:24e6n6hmxhouhrgwnff7o5tv/app.bsky.feed.post/3mijsrqjjak2j,2026-04-02T18:15:28Z,"🚀**¡Nos vemos en ExpoFarma 2026!**

📍 Visítanos en: WTC  Stand 1304
📅 Fecha: 15,16 17 de abril 2026 | 14:00 a 21:00 h",🚀**¡nos vemos en expofarma 2026 ** 📍 visítanos en wtc stand 1304 📅 fecha 15 16 17 de abril 2026 | 14 00 a 21 00 h,nos vemos en expofarma 2026 vis tanos en wtc stand 1304 fecha 15 16 17 de abril 2026 14 00 a 21 00 h,16 17 de abril,16 17 de abril,16 17 de abril,16 17 de abril,ngram_4,4,14,14,False,True,False,13
at://did:plc:24e6n6hmxhouhrgwnff7o5tv/app.bsky.feed.post/3mijsrqjjak2j,2026-04-02T18:15:28Z,"🚀**¡Nos vemos en ExpoFarma 2026!**

📍 Visítanos en: WTC  Stand 1304
📅 Fecha: 15,16 17 de abril 2026 | 14:00 a 21:00 h",🚀**¡nos vemos en expofarma 2026 ** 📍 visítanos en wtc stand 1304 📅 fecha 15 16 17 de abril 2026 | 14 00 a 21 00 h,nos vemos en expofarma 2026 vis tanos en wtc stand 1304 fecha 15 16 17 de abril 2026 14 00 a 21 00 h,17 de abril 2026,17 de abril 2026,17 de abril 2026,17 de abril 2026,ngram_4,4,16,15,False,True,False,14
at://did:plc:24e6n6hmxhouhrgwnff7o5tv/app.bsky.feed.post/3mijsrqjjak2j,2026-04-02T18:15:28Z,"🚀**¡Nos vemos en ExpoFarma 2026!**

📍 Visítanos en: WTC  Stand 1304
📅 Fecha: 15,16 17 de abril 2026 | 14:00 a 21:00 h",🚀**¡nos vemos en expofarma 2026 ** 📍 visítanos en wtc stand 1304 📅 fecha 15 16 17 de abril 2026 | 14 00 a 21 00 h,nos vemos en expofarma 2026 vis tanos en wtc stand 1304 fecha 15 16 17 de abril 2026 14 00 a 21 00 h,de abril 2026 14,de abril 2026 14,de abril 2026 14,de abril 2026 14,ngram_4,4,16,16,False,True,False,15
at://did:plc:24e6n6hmxhouhrgwnff7o5tv/app.bsky.feed.post/3mijsrqjjak2j,2026-04-02T18:15:28Z,"🚀**¡Nos vemos en ExpoFarma 2026!**

📍 Visítanos en: WTC  Stand 1304
📅 Fecha: 15,16 17 de abril 2026 | 14:00 a 21:00 h",🚀**¡nos vemos en expofarma 2026 ** 📍 visítanos en wtc stand 1304 📅 fecha 15 16 17 de abril 2026 | 14 00 a 21 00 h,nos vemos en expofarma 2026 vis tanos en wtc stand 1304 fecha 15 16 17 de abril 2026 14 00 a 21 00 h,abril 2026 14 00,abril 2026 14 00,abril 2026 14 00,abril 2026 14 00,ngram_4,4,16,17,False,True,False,16
at://did:plc:24e6n6hmxhouhrgwnff7o5tv/app.bsky.feed.post/3mijsrqjjak2j,2026-04-02T18:15:28Z,"🚀**¡Nos vemos en ExpoFarma 2026!**

📍 Visítanos en: WTC  Stand 1304
📅 Fecha: 15,16 17 de abril 2026 | 14:00 a 21:00 h",🚀**¡nos vemos en expofarma 2026 ** 📍 visítanos en wtc stand 1304 📅 fecha 15 16 17 de abril 2026 | 14 00 a 21 00 h,nos vemos en expofarma 2026 vis tanos en wtc stand 1304 fecha 15 16 17 de abril 2026 14 00 a 21 00 h,14 00 a 21,14 00 a 21,14 00 a 21,14 00 a 21,ngram_4,4,10,18,False,True,False,18
at://did:plc:24e6n6hmxhouhrgwnff7o5tv/app.bsky.feed.post/3mijsrqjjak2j,2026-04-02T18:15:28Z,"🚀**¡Nos vemos en ExpoFarma 2026!**

📍 Visítanos en: WTC  Stand 1304
📅 Fecha: 15,16 17 de abril 2026 | 14:00 a 21:00 h",🚀**¡nos vemos en expofarma 2026 ** 📍 visítanos en wtc stand 1304 📅 fecha 15 16 17 de abril 2026 | 14 00 a 21 00 h,nos vemos en expofarma 2026 vis tanos en wtc stand 1304 fecha 15 16 17 de abril 2026 14 00 a 21 00 h,00 a 21 00,00 a 21 00,00 a 21 00,00 a 21 00,ngram_4,4,10,19,False,True,False,19
at://did:plc:24e6n6hmxhouhrgwnff7o5tv/app.bsky.feed.post/3mijsrqjjak2j,2026-04-02T18:15:28Z,"🚀**¡Nos vemos en ExpoFarma 2026!**

📍 Visítanos en: WTC  Stand 1304
📅 Fecha: 15,16 17 de abril 2026 | 14:00 a 21:00 h",🚀**¡nos vemos en expofarma 2026 ** 📍 visítanos en wtc stand 1304 📅 fecha 15 16 17 de abril 2026 | 14 00 a 21 00 h,nos vemos en expofarma 2026 vis tanos en wtc stand 1304 fecha 15 16 17 de abril 2026 14 00 a 21 00 h,nos vemos en,nos vemos en,nos vemos en,nos vemos en,ngram_3,3,12,20,False,False,False,0
at://did:plc:24e6n6hmxhouhrgwnff7o5tv/app.bsky.feed.post/3mijstpnsqt2k,2026-04-02T18:16:33Z,"🎓 Endotoxin Excellence Masterclass – Next stop: Greece
📍 Electra Palace Athens, Navarchou Nikodimou 18–20, Athens

📅 April 16 — 9:30 to 16:45

👉 Discover the agenda: http://share.biomerieux.com/KDRsQfrYFjyo http://share.biomerieux.com/TBdr1hNgnh34",🎓 endotoxin excellence masterclass – next stop greece 📍 electra palace athens navarchou nikodimou 18–20 athens 📅 april 16 — 9 30 to 16 45 👉 discover the agenda http share biomerieux com kdrsqfryfjyo http share biomerieux com tbdr1hngnh34,endotoxin excellence masterclass next stop greece electra palace athens navarchou nikodimou 18 20 athens april 16 9 30 to 16 45 discover the agenda http share biomerieux com kdrsqfryfjyo http share biomerieux com tbdr1hngnh34,endotoxin excellence masterclass next,endotoxin excellence masterclass next,endotoxin excellence masterclass next,endotoxin excellence masterclass next,ngram_4,4,37,1,False,False,False,0
at://did:plc:24e6n6hmxhouhrgwnff7o5tv/app.bsky.feed.post/3mijstpnsqt2k,2026-04-02T18:16:33Z,"🎓 Endotoxin Excellence Masterclass – Next stop: Greece
📍 Electra Palace Athens, Navarchou Nikodimou 18–20, Athens

📅 April 16 — 9:30 to 16:45

👉 Discover the agenda: http://share.biomerieux.com/KDRsQfrYFjyo http://share.biomerieux.com/TBdr1hNgnh34",🎓 endotoxin excellence masterclass – next stop greece 📍 electra palace athens navarchou nikodimou 18–20 athens 📅 april 16 — 9 30 to 16 45 👉 discover the agenda http share biomerieux com kdrsqfryfjyo http share biomerieux com tbdr1hngnh34,endotoxin excellence masterclass next stop greece electra palace athens navarchou nikodimou 18 20 athens april 16 9 30 to 16 45 discover the agenda http share biomerieux com kdrsqfryfjyo http share biomerieux com tbdr1hngnh34,excellence masterclass next stop,excellence masterclass next stop,excellence masterclass next stop,excellence masterclass next stop,ngram_4,4,32,2,False,False,False,1
at://did:plc:24e6n6hmxhouhrgwnff7o5tv/app.bsky.feed.post/3mijstpnsqt2k,2026-04-02T18:16:33Z,"🎓 Endotoxin Excellence Masterclass – Next stop: Greece
📍 Electra Palace Athens, Navarchou Nikodimou 18–20, Athens

📅 April 16 — 9:30 to 16:45

👉 Discover the agenda: http://share.biomerieux.com/KDRsQfrYFjyo http://share.biomerieux.com/TBdr1hNgnh34",🎓 endotoxin excellence masterclass – next stop greece 📍 electra palace athens navarchou nikodimou 18–20 athens 📅 april 16 — 9 30 to 16 45 👉 discover the agenda http share biomerieux com kdrsqfryfjyo http share biomerieux com tbdr1hngnh34,endotoxin excellence masterclass next stop greece electra palace athens navarchou nikodimou 18 20 athens april 16 9 30 to 16 45 discover the agenda http share biomerieux com kdrsqfryfjyo http share biomerieux com tbdr1hngnh34,masterclass next stop greece,masterclass next stop greece,masterclass next stop greece,masterclass next stop greece,ngram_4,4,28,3,False,False,False,2
at://did:plc:24e6n6hmxhouhrgwnff7o5tv/app.bsky.feed.post/3mijstpnsqt2k,2026-04-02T18:16:33Z,"🎓 Endotoxin Excellence Masterclass – Next stop: Greece
📍 Electra Palace Athens, Navarchou Nikodimou 18–20, Athens

📅 April 16 — 9:30 to 16:45

👉 Discover the agenda: http://share.biomerieux.com/KDRsQfrYFjyo http://share.biomerieux.com/TBdr1hNgnh34",🎓 endotoxin excellence masterclass – next stop greece 📍 electra palace athens navarchou nikodimou 18–20 athens 📅 april 16 — 9 30 to 16 45 👉 discover the agenda http share biomerieux com kdrsqfryfjyo http share biomerieux com tbdr1hngnh34,endotoxin excellence masterclass next stop greece electra palace athens navarchou nikodimou 18 20 athens april 16 9 30 to 16 45 discover the agenda http share biomerieux com kdrsqfryfjyo http share biomerieux com tbdr1hngnh34,next stop greece electra,next stop greece electra,next stop greece electra,next stop greece electra,ngram_4,4,24,4,False,False,False,3
at://did:plc:24e6n6hmxhouhrgwnff7o5tv/app.bsky.feed.post/3mijstpnsqt2k,2026-04-02T18:16:33Z,"🎓 Endotoxin Excellence Masterclass – Next stop: Greece
📍 Electra Palace Athens, Navarchou Nikodimou 18–20, Athens

📅 April 16 — 9:30 to 16:45

👉 Discover the agenda: http://share.biomerieux.com/KDRsQfrYFjyo http://share.biomerieux.com/TBdr1hNgnh34",🎓 endotoxin excellence masterclass – next stop greece 📍 electra palace athens navarchou nikodimou 18–20 athens 📅 april 16 — 9 30 to 16 45 👉 discover the agenda http share biomerieux com kdrsqfryfjyo http share biomerieux com tbdr1hngnh34,endotoxin excellence masterclass next stop greece electra palace athens navarchou nikodimou 18 20 athens april 16 9 30 to 16 45 discover the agenda http share biomerieux com kdrsqfryfjyo http share biomerieux com tbdr1hngnh34,stop greece electra palace,stop greece electra palace,stop greece electra palace,stop greece electra palace,ngram_4,4,26,5,False,False,False,4
at://did:plc:24e6n6hmxhouhrgwnff7o5tv/app.bsky.feed.post/3mijstpnsqt2k,2026-04-02T18:16:33Z,"🎓 Endotoxin Excellence Masterclass – Next stop: Greece
📍 Electra Palace Athens, Navarchou Nikodimou 18–20, Athens

📅 April 16 — 9:30 to 16:45

👉 Discover the agenda: http://share.biomerieux.com/KDRsQfrYFjyo http://share.biomerieux.com/TBdr1hNgnh34",🎓 endotoxin excellence masterclass – next stop greece 📍 electra palace athens navarchou nikodimou 18–20 athens 📅 april 16 — 9 30 to 16 45 👉 discover the agenda http share biomerieux com kdrsqfryfjyo http share biomerieux com tbdr1hngnh34,endotoxin excellence masterclass next stop greece electra palace athens navarchou nikodimou 18 20 athens april 16 9 30 to 16 45 discover the agenda http share biomerieux com kdrsqfryfjyo http share biomerieux com tbdr1hngnh34,greece electra palace athens,greece electra palace athens,greece electra palace athens,greece electra palace athens,ngram_4,4,28,6,False,False,False,5
at://did:plc:24e6n6hmxhouhrgwnff7o5tv/app.bsky.feed.post/3mijstpnsqt2k,2026-04-02T18:16:33Z,"🎓 Endotoxin Excellence Masterclass – Next stop: Greece
📍 Electra Palace Athens, Navarchou Nikodimou 18–20, Athens

📅 April 16 — 9:30 to 16:45

👉 Discover the agenda: http://share.biomerieux.com/KDRsQfrYFjyo http://share.biomerieux.com/TBdr1hNgnh34",🎓 endotoxin excellence masterclass – next stop greece 📍 electra palace athens navarchou nikodimou 18–20 athens 📅 april 16 — 9 30 to 16 45 👉 discover the agenda http share biomerieux com kdrsqfryfjyo http share biomerieux com tbdr1hngnh34,endotoxin excellence masterclass next stop greece electra palace athens navarchou nikodimou 18 20 athens april 16 9 30 to 16 45 discover the agenda http share biomerieux com kdrsqfryfjyo http share biomerieux com tbdr1hngnh34,electra palace athens navarchou,electra palace athens navarchou,electra palace athens navarchou,electra palace athens navarchou,ngram_4,4,31,7,False,False,False,6
at://did:plc:24e6n6hmxhouhrgwnff7o5tv/app.bsky.feed.post/3mijstpnsqt2k,2026-04-02T18:16:33Z,"🎓 Endotoxin Excellence Masterclass – Next stop: Greece
📍 Electra Palace Athens, Navarchou Nikodimou 18–20, Athens

📅 April 16 — 9:30 to 16:45

👉 Discover the agenda: http://share.biomerieux.com/KDRsQfrYFjyo http://share.biomerieux.com/TBdr1hNgnh34",🎓 endotoxin excellence masterclass – next stop greece 📍 electra palace athens navarchou nikodimou 18–20 athens 📅 april 16 — 9 30 to 16 45 👉 discover the agenda http share biomerieux com kdrsqfryfjyo http share biomerieux com tbdr1hngnh34,endotoxin excellence masterclass next stop greece electra palace athens navarchou nikodimou 18 20 athens april 16 9 30 to 16 45 discover the agenda http share biomerieux com kdrsqfryfjyo http share biomerieux com tbdr1hngnh34,palace athens navarchou nikodimou,palace athens navarchou nikodimou,palace athens navarchou nikodimou,palace athens navarchou nikodimou,ngram_4,4,33,8,False,False,False,7
at://did:plc:24e6n6hmxhouhrgwnff7o5tv/app.bsky.feed.post/3mijstpnsqt2k,2026-04-02T18:16:33Z,"🎓 Endotoxin Excellence Masterclass – Next stop: Greece
📍 Electra Palace Athens, Navarchou Nikodimou 18–20, Athens

📅 April 16 — 9:30 to 16:45

👉 Discover the agenda: http://share.biomerieux.com/KDRsQfrYFjyo http://share.biomerieux.com/TBdr1hNgnh34",🎓 endotoxin excellence masterclass – next stop greece 📍 electra palace athens navarchou nikodimou 18–20 athens 📅 april 16 — 9 30 to 16 45 👉 discover the agenda http share biomerieux com kdrsqfryfjyo http share biomerieux com tbdr1hngnh34,endotoxin excellence masterclass next stop greece electra palace athens navarchou nikodimou 18 20 athens april 16 9 30 to 16 45 discover the agenda http share biomerieux com kdrsqfryfjyo http share biomerieux com tbdr1hngnh34,athens navarchou nikodimou 18,athens navarchou nikodimou 18,athens navarchou nikodimou 18,athens navarchou nikodimou 18,ngram_4,4,29,9,False,True,False,8
at://did:plc:24e6n6hmxhouhrgwnff7o5tv/app.bsky.feed.post/3mijstpnsqt2k,2026-04-02T18:16:33Z,"🎓 Endotoxin Excellence Masterclass – Next stop: Greece
📍 Electra Palace Athens, Navarchou Nikodimou 18–20, Athens

📅 April 16 — 9:30 to 16:45

👉 Discover the agenda: http://share.biomerieux.com/KDRsQfrYFjyo http://share.biomerieux.com/TBdr1hNgnh34",🎓 endotoxin excellence masterclass – next stop greece 📍 electra palace athens navarchou nikodimou 18–20 athens 📅 april 16 — 9 30 to 16 45 👉 discover the agenda http share biomerieux com kdrsqfryfjyo http share biomerieux com tbdr1hngnh34,endotoxin excellence masterclass next stop greece electra palace athens navarchou nikodimou 18 20 athens april 16 9 30 to 16 45 discover the agenda http share biomerieux com kdrsqfryfjyo http share biomerieux com tbdr1hngnh34,navarchou nikodimou 18 20,navarchou nikodimou 18 20,navarchou nikodimou 18 20,navarchou nikodimou 18 20,ngram_4,4,25,10,False,True,False,9
at://did:plc:24e6n6hmxhouhrgwnff7o5tv/app.bsky.feed.post/3mijstpnsqt2k,2026-04-02T18:16:33Z,"🎓 Endotoxin Excellence Masterclass – Next stop: Greece
📍 Electra Palace Athens, Navarchou Nikodimou 18–20, Athens

📅 April 16 — 9:30 to 16:45

👉 Discover the agenda: http://share.biomerieux.com/KDRsQfrYFjyo http://share.biomerieux.com/TBdr1hNgnh34",🎓 endotoxin excellence masterclass – next stop greece 📍 electra palace athens navarchou nikodimou 18–20 athens 📅 april 16 — 9 30 to 16 45 👉 discover the agenda http share biomerieux com kdrsqfryfjyo http share biomerieux com tbdr1hngnh34,endotoxin excellence masterclass next stop greece electra palace athens navarchou nikodimou 18 20 athens april 16 9 30 to 16 45 discover the agenda http share biomerieux com kdrsqfryfjyo http share biomerieux com tbdr1hngnh34,nikodimou 18 20 athens,nikodimou 18 20 athens,nikodimou 18 20 athens,nikodimou 18 20 athens,ngram_4,4,22,11,False,True,False,10
at://did:plc:24e6n6hmxhouhrgwnff7o5tv/app.bsky.feed.post/3mijstpnsqt2k,2026-04-02T18:16:33Z,"🎓 Endotoxin Excellence Masterclass – Next stop: Greece
📍 Electra Palace Athens, Navarchou Nikodimou 18–20, Athens

📅 April 16 — 9:30 to 16:45

👉 Discover the agenda: http://share.biomerieux.com/KDRsQfrYFjyo http://share.biomerieux.com/TBdr1hNgnh34",🎓 endotoxin excellence masterclass – next stop greece 📍 electra palace athens navarchou nikodimou 18–20 athens 📅 april 16 — 9 30 to 16 45 👉 discover the agenda http share biomerieux com kdrsqfryfjyo http share biomerieux com tbdr1hngnh34,endotoxin excellence masterclass next stop greece electra palace athens navarchou nikodimou 18 20 athens april 16 9 30 to 16 45 discover the agenda http share biomerieux com kdrsqfryfjyo http share biomerieux com tbdr1hngnh34,18 20 athens april,18 20 athens april,18 20 athens april,18 20 athens april,ngram_4,4,18,12,False,True,False,11
at://did:plc:24e6n6hmxhouhrgwnff7o5tv/app.bsky.feed.post/3mijstpnsqt2k,2026-04-02T18:16:33Z,"🎓 Endotoxin Excellence Masterclass – Next stop: Greece
📍 Electra Palace Athens, Navarchou Nikodimou 18–20, Athens

📅 April 16 — 9:30 to 16:45

👉 Discover the agenda: http://share.biomerieux.com/KDRsQfrYFjyo http://share.biomerieux.com/TBdr1hNgnh34",🎓 endotoxin excellence masterclass – next stop greece 📍 electra palace athens navarchou nikodimou 18–20 athens 📅 april 16 — 9 30 to 16 45 👉 discover the agenda http share biomerieux com kdrsqfryfjyo http share biomerieux com tbdr1hngnh34,endotoxin excellence masterclass next stop greece electra palace athens navarchou nikodimou 18 20 athens april 16 9 30 to 16 45 discover the agenda http share biomerieux com kdrsqfryfjyo http share biomerieux com tbdr1hngnh34,20 athens april 16,20 athens april 16,20 athens april 16,20 athens april 16,ngram_4,4,18,13,False,True,False,12
at://did:plc:24e6n6hmxhouhrgwnff7o5tv/app.bsky.feed.post/3mijstpnsqt2k,2026-04-02T18:16:33Z,"🎓 Endotoxin Excellence Masterclass – Next stop: Greece
📍 Electra Palace Athens, Navarchou Nikodimou 18–20, Athens

📅 April 16 — 9:30 to 16:45

👉 Discover the agenda: http://share.biomerieux.com/KDRsQfrYFjyo http://share.biomerieux.com/TBdr1hNgnh34",🎓 endotoxin excellence masterclass – next stop greece 📍 electra palace athens navarchou nikodimou 18–20 athens 📅 april 16 — 9 30 to 16 45 👉 discover the agenda http share biomerieux com kdrsqfryfjyo http share biomerieux com tbdr1hngnh34,endotoxin excellence masterclass next stop greece electra palace athens navarchou nikodimou 18 20 athens april 16 9 30 to 16 45 discover the agenda http share biomerieux com kdrsqfryfjyo http share biomerieux com tbdr1hngnh34,athens april 16 9,athens april 16 9,athens april 16 9,athens april 16 9,ngram_4,4,17,14,False,True,False,13
at://did:plc:24e6n6hmxhouhrgwnff7o5tv/app.bsky.feed.post/3mijstpnsqt2k,2026-04-02T18:16:33Z,"🎓 Endotoxin Excellence Masterclass – Next stop: Greece
📍 Electra Palace Athens, Navarchou Nikodimou 18–20, Athens

📅 April 16 — 9:30 to 16:45

👉 Discover the agenda: http://share.biomerieux.com/KDRsQfrYFjyo http://share.biomerieux.com/TBdr1hNgnh34",🎓 endotoxin excellence masterclass – next stop greece 📍 electra palace athens navarchou nikodimou 18–20 athens 📅 april 16 — 9 30 to 16 45 👉 discover the agenda http share biomerieux com kdrsqfryfjyo http share biomerieux com tbdr1hngnh34,endotoxin excellence masterclass next stop greece electra palace athens navarchou nikodimou 18 20 athens april 16 9 30 to 16 45 discover the agenda http share biomerieux com kdrsqfryfjyo http share biomerieux com tbdr1hngnh34,april 16 9 30,april 16 9 30,april 16 9 30,april 16 9 30,ngram_4,4,13,15,False,True,False,14
at://did:plc:24e6n6hmxhouhrgwnff7o5tv/app.bsky.feed.post/3mijstpnsqt2k,2026-04-02T18:16:33Z,"🎓 Endotoxin Excellence Masterclass – Next stop: Greece
📍 Electra Palace Athens, Navarchou Nikodimou 18–20, Athens

📅 April 16 — 9:30 to 16:45

👉 Discover the agenda: http://share.biomerieux.com/KDRsQfrYFjyo http://share.biomerieux.com/TBdr1hNgnh34",🎓 endotoxin excellence masterclass – next stop greece 📍 electra palace athens navarchou nikodimou 18–20 athens 📅 april 16 — 9 30 to 16 45 👉 discover the agenda http share biomerieux com kdrsqfryfjyo http share biomerieux com tbdr1hngnh34,endotoxin excellence masterclass next stop greece electra palace athens navarchou nikodimou 18 20 athens april 16 9 30 to 16 45 discover the agenda http share biomerieux com kdrsqfryfjyo http share biomerieux com tbdr1hngnh34,9 30 to 16,9 30 to 16,9 30 to 16,9 30 to 16,ngram_4,4,10,16,False,True,False,16
at://did:plc:24e6n6hmxhouhrgwnff7o5tv/app.bsky.feed.post/3mijstpnsqt2k,2026-04-02T18:16:33Z,"🎓 Endotoxin Excellence Masterclass – Next stop: Greece
📍 Electra Palace Athens, Navarchou Nikodimou 18–20, Athens

📅 April 16 — 9:30 to 16:45

👉 Discover the agenda: http://share.biomerieux.com/KDRsQfrYFjyo http://share.biomerieux.com/TBdr1hNgnh34",🎓 endotoxin excellence masterclass – next stop greece 📍 electra palace athens navarchou nikodimou 18–20 athens 📅 april 16 — 9 30 to 16 45 👉 discover the agenda http share biomerieux com kdrsqfryfjyo http share biomerieux com tbdr1hngnh34,endotoxin excellence masterclass next stop greece electra palace athens navarchou nikodimou 18 20 athens april 16 9 30 to 16 45 discover the agenda http share biomerieux com kdrsqfryfjyo http share biomerieux com tbdr1hngnh34,30 to 16 45,30 to 16 45,30 to 16 45,30 to 16 45,ngram_4,4,11,17,False,True,False,17
at://did:plc:24e6n6hmxhouhrgwnff7o5tv/app.bsky.feed.post/3mijstpnsqt2k,2026-04-02T18:16:33Z,"🎓 Endotoxin Excellence Masterclass – Next stop: Greece
📍 Electra Palace Athens, Navarchou Nikodimou 18–20, Athens

📅 April 16 — 9:30 to 16:45

👉 Discover the agenda: http://share.biomerieux.com/KDRsQfrYFjyo http://share.biomerieux.com/TBdr1hNgnh34",🎓 endotoxin excellence masterclass – next stop greece 📍 electra palace athens navarchou nikodimou 18–20 athens 📅 april 16 — 9 30 to 16 45 👉 discover the agenda http share biomerieux com kdrsqfryfjyo http share biomerieux com tbdr1hngnh34,endotoxin excellence masterclass next stop greece electra palace athens navarchou nikodimou 18 20 athens april 16 9 30 to 16 45 discover the agenda http share biomerieux com kdrsqfryfjyo http share biomerieux com tbdr1hngnh34,45 discover the agenda,45 discover the agenda,45 discover the agenda,45 discover the agenda,ngram_4,4,22,18,False,True,False,20
at://did:plc:24e6n6hmxhouhrgwnff7o5tv/app.bsky.feed.post/3mijstpnsqt2k,2026-04-02T18:16:33Z,"🎓 Endotoxin Excellence Masterclass – Next stop: Greece
📍 Electra Palace Athens, Navarchou Nikodimou 18–20, Athens

📅 April 16 — 9:30 to 16:45

👉 Discover the agenda: http://share.biomerieux.com/KDRsQfrYFjyo http://share.biomerieux.com/TBdr1hNgnh34",🎓 endotoxin excellence masterclass – next stop greece 📍 electra palace athens navarchou nikodimou 18–20 athens 📅 april 16 — 9 30 to 16 45 👉 discover the agenda http share biomerieux com kdrsqfryfjyo http share biomerieux com tbdr1hngnh34,endotoxin excellence masterclass next stop greece electra palace athens navarchou nikodimou 18 20 athens april 16 9 30 to 16 45 discover the agenda http share biomerieux com kdrsqfryfjyo http share biomerieux com tbdr1hngnh34,discover the agenda http,discover the agenda http,discover the agenda http,discover the agenda http,ngram_4,4,24,19,False,False,False,21
at://did:plc:24e6n6hmxhouhrgwnff7o5tv/app.bsky.feed.post/3mijstpnsqt2k,2026-04-02T18:16:33Z,"🎓 Endotoxin Excellence Masterclass – Next stop: Greece
📍 Electra Palace Athens, Navarchou Nikodimou 18–20, Athens

📅 April 16 — 9:30 to 16:45

👉 Discover the agenda: http://share.biomerieux.com/KDRsQfrYFjyo http://share.biomerieux.com/TBdr1hNgnh34",🎓 endotoxin excellence masterclass – next stop greece 📍 electra palace athens navarchou nikodimou 18–20 athens 📅 april 16 — 9 30 to 16 45 👉 discover the agenda http share biomerieux com kdrsqfryfjyo http share biomerieux com tbdr1hngnh34,endotoxin excellence masterclass next stop greece electra palace athens navarchou nikodimou 18 20 athens april 16 9 30 to 16 45 discover the agenda http share biomerieux com kdrsqfryfjyo http share biomerieux com tbdr1hngnh34,agenda http share biomerieux,agenda http share biomerieux,agenda http share biomerieux,agenda http share biomerieux,ngram_4,4,28,20,False,False,False,23
at://did:plc:24e6n6hmxhouhrgwnff7o5tv/app.bsky.feed.post/3mijsuw5p2f2o,2026-04-02T18:17:13Z,"🍽️🦠 Antimicrobial resistance doesn’t stop at hospitals, it can reach our plates.
👉 Worth the read: http://share.biomerieux.com/whZc5WyFUYwP",🍽️🦠 antimicrobial resistance doesn't stop at hospitals it can reach our plates 👉 worth the read http share biomerieux com whzc5wyfuywp,antimicrobial resistance doesn t stop at hospitals it can reach our plates worth the read http share biomerieux com whzc5wyfuywp,antimicrobial resistance doesn t,antimicrobial resistance doesn t,antimicrobial resistance doesn t,antimicrobial resistance doesn t,ngram_4,4,32,1,False,False,False,0
at://did:plc:24e6n6hmxhouhrgwnff7o5tv/app.bsky.feed.post/3mijsuw5p2f2o,2026-04-02T18:17:13Z,"🍽️🦠 Antimicrobial resistance doesn’t stop at hospitals, it can reach our plates.
👉 Worth the read: http://share.biomerieux.com/whZc5WyFUYwP",🍽️🦠 antimicrobial resistance doesn't stop at hospitals it can reach our plates 👉 worth the read http share biomerieux com whzc5wyfuywp,antimicrobial resistance doesn t stop at hospitals it can reach our plates worth the read http share biomerieux com whzc5wyfuywp,resistance doesn t stop,resistance doesn t stop,resistance doesn t stop,resistance doesn t stop,ngram_4,4,23,2,False,False,False,1
at://did:plc:24e6n6hmxhouhrgwnff7o5tv/app.bsky.feed.post/3mijsuw5p2f2o,2026-04-02T18:17:13Z,"🍽️🦠 Antimicrobial resistance doesn’t stop at hospitals, it can reach our plates.
👉 Worth the read: http://share.biomerieux.com/whZc5WyFUYwP",🍽️🦠 antimicrobial resistance doesn't stop at hospitals it can reach our plates 👉 worth the read http share biomerieux com whzc5wyfuywp,antimicrobial resistance doesn t stop at hospitals it can reach our plates worth the read http share biomerieux com whzc5wyfuywp,t stop at hospitals,t stop at hospitals,t stop at hospitals,t stop at hospitals,ngram_4,4,19,3,False,False,False,3
at://did:plc:24e6n6hmxhouhrgwnff7o5tv/app.bsky.feed.post/3mijsuw5p2f2o,2026-04-02T18:17:13Z,"🍽️🦠 Antimicrobial resistance doesn’t stop at hospitals, it can reach our plates.
👉 Worth the read: http://share.biomerieux.com/whZc5WyFUYwP",🍽️🦠 antimicrobial resistance doesn't stop at hospitals it can reach our plates 👉 worth the read http share biomerieux com whzc5wyfuywp,antimicrobial resistance doesn t stop at hospitals it can reach our plates worth the read http share biomerieux com whzc5wyfuywp,hospitals it can reach,hospitals it can reach,hospitals it can reach,hospitals it can reach,ngram_4,4,22,4,False,False,False,6
at://did:plc:24e6n6hmxhouhrgwnff7o5tv/app.bsky.feed.post/3mijsuw5p2f2o,2026-04-02T18:17:13Z,"🍽️🦠 Antimicrobial resistance doesn’t stop at hospitals, it can reach our plates.
👉 Worth the read: http://share.biomerieux.com/whZc5WyFUYwP",🍽️🦠 antimicrobial resistance doesn't stop at hospitals it can reach our plates 👉 worth the read http share biomerieux com whzc5wyfuywp,antimicrobial resistance doesn t stop at hospitals it can reach our plates worth the read http share biomerieux com whzc5wyfuywp,can reach our plates,can reach our plates,can reach our plates,can reach our plates,ngram_4,4,20,5,False,False,False,8
at://did:plc:24e6n6hmxhouhrgwnff7o5tv/app.bsky.feed.post/3mijsuw5p2f2o,2026-04-02T18:17:13Z,"🍽️🦠 Antimicrobial resistance doesn’t stop at hospitals, it can reach our plates.
👉 Worth the read: http://share.biomerieux.com/whZc5WyFUYwP",🍽️🦠 antimicrobial resistance doesn't stop at hospitals it can reach our plates 👉 worth the read http share biomerieux com whzc5wyfuywp,antimicrobial resistance doesn t stop at hospitals it can reach our plates worth the read http share biomerieux com whzc5wyfuywp,reach our plates worth,reach our plates worth,reach our plates worth,reach our plates worth,ngram_4,4,22,6,False,False,False,9
at://did:plc:24e6n6hmxhouhrgwnff7o5tv/app.bsky.feed.post/3mijsuw5p2f2o,2026-04-02T18:17:13Z,"🍽️🦠 Antimicrobial resistance doesn’t stop at hospitals, it can reach our plates.
👉 Worth the read: http://share.biomerieux.com/whZc5WyFUYwP",🍽️🦠 antimicrobial resistance doesn't stop at hospitals it can reach our plates 👉 worth the read http share biomerieux com whzc5wyfuywp,antimicrobial resistance doesn t stop at hospitals it can reach our plates worth the read http share biomerieux com whzc5wyfuywp,plates worth the read,plates worth the read,plates worth the read,plates worth the read,ngram_4,4,21,7,False,False,False,11
at://did:plc:24e6n6hmxhouhrgwnff7o5tv/app.bsky.feed.post/3mijsuw5p2f2o,2026-04-02T18:17:13Z,"🍽️🦠 Antimicrobial resistance doesn’t stop at hospitals, it can reach our plates.
👉 Worth the read: http://share.biomerieux.com/whZc5WyFUYwP",🍽️🦠 antimicrobial resistance doesn't stop at hospitals it can reach our plates 👉 worth the read http share biomerieux com whzc5wyfuywp,antimicrobial resistance doesn t stop at hospitals it can reach our plates worth the read http share biomerieux com whzc5wyfuywp,worth the read http,worth the read http,worth the read http,worth the read http,ngram_4,4,19,8,False,False,False,12
at://did:plc:24e6n6hmxhouhrgwnff7o5tv/app.bsky.feed.post/3mijsuw5p2f2o,2026-04-02T18:17:13Z,"🍽️🦠 Antimicrobial resistance doesn’t stop at hospitals, it can reach our plates.
👉 Worth the read: http://share.biomerieux.com/whZc5WyFUYwP",🍽️🦠 antimicrobial resistance doesn't stop at hospitals it can reach our plates 👉 worth the read http share biomerieux com whzc5wyfuywp,antimicrobial resistance doesn t stop at hospitals it can reach our plates worth the read http share biomerieux com whzc5wyfuywp,read http share biomerieux,read http share biomerieux,read http share biomerieux,read http share biomerieux,ngram_4,4,26,9,False,False,False,14
at://did:plc:24e6n6hmxhouhrgwnff7o5tv/app.bsky.feed.post/3mijsuw5p2f2o,2026-04-02T18:17:13Z,"🍽️🦠 Antimicrobial resistance doesn’t stop at hospitals, it can reach our plates.
👉 Worth the read: http://share.biomerieux.com/whZc5WyFUYwP",🍽️🦠 antimicrobial resistance doesn't stop at hospitals it can reach our plates 👉 worth the read http share biomerieux com whzc5wyfuywp,antimicrobial resistance doesn t stop at hospitals it can reach our plates worth the read http share biomerieux com whzc5wyfuywp,antimicrobial resistance doesn,antimicrobial resistance doesn,antimicrobial resistance doesn,antimicrobial resistance doesn,ngram_3,3,30,10,False,False,False,0
at://did:plc:24e6n6hmxhouhrgwnff7o5tv/app.bsky.feed.post/3mijsuw5p2f2o,2026-04-02T18:17:13Z,"🍽️🦠 Antimicrobial resistance doesn’t stop at hospitals, it can reach our plates.
👉 Worth the read: http://share.biomerieux.com/whZc5WyFUYwP",🍽️🦠 antimicrobial resistance doesn't stop at hospitals it can reach our plates 👉 worth the read http share biomerieux com whzc5wyfuywp,antimicrobial resistance doesn t stop at hospitals it can reach our plates worth the read http share biomerieux com whzc5wyfuywp,resistance doesn t,resistance doesn t,resistance doesn t,resistance doesn t,ngram_3,3,18,11,False,False,False,1
at://did:plc:24e6n6hmxhouhrgwnff7o5tv/app.bsky.feed.post/3mijsuw5p2f2o,2026-04-02T18:17:13Z,"🍽️🦠 Antimicrobial resistance doesn’t stop at hospitals, it can reach our plates.
👉 Worth the read: http://share.biomerieux.com/whZc5WyFUYwP",🍽️🦠 antimicrobial resistance doesn't stop at hospitals it can reach our plates 👉 worth the read http share biomerieux com whzc5wyfuywp,antimicrobial resistance doesn t stop at hospitals it can reach our plates worth the read http share biomerieux com whzc5wyfuywp,doesn t stop,doesn t stop,doesn t stop,doesn t stop,ngram_3,3,12,12,False,False,False,2
at://did:plc:24e6n6hmxhouhrgwnff7o5tv/app.bsky.feed.post/3mijsuw5p2f2o,2026-04-02T18:17:13Z,"🍽️🦠 Antimicrobial resistance doesn’t stop at hospitals, it can reach our plates.
👉 Worth the read: http://share.biomerieux.com/whZc5WyFUYwP",🍽️🦠 antimicrobial resistance doesn't stop at hospitals it can reach our plates 👉 worth the read http share biomerieux com whzc5wyfuywp,antimicrobial resistance doesn t stop at hospitals it can reach our plates worth the read http share biomerieux com whzc5wyfuywp,stop at hospitals,stop at hospitals,stop at hospitals,stop at hospitals,ngram_3,3,17,13,False,False,False,4
at://did:plc:24e6n6hmxhouhrgwnff7o5tv/app.bsky.feed.post/3mijsuw5p2f2o,2026-04-02T18:17:13Z,"🍽️🦠 Antimicrobial resistance doesn’t stop at hospitals, it can reach our plates.
👉 Worth the read: http://share.biomerieux.com/whZc5WyFUYwP",🍽️🦠 antimicrobial resistance doesn't stop at hospitals it can reach our plates 👉 worth the read http share biomerieux com whzc5wyfuywp,antimicrobial resistance doesn t stop at hospitals it can reach our plates worth the read http share biomerieux com whzc5wyfuywp,hospitals it can,hospitals it can,hospitals it can,hospitals it can,ngram_3,3,16,14,False,False,False,6
at://did:plc:24e6n6hmxhouhrgwnff7o5tv/app.bsky.feed.post/3mijsuw5p2f2o,2026-04-02T18:17:13Z,"🍽️🦠 Antimicrobial resistance doesn’t stop at hospitals, it can reach our plates.
👉 Worth the read: http://share.biomerieux.com/whZc5WyFUYwP",🍽️🦠 antimicrobial resistance doesn't stop at hospitals it can reach our plates 👉 worth the read http share biomerieux com whzc5wyfuywp,antimicrobial resistance doesn t stop at hospitals it can reach our plates worth the read http share biomerieux com whzc5wyfuywp,reach our plates,reach our plates,reach our plates,reach our plates,ngram_3,3,16,15,False,False,False,9
at://did:plc:24e6n6hmxhouhrgwnff7o5tv/app.bsky.feed.post/3mijsuw5p2f2o,2026-04-02T18:17:13Z,"🍽️🦠 Antimicrobial resistance doesn’t stop at hospitals, it can reach our plates.
👉 Worth the read: http://share.biomerieux.com/whZc5WyFUYwP",🍽️🦠 antimicrobial resistance doesn't stop at hospitals it can reach our plates 👉 worth the read http share biomerieux com whzc5wyfuywp,antimicrobial resistance doesn t stop at hospitals it can reach our plates worth the read http share biomerieux com whzc5wyfuywp,worth the read,worth the read,worth the read,worth the read,ngram_3,3,14,16,False,False,False,12
at://did:plc:24e6n6hmxhouhrgwnff7o5tv/app.bsky.feed.post/3mijsuw5p2f2o,2026-04-02T18:17:13Z,"🍽️🦠 Antimicrobial resistance doesn’t stop at hospitals, it can reach our plates.
👉 Worth the read: http://share.biomerieux.com/whZc5WyFUYwP",🍽️🦠 antimicrobial resistance doesn't stop at hospitals it can reach our plates 👉 worth the read http share biomerieux com whzc5wyfuywp,antimicrobial resistance doesn t stop at hospitals it can reach our plates worth the read http share biomerieux com whzc5wyfuywp,read http share,read http share,read http share,read http share,ngram_3,3,15,17,False,False,False,14
at://did:plc:24e6n6hmxhouhrgwnff7o5tv/app.bsky.feed.post/3mijsuw5p2f2o,2026-04-02T18:17:13Z,"🍽️🦠 Antimicrobial resistance doesn’t stop at hospitals, it can reach our plates.
👉 Worth the read: http://share.biomerieux.com/whZc5WyFUYwP",🍽️🦠 antimicrobial resistance doesn't stop at hospitals it can reach our plates 👉 worth the read http share biomerieux com whzc5wyfuywp,antimicrobial resistance doesn t stop at hospitals it can reach our plates worth the read http share biomerieux com whzc5wyfuywp,http share biomerieux,http share biomerieux,http share biomerieux,http share biomerieux,ngram_3,3,21,18,False,False,False,15
at://did:plc:24e6n6hmxhouhrgwnff7o5tv/app.bsky.feed.post/3mijsuw5p2f2o,2026-04-02T18:17:13Z,"🍽️🦠 Antimicrobial resistance doesn’t stop at hospitals, it can reach our plates.
👉 Worth the read: http://share.biomerieux.com/whZc5WyFUYwP",🍽️🦠 antimicrobial resistance doesn't stop at hospitals it can reach our plates 👉 worth the read http share biomerieux com whzc5wyfuywp,antimicrobial resistance doesn t stop at hospitals it can reach our plates worth the read http share biomerieux com whzc5wyfuywp,share biomerieux com,share biomerieux com,share biomerieux com,share biomerieux com,ngram_3,3,20,19,False,False,False,16
at://did:plc:24e6n6hmxhouhrgwnff7o5tv/app.bsky.feed.post/3mijsuw5p2f2o,2026-04-02T18:17:13Z,"🍽️🦠 Antimicrobial resistance doesn’t stop at hospitals, it can reach our plates.
👉 Worth the read: http://share.biomerieux.com/whZc5WyFUYwP",🍽️🦠 antimicrobial resistance doesn't stop at hospitals it can reach our plates 👉 worth the read http share biomerieux com whzc5wyfuywp,antimicrobial resistance doesn t stop at hospitals it can reach our plates worth the read http share biomerieux com whzc5wyfuywp,antimicrobial resistance,antimicrobial resistance,antimicrobial resistance,antimicrobial resistance,ngram_2,2,24,20,False,False,False,0
at://did:plc:24goyoimcui6dhxo2jgltp5u/app.bsky.feed.post/3mijsu5jfhv2v,2026-04-02T18:16:48+00:00,"[Jersey Trees For Life (fb)] Next Thursday (9 April) we'll be at Mourier Valley with The National Trust for Jersey for Free the Trees, a morning of r...
https://www.facebook.com/jerseytreesforlife/posts/pfbid04dD4JHQLWukaZHsTRFXWcHVoDVQDwRTujfb6sL5e2mVAX7wXtdZYvAwzNKCp8hKTl",jersey trees for life fb next thursday 9 april we'll be at mourier valley with the national trust for jersey for free the trees a morning of r https www facebook com jerseytreesforlife posts pfbid04dd4jhqlwukazhstrfxwchvodvqdwrtujfb6sl5e2mvax7wxtdzyvawznkcp8hktl,jersey trees for life fb next thursday 9 april we ll be at mourier valley with the national trust for jersey for free the trees a morning of r https www facebook com jerseytreesforlife posts pfbid04dd4jhqlwukazhstrfxwchvodvqdwrtujfb6sl5e2mvax7wxtdzyvawznkcp8hktl,jersey trees for life,jersey trees for life,jersey trees for life,jersey trees for life,ngram_4,4,21,1,False,False,False,0
at://did:plc:24goyoimcui6dhxo2jgltp5u/app.bsky.feed.post/3mijsu5jfhv2v,2026-04-02T18:16:48+00:00,"[Jersey Trees For Life (fb)] Next Thursday (9 April) we'll be at Mourier Valley with The National Trust for Jersey for Free the Trees, a morning of r...
https://www.facebook.com/jerseytreesforlife/posts/pfbid04dD4JHQLWukaZHsTRFXWcHVoDVQDwRTujfb6sL5e2mVAX7wXtdZYvAwzNKCp8hKTl",jersey trees for life fb next thursday 9 april we'll be at mourier valley with the national trust for jersey for free the trees a morning of r https www facebook com jerseytreesforlife posts pfbid04dd4jhqlwukazhstrfxwchvodvqdwrtujfb6sl5e2mvax7wxtdzyvawznkcp8hktl,jersey trees for life fb next thursday 9 april we ll be at mourier valley with the national trust for jersey for free the trees a morning of r https www facebook com jerseytreesforlife posts pfbid04dd4jhqlwukazhstrfxwchvodvqdwrtujfb6sl5e2mvax7wxtdzyvawznkcp8hktl,trees for life fb,trees for life fb,trees for life fb,trees for life fb,ngram_4,4,17,2,False,False,False,1
at://did:plc:24goyoimcui6dhxo2jgltp5u/app.bsky.feed.post/3mijsu5jfhv2v,2026-04-02T18:16:48+00:00,"[Jersey Trees For Life (fb)] Next Thursday (9 April) we'll be at Mourier Valley with The National Trust for Jersey for Free the Trees, a morning of r...
https://www.facebook.com/jerseytreesforlife/posts/pfbid04dD4JHQLWukaZHsTRFXWcHVoDVQDwRTujfb6sL5e2mVAX7wXtdZYvAwzNKCp8hKTl",jersey trees for life fb next thursday 9 april we'll be at mourier valley with the national trust for jersey for free the trees a morning of r https www facebook com jerseytreesforlife posts pfbid04dd4jhqlwukazhstrfxwchvodvqdwrtujfb6sl5e2mvax7wxtdzyvawznkcp8hktl,jersey trees for life fb next thursday 9 april we ll be at mourier valley with the national trust for jersey for free the trees a morning of r https www facebook com jerseytreesforlife posts pfbid04dd4jhqlwukazhstrfxwchvodvqdwrtujfb6sl5e2mvax7wxtdzyvawznkcp8hktl,life fb next thursday,life fb next thursday,life fb next thursday,life fb next thursday,ngram_4,4,21,3,False,False,False,3
at://did:plc:24goyoimcui6dhxo2jgltp5u/app.bsky.feed.post/3mijsu5jfhv2v,2026-04-02T18:16:48+00:00,"[Jersey Trees For Life (fb)] Next Thursday (9 April) we'll be at Mourier Valley with The National Trust for Jersey for Free the Trees, a morning of r...
https://www.facebook.com/jerseytreesforlife/posts/pfbid04dD4JHQLWukaZHsTRFXWcHVoDVQDwRTujfb6sL5e2mVAX7wXtdZYvAwzNKCp8hKTl",jersey trees for life fb next thursday 9 april we'll be at mourier valley with the national trust for jersey for free the trees a morning of r https www facebook com jerseytreesforlife posts pfbid04dd4jhqlwukazhstrfxwchvodvqdwrtujfb6sl5e2mvax7wxtdzyvawznkcp8hktl,jersey trees for life fb next thursday 9 april we ll be at mourier valley with the national trust for jersey for free the trees a morning of r https www facebook com jerseytreesforlife posts pfbid04dd4jhqlwukazhstrfxwchvodvqdwrtujfb6sl5e2mvax7wxtdzyvawznkcp8hktl,fb next thursday 9,fb next thursday 9,fb next thursday 9,fb next thursday 9,ngram_4,4,18,4,False,True,False,4
at://did:plc:24goyoimcui6dhxo2jgltp5u/app.bsky.feed.post/3mijsu5jfhv2v,2026-04-02T18:16:48+00:00,"[Jersey Trees For Life (fb)] Next Thursday (9 April) we'll be at Mourier Valley with The National Trust for Jersey for Free the Trees, a morning of r...
https://www.facebook.com/jerseytreesforlife/posts/pfbid04dD4JHQLWukaZHsTRFXWcHVoDVQDwRTujfb6sL5e2mVAX7wXtdZYvAwzNKCp8hKTl",jersey trees for life fb next thursday 9 april we'll be at mourier valley with the national trust for jersey for free the trees a morning of r https www facebook com jerseytreesforlife posts pfbid04dd4jhqlwukazhstrfxwchvodvqdwrtujfb6sl5e2mvax7wxtdzyvawznkcp8hktl,jersey trees for life fb next thursday 9 april we ll be at mourier valley with the national trust for jersey for free the trees a morning of r https www facebook com jerseytreesforlife posts pfbid04dd4jhqlwukazhstrfxwchvodvqdwrtujfb6sl5e2mvax7wxtdzyvawznkcp8hktl,next thursday 9 april,next thursday 9 april,next thursday 9 april,next thursday 9 april,ngram_4,4,21,5,False,True,False,5
at://did:plc:24goyoimcui6dhxo2jgltp5u/app.bsky.feed.post/3mijsu5jfhv2v,2026-04-02T18:16:48+00:00,"[Jersey Trees For Life (fb)] Next Thursday (9 April) we'll be at Mourier Valley with The National Trust for Jersey for Free the Trees, a morning of r...
https://www.facebook.com/jerseytreesforlife/posts/pfbid04dD4JHQLWukaZHsTRFXWcHVoDVQDwRTujfb6sL5e2mVAX7wXtdZYvAwzNKCp8hKTl",jersey trees for life fb next thursday 9 april we'll be at mourier valley with the national trust for jersey for free the trees a morning of r https www facebook com jerseytreesforlife posts pfbid04dd4jhqlwukazhstrfxwchvodvqdwrtujfb6sl5e2mvax7wxtdzyvawznkcp8hktl,jersey trees for life fb next thursday 9 april we ll be at mourier valley with the national trust for jersey for free the trees a morning of r https www facebook com jerseytreesforlife posts pfbid04dd4jhqlwukazhstrfxwchvodvqdwrtujfb6sl5e2mvax7wxtdzyvawznkcp8hktl,9 april we ll,9 april we ll,9 april we ll,9 april we ll,ngram_4,4,13,6,False,True,False,7
at://did:plc:24goyoimcui6dhxo2jgltp5u/app.bsky.feed.post/3mijsu5jfhv2v,2026-04-02T18:16:48+00:00,"[Jersey Trees For Life (fb)] Next Thursday (9 April) we'll be at Mourier Valley with The National Trust for Jersey for Free the Trees, a morning of r...
https://www.facebook.com/jerseytreesforlife/posts/pfbid04dD4JHQLWukaZHsTRFXWcHVoDVQDwRTujfb6sL5e2mVAX7wXtdZYvAwzNKCp8hKTl",jersey trees for life fb next thursday 9 april we'll be at mourier valley with the national trust for jersey for free the trees a morning of r https www facebook com jerseytreesforlife posts pfbid04dd4jhqlwukazhstrfxwchvodvqdwrtujfb6sl5e2mvax7wxtdzyvawznkcp8hktl,jersey trees for life fb next thursday 9 april we ll be at mourier valley with the national trust for jersey for free the trees a morning of r https www facebook com jerseytreesforlife posts pfbid04dd4jhqlwukazhstrfxwchvodvqdwrtujfb6sl5e2mvax7wxtdzyvawznkcp8hktl,ll be at mourier,ll be at mourier,ll be at mourier,ll be at mourier,ngram_4,4,16,7,False,False,False,10
at://did:plc:24goyoimcui6dhxo2jgltp5u/app.bsky.feed.post/3mijsu5jfhv2v,2026-04-02T18:16:48+00:00,"[Jersey Trees For Life (fb)] Next Thursday (9 April) we'll be at Mourier Valley with The National Trust for Jersey for Free the Trees, a morning of r...
https://www.facebook.com/jerseytreesforlife/posts/pfbid04dD4JHQLWukaZHsTRFXWcHVoDVQDwRTujfb6sL5e2mVAX7wXtdZYvAwzNKCp8hKTl",jersey trees for life fb next thursday 9 april we'll be at mourier valley with the national trust for jersey for free the trees a morning of r https www facebook com jerseytreesforlife posts pfbid04dd4jhqlwukazhstrfxwchvodvqdwrtujfb6sl5e2mvax7wxtdzyvawznkcp8hktl,jersey trees for life fb next thursday 9 april we ll be at mourier valley with the national trust for jersey for free the trees a morning of r https www facebook com jerseytreesforlife posts pfbid04dd4jhqlwukazhstrfxwchvodvqdwrtujfb6sl5e2mvax7wxtdzyvawznkcp8hktl,valley with the national,valley with the national,valley with the national,valley with the national,ngram_4,4,24,8,False,False,False,14
at://did:plc:24goyoimcui6dhxo2jgltp5u/app.bsky.feed.post/3mijsu5jfhv2v,2026-04-02T18:16:48+00:00,"[Jersey Trees For Life (fb)] Next Thursday (9 April) we'll be at Mourier Valley with The National Trust for Jersey for Free the Trees, a morning of r...
https://www.facebook.com/jerseytreesforlife/posts/pfbid04dD4JHQLWukaZHsTRFXWcHVoDVQDwRTujfb6sL5e2mVAX7wXtdZYvAwzNKCp8hKTl",jersey trees for life fb next thursday 9 april we'll be at mourier valley with the national trust for jersey for free the trees a morning of r https www facebook com jerseytreesforlife posts pfbid04dd4jhqlwukazhstrfxwchvodvqdwrtujfb6sl5e2mvax7wxtdzyvawznkcp8hktl,jersey trees for life fb next thursday 9 april we ll be at mourier valley with the national trust for jersey for free the trees a morning of r https www facebook com jerseytreesforlife posts pfbid04dd4jhqlwukazhstrfxwchvodvqdwrtujfb6sl5e2mvax7wxtdzyvawznkcp8hktl,national trust for jersey,national trust for jersey,national trust for jersey,national trust for jersey,ngram_4,4,25,9,False,False,False,17
at://did:plc:24goyoimcui6dhxo2jgltp5u/app.bsky.feed.post/3mijsu5jfhv2v,2026-04-02T18:16:48+00:00,"[Jersey Trees For Life (fb)] Next Thursday (9 April) we'll be at Mourier Valley with The National Trust for Jersey for Free the Trees, a morning of r...
https://www.facebook.com/jerseytreesforlife/posts/pfbid04dD4JHQLWukaZHsTRFXWcHVoDVQDwRTujfb6sL5e2mVAX7wXtdZYvAwzNKCp8hKTl",jersey trees for life fb next thursday 9 april we'll be at mourier valley with the national trust for jersey for free the trees a morning of r https www facebook com jerseytreesforlife posts pfbid04dd4jhqlwukazhstrfxwchvodvqdwrtujfb6sl5e2mvax7wxtdzyvawznkcp8hktl,jersey trees for life fb next thursday 9 april we ll be at mourier valley with the national trust for jersey for free the trees a morning of r https www facebook com jerseytreesforlife posts pfbid04dd4jhqlwukazhstrfxwchvodvqdwrtujfb6sl5e2mvax7wxtdzyvawznkcp8hktl,morning of r https,morning of r https,morning of r https,morning of r https,ngram_4,4,18,10,False,False,False,26
at://did:plc:24goyoimcui6dhxo2jgltp5u/app.bsky.feed.post/3mijsu5jfhv2v,2026-04-02T18:16:48+00:00,"[Jersey Trees For Life (fb)] Next Thursday (9 April) we'll be at Mourier Valley with The National Trust for Jersey for Free the Trees, a morning of r...
https://www.facebook.com/jerseytreesforlife/posts/pfbid04dD4JHQLWukaZHsTRFXWcHVoDVQDwRTujfb6sL5e2mVAX7wXtdZYvAwzNKCp8hKTl",jersey trees for life fb next thursday 9 april we'll be at mourier valley with the national trust for jersey for free the trees a morning of r https www facebook com jerseytreesforlife posts pfbid04dd4jhqlwukazhstrfxwchvodvqdwrtujfb6sl5e2mvax7wxtdzyvawznkcp8hktl,jersey trees for life fb next thursday 9 april we ll be at mourier valley with the national trust for jersey for free the trees a morning of r https www facebook com jerseytreesforlife posts pfbid04dd4jhqlwukazhstrfxwchvodvqdwrtujfb6sl5e2mvax7wxtdzyvawznkcp8hktl,facebook com jerseytreesforlife posts,facebook com jerseytreesforlife posts,facebook com jerseytreesforlife posts,facebook com jerseytreesforlife posts,ngram_4,4,37,11,False,False,False,31
at://did:plc:24goyoimcui6dhxo2jgltp5u/app.bsky.feed.post/3mijsu5jfhv2v,2026-04-02T18:16:48+00:00,"[Jersey Trees For Life (fb)] Next Thursday (9 April) we'll be at Mourier Valley with The National Trust for Jersey for Free the Trees, a morning of r...
https://www.facebook.com/jerseytreesforlife/posts/pfbid04dD4JHQLWukaZHsTRFXWcHVoDVQDwRTujfb6sL5e2mVAX7wXtdZYvAwzNKCp8hKTl",jersey trees for life fb next thursday 9 april we'll be at mourier valley with the national trust for jersey for free the trees a morning of r https www facebook com jerseytreesforlife posts pfbid04dd4jhqlwukazhstrfxwchvodvqdwrtujfb6sl5e2mvax7wxtdzyvawznkcp8hktl,jersey trees for life fb next thursday 9 april we ll be at mourier valley with the national trust for jersey for free the trees a morning of r https www facebook com jerseytreesforlife posts pfbid04dd4jhqlwukazhstrfxwchvodvqdwrtujfb6sl5e2mvax7wxtdzyvawznkcp8hktl,trees for life,trees for life,trees for life,trees for life,ngram_3,3,14,12,False,False,False,1
at://did:plc:24goyoimcui6dhxo2jgltp5u/app.bsky.feed.post/3mijsu5jfhv2v,2026-04-02T18:16:48+00:00,"[Jersey Trees For Life (fb)] Next Thursday (9 April) we'll be at Mourier Valley with The National Trust for Jersey for Free the Trees, a morning of r...
https://www.facebook.com/jerseytreesforlife/posts/pfbid04dD4JHQLWukaZHsTRFXWcHVoDVQDwRTujfb6sL5e2mVAX7wXtdZYvAwzNKCp8hKTl",jersey trees for life fb next thursday 9 april we'll be at mourier valley with the national trust for jersey for free the trees a morning of r https www facebook com jerseytreesforlife posts pfbid04dd4jhqlwukazhstrfxwchvodvqdwrtujfb6sl5e2mvax7wxtdzyvawznkcp8hktl,jersey trees for life fb next thursday 9 april we ll be at mourier valley with the national trust for jersey for free the trees a morning of r https www facebook com jerseytreesforlife posts pfbid04dd4jhqlwukazhstrfxwchvodvqdwrtujfb6sl5e2mvax7wxtdzyvawznkcp8hktl,life fb next,life fb next,life fb next,life fb next,ngram_3,3,12,13,False,False,False,3
at://did:plc:24goyoimcui6dhxo2jgltp5u/app.bsky.feed.post/3mijsu5jfhv2v,2026-04-02T18:16:48+00:00,"[Jersey Trees For Life (fb)] Next Thursday (9 April) we'll be at Mourier Valley with The National Trust for Jersey for Free the Trees, a morning of r...
https://www.facebook.com/jerseytreesforlife/posts/pfbid04dD4JHQLWukaZHsTRFXWcHVoDVQDwRTujfb6sL5e2mVAX7wXtdZYvAwzNKCp8hKTl",jersey trees for life fb next thursday 9 april we'll be at mourier valley with the national trust for jersey for free the trees a morning of r https www facebook com jerseytreesforlife posts pfbid04dd4jhqlwukazhstrfxwchvodvqdwrtujfb6sl5e2mvax7wxtdzyvawznkcp8hktl,jersey trees for life fb next thursday 9 april we ll be at mourier valley with the national trust for jersey for free the trees a morning of r https www facebook com jerseytreesforlife posts pfbid04dd4jhqlwukazhstrfxwchvodvqdwrtujfb6sl5e2mvax7wxtdzyvawznkcp8hktl,fb next thursday,fb next thursday,fb next thursday,fb next thursday,ngram_3,3,16,14,False,False,False,4
at://did:plc:24goyoimcui6dhxo2jgltp5u/app.bsky.feed.post/3mijsu5jfhv2v,2026-04-02T18:16:48+00:00,"[Jersey Trees For Life (fb)] Next Thursday (9 April) we'll be at Mourier Valley with The National Trust for Jersey for Free the Trees, a morning of r...
https://www.facebook.com/jerseytreesforlife/posts/pfbid04dD4JHQLWukaZHsTRFXWcHVoDVQDwRTujfb6sL5e2mVAX7wXtdZYvAwzNKCp8hKTl",jersey trees for life fb next thursday 9 april we'll be at mourier valley with the national trust for jersey for free the trees a morning of r https www facebook com jerseytreesforlife posts pfbid04dd4jhqlwukazhstrfxwchvodvqdwrtujfb6sl5e2mvax7wxtdzyvawznkcp8hktl,jersey trees for life fb next thursday 9 april we ll be at mourier valley with the national trust for jersey for free the trees a morning of r https www facebook com jerseytreesforlife posts pfbid04dd4jhqlwukazhstrfxwchvodvqdwrtujfb6sl5e2mvax7wxtdzyvawznkcp8hktl,next thursday 9,next thursday 9,next thursday 9,next thursday 9,ngram_3,3,15,15,False,True,False,5
at://did:plc:24goyoimcui6dhxo2jgltp5u/app.bsky.feed.post/3mijsu5jfhv2v,2026-04-02T18:16:48+00:00,"[Jersey Trees For Life (fb)] Next Thursday (9 April) we'll be at Mourier Valley with The National Trust for Jersey for Free the Trees, a morning of r...
https://www.facebook.com/jerseytreesforlife/posts/pfbid04dD4JHQLWukaZHsTRFXWcHVoDVQDwRTujfb6sL5e2mVAX7wXtdZYvAwzNKCp8hKTl",jersey trees for life fb next thursday 9 april we'll be at mourier valley with the national trust for jersey for free the trees a morning of r https www facebook com jerseytreesforlife posts pfbid04dd4jhqlwukazhstrfxwchvodvqdwrtujfb6sl5e2mvax7wxtdzyvawznkcp8hktl,jersey trees for life fb next thursday 9 april we ll be at mourier valley with the national trust for jersey for free the trees a morning of r https www facebook com jerseytreesforlife posts pfbid04dd4jhqlwukazhstrfxwchvodvqdwrtujfb6sl5e2mvax7wxtdzyvawznkcp8hktl,thursday 9 april,thursday 9 april,thursday 9 april,thursday 9 april,ngram_3,3,16,16,False,True,False,6
at://did:plc:24goyoimcui6dhxo2jgltp5u/app.bsky.feed.post/3mijsu5jfhv2v,2026-04-02T18:16:48+00:00,"[Jersey Trees For Life (fb)] Next Thursday (9 April) we'll be at Mourier Valley with The National Trust for Jersey for Free the Trees, a morning of r...
https://www.facebook.com/jerseytreesforlife/posts/pfbid04dD4JHQLWukaZHsTRFXWcHVoDVQDwRTujfb6sL5e2mVAX7wXtdZYvAwzNKCp8hKTl",jersey trees for life fb next thursday 9 april we'll be at mourier valley with the national trust for jersey for free the trees a morning of r https www facebook com jerseytreesforlife posts pfbid04dd4jhqlwukazhstrfxwchvodvqdwrtujfb6sl5e2mvax7wxtdzyvawznkcp8hktl,jersey trees for life fb next thursday 9 april we ll be at mourier valley with the national trust for jersey for free the trees a morning of r https www facebook com jerseytreesforlife posts pfbid04dd4jhqlwukazhstrfxwchvodvqdwrtujfb6sl5e2mvax7wxtdzyvawznkcp8hktl,april we ll,april we ll,april we ll,april we ll,ngram_3,3,11,17,False,False,False,8
at://did:plc:24goyoimcui6dhxo2jgltp5u/app.bsky.feed.post/3mijsu5jfhv2v,2026-04-02T18:16:48+00:00,"[Jersey Trees For Life (fb)] Next Thursday (9 April) we'll be at Mourier Valley with The National Trust for Jersey for Free the Trees, a morning of r...
https://www.facebook.com/jerseytreesforlife/posts/pfbid04dD4JHQLWukaZHsTRFXWcHVoDVQDwRTujfb6sL5e2mVAX7wXtdZYvAwzNKCp8hKTl",jersey trees for life fb next thursday 9 april we'll be at mourier valley with the national trust for jersey for free the trees a morning of r https www facebook com jerseytreesforlife posts pfbid04dd4jhqlwukazhstrfxwchvodvqdwrtujfb6sl5e2mvax7wxtdzyvawznkcp8hktl,jersey trees for life fb next thursday 9 april we ll be at mourier valley with the national trust for jersey for free the trees a morning of r https www facebook com jerseytreesforlife posts pfbid04dd4jhqlwukazhstrfxwchvodvqdwrtujfb6sl5e2mvax7wxtdzyvawznkcp8hktl,trust for jersey,trust for jersey,trust for jersey,trust for jersey,ngram_3,3,16,18,False,False,False,18
at://did:plc:24goyoimcui6dhxo2jgltp5u/app.bsky.feed.post/3mijsu5jfhv2v,2026-04-02T18:16:48+00:00,"[Jersey Trees For Life (fb)] Next Thursday (9 April) we'll be at Mourier Valley with The National Trust for Jersey for Free the Trees, a morning of r...
https://www.facebook.com/jerseytreesforlife/posts/pfbid04dD4JHQLWukaZHsTRFXWcHVoDVQDwRTujfb6sL5e2mVAX7wXtdZYvAwzNKCp8hKTl",jersey trees for life fb next thursday 9 april we'll be at mourier valley with the national trust for jersey for free the trees a morning of r https www facebook com jerseytreesforlife posts pfbid04dd4jhqlwukazhstrfxwchvodvqdwrtujfb6sl5e2mvax7wxtdzyvawznkcp8hktl,jersey trees for life fb next thursday 9 april we ll be at mourier valley with the national trust for jersey for free the trees a morning of r https www facebook com jerseytreesforlife posts pfbid04dd4jhqlwukazhstrfxwchvodvqdwrtujfb6sl5e2mvax7wxtdzyvawznkcp8hktl,jersey for free,jersey for free,jersey for free,jersey for free,ngram_3,3,15,19,False,False,False,20
at://did:plc:24goyoimcui6dhxo2jgltp5u/app.bsky.feed.post/3mijsu5jfhv2v,2026-04-02T18:16:48+00:00,"[Jersey Trees For Life (fb)] Next Thursday (9 April) we'll be at Mourier Valley with The National Trust for Jersey for Free the Trees, a morning of r...
https://www.facebook.com/jerseytreesforlife/posts/pfbid04dD4JHQLWukaZHsTRFXWcHVoDVQDwRTujfb6sL5e2mVAX7wXtdZYvAwzNKCp8hKTl",jersey trees for life fb next thursday 9 april we'll be at mourier valley with the national trust for jersey for free the trees a morning of r https www facebook com jerseytreesforlife posts pfbid04dd4jhqlwukazhstrfxwchvodvqdwrtujfb6sl5e2mvax7wxtdzyvawznkcp8hktl,jersey trees for life fb next thursday 9 april we ll be at mourier valley with the national trust for jersey for free the trees a morning of r https www facebook com jerseytreesforlife posts pfbid04dd4jhqlwukazhstrfxwchvodvqdwrtujfb6sl5e2mvax7wxtdzyvawznkcp8hktl,free the trees,free the trees,free the trees,free the trees,ngram_3,3,14,20,False,False,False,22
at://did:plc:24hwulbfbovormoacn4ubi7d/app.bsky.feed.post/3mijspega3k2a,2026-04-02T18:14:08.639Z,"Trumpistan, 2026-04-02. - Pam Bondi didn't kiss enough the ass of Donald J. Trump, Jeffrey Epstein's best friend. She also did not lie enough to the US Congress.",trumpistan 2026 04 02 pam bondi didn't kiss enough the ass of donald j trump jeffrey epstein's best friend she also did not lie enough to the us congress,trumpistan 2026 04 02 pam bondi didn t kiss enough the ass of donald j trump jeffrey epstein s best friend she also did not lie enough to the us congress,trumpistan 2026 04 02,trumpistan 2026 04 02,trumpistan 2026 04 02,trumpistan 2026 04 02,ngram_4,4,21,1,False,True,False,0
at://did:plc:24hwulbfbovormoacn4ubi7d/app.bsky.feed.post/3mijspega3k2a,2026-04-02T18:14:08.639Z,"Trumpistan, 2026-04-02. - Pam Bondi didn't kiss enough the ass of Donald J. Trump, Jeffrey Epstein's best friend. She also did not lie enough to the US Congress.",trumpistan 2026 04 02 pam bondi didn't kiss enough the ass of donald j trump jeffrey epstein's best friend she also did not lie enough to the us congress,trumpistan 2026 04 02 pam bondi didn t kiss enough the ass of donald j trump jeffrey epstein s best friend she also did not lie enough to the us congress,2026 04 02 pam,2026 04 02 pam,2026 04 02 pam,2026 04 02 pam,ngram_4,4,14,2,False,True,False,1
at://did:plc:24hwulbfbovormoacn4ubi7d/app.bsky.feed.post/3mijspega3k2a,2026-04-02T18:14:08.639Z,"Trumpistan, 2026-04-02. - Pam Bondi didn't kiss enough the ass of Donald J. Trump, Jeffrey Epstein's best friend. She also did not lie enough to the US Congress.",trumpistan 2026 04 02 pam bondi didn't kiss enough the ass of donald j trump jeffrey epstein's best friend she also did not lie enough to the us congress,trumpistan 2026 04 02 pam bondi didn t kiss enough the ass of donald j trump jeffrey epstein s best friend she also did not lie enough to the us congress,04 02 pam bondi,04 02 pam bondi,04 02 pam bondi,04 02 pam bondi,ngram_4,4,15,3,False,True,False,2
at://did:plc:24hwulbfbovormoacn4ubi7d/app.bsky.feed.post/3mijspega3k2a,2026-04-02T18:14:08.639Z,"Trumpistan, 2026-04-02. - Pam Bondi didn't kiss enough the ass of Donald J. Trump, Jeffrey Epstein's best friend. She also did not lie enough to the US Congress.",trumpistan 2026 04 02 pam bondi didn't kiss enough the ass of donald j trump jeffrey epstein's best friend she also did not lie enough to the us congress,trumpistan 2026 04 02 pam bondi didn t kiss enough the ass of donald j trump jeffrey epstein s best friend she also did not lie enough to the us congress,02 pam bondi didn,02 pam bondi didn,02 pam bondi didn,02 pam bondi didn,ngram_4,4,17,4,False,True,False,3
at://did:plc:24hwulbfbovormoacn4ubi7d/app.bsky.feed.post/3mijspega3k2a,2026-04-02T18:14:08.639Z,"Trumpistan, 2026-04-02. - Pam Bondi didn't kiss enough the ass of Donald J. Trump, Jeffrey Epstein's best friend. She also did not lie enough to the US Congress.",trumpistan 2026 04 02 pam bondi didn't kiss enough the ass of donald j trump jeffrey epstein's best friend she also did not lie enough to the us congress,trumpistan 2026 04 02 pam bondi didn t kiss enough the ass of donald j trump jeffrey epstein s best friend she also did not lie enough to the us congress,pam bondi didn t,pam bondi didn t,pam bondi didn t,pam bondi didn t,ngram_4,4,16,5,False,False,False,4
at://did:plc:24hwulbfbovormoacn4ubi7d/app.bsky.feed.post/3mijspega3k2a,2026-04-02T18:14:08.639Z,"Trumpistan, 2026-04-02. - Pam Bondi didn't kiss enough the ass of Donald J. Trump, Jeffrey Epstein's best friend. She also did not lie enough to the US Congress.",trumpistan 2026 04 02 pam bondi didn't kiss enough the ass of donald j trump jeffrey epstein's best friend she also did not lie enough to the us congress,trumpistan 2026 04 02 pam bondi didn t kiss enough the ass of donald j trump jeffrey epstein s best friend she also did not lie enough to the us congress,bondi didn t kiss,bondi didn t kiss,bondi didn t kiss,bondi didn t kiss,ngram_4,4,17,6,False,False,False,5
at://did:plc:24hwulbfbovormoacn4ubi7d/app.bsky.feed.post/3mijspega3k2a,2026-04-02T18:14:08.639Z,"Trumpistan, 2026-04-02. - Pam Bondi didn't kiss enough the ass of Donald J. Trump, Jeffrey Epstein's best friend. She also did not lie enough to the US Congress.",trumpistan 2026 04 02 pam bondi didn't kiss enough the ass of donald j trump jeffrey epstein's best friend she also did not lie enough to the us congress,trumpistan 2026 04 02 pam bondi didn t kiss enough the ass of donald j trump jeffrey epstein s best friend she also did not lie enough to the us congress,didn t kiss enough,didn t kiss enough,didn t kiss enough,didn t kiss enough,ngram_4,4,18,7,False,False,False,6
at://did:plc:24hwulbfbovormoacn4ubi7d/app.bsky.feed.post/3mijspega3k2a,2026-04-02T18:14:08.639Z,"Trumpistan, 2026-04-02. - Pam Bondi didn't kiss enough the ass of Donald J. Trump, Jeffrey Epstein's best friend. She also did not lie enough to the US Congress.",trumpistan 2026 04 02 pam bondi didn't kiss enough the ass of donald j trump jeffrey epstein's best friend she also did not lie enough to the us congress,trumpistan 2026 04 02 pam bondi didn t kiss enough the ass of donald j trump jeffrey epstein s best friend she also did not lie enough to the us congress,kiss enough the ass,kiss enough the ass,kiss enough the ass,kiss enough the ass,ngram_4,4,19,8,False,False,False,8
at://did:plc:24hwulbfbovormoacn4ubi7d/app.bsky.feed.post/3mijspega3k2a,2026-04-02T18:14:08.639Z,"Trumpistan, 2026-04-02. - Pam Bondi didn't kiss enough the ass of Donald J. Trump, Jeffrey Epstein's best friend. She also did not lie enough to the US Congress.",trumpistan 2026 04 02 pam bondi didn't kiss enough the ass of donald j trump jeffrey epstein's best friend she also did not lie enough to the us congress,trumpistan 2026 04 02 pam bondi didn t kiss enough the ass of donald j trump jeffrey epstein s best friend she also did not lie enough to the us congress,ass of donald j,ass of donald j,ass of donald j,ass of donald j,ngram_4,4,15,9,False,False,False,11
at://did:plc:24hwulbfbovormoacn4ubi7d/app.bsky.feed.post/3mijspega3k2a,2026-04-02T18:14:08.639Z,"Trumpistan, 2026-04-02. - Pam Bondi didn't kiss enough the ass of Donald J. Trump, Jeffrey Epstein's best friend. She also did not lie enough to the US Congress.",trumpistan 2026 04 02 pam bondi didn't kiss enough the ass of donald j trump jeffrey epstein's best friend she also did not lie enough to the us congress,trumpistan 2026 04 02 pam bondi didn t kiss enough the ass of donald j trump jeffrey epstein s best friend she also did not lie enough to the us congress,donald j trump jeffrey,donald j trump jeffrey,donald j trump jeffrey,donald j trump jeffrey,ngram_4,4,22,10,False,False,False,13
at://did:plc:24hwulbfbovormoacn4ubi7d/app.bsky.feed.post/3mijspega3k2a,2026-04-02T18:14:08.639Z,"Trumpistan, 2026-04-02. - Pam Bondi didn't kiss enough the ass of Donald J. Trump, Jeffrey Epstein's best friend. She also did not lie enough to the US Congress.",trumpistan 2026 04 02 pam bondi didn't kiss enough the ass of donald j trump jeffrey epstein's best friend she also did not lie enough to the us congress,trumpistan 2026 04 02 pam bondi didn t kiss enough the ass of donald j trump jeffrey epstein s best friend she also did not lie enough to the us congress,j trump jeffrey epstein,j trump jeffrey epstein,j trump jeffrey epstein,j trump jeffrey epstein,ngram_4,4,23,11,False,False,False,14
at://did:plc:24hwulbfbovormoacn4ubi7d/app.bsky.feed.post/3mijspega3k2a,2026-04-02T18:14:08.639Z,"Trumpistan, 2026-04-02. - Pam Bondi didn't kiss enough the ass of Donald J. Trump, Jeffrey Epstein's best friend. She also did not lie enough to the US Congress.",trumpistan 2026 04 02 pam bondi didn't kiss enough the ass of donald j trump jeffrey epstein's best friend she also did not lie enough to the us congress,trumpistan 2026 04 02 pam bondi didn t kiss enough the ass of donald j trump jeffrey epstein s best friend she also did not lie enough to the us congress,trump jeffrey epstein s,trump jeffrey epstein s,trump jeffrey epstein s,trump jeffrey epstein s,ngram_4,4,23,12,False,False,False,15
at://did:plc:24hwulbfbovormoacn4ubi7d/app.bsky.feed.post/3mijspega3k2a,2026-04-02T18:14:08.639Z,"Trumpistan, 2026-04-02. - Pam Bondi didn't kiss enough the ass of Donald J. Trump, Jeffrey Epstein's best friend. She also did not lie enough to the US Congress.",trumpistan 2026 04 02 pam bondi didn't kiss enough the ass of donald j trump jeffrey epstein's best friend she also did not lie enough to the us congress,trumpistan 2026 04 02 pam bondi didn t kiss enough the ass of donald j trump jeffrey epstein s best friend she also did not lie enough to the us congress,jeffrey epstein s best,jeffrey epstein s best,jeffrey epstein s best,jeffrey epstein s best,ngram_4,4,22,13,False,False,False,16
at://did:plc:24hwulbfbovormoacn4ubi7d/app.bsky.feed.post/3mijspega3k2a,2026-04-02T18:14:08.639Z,"Trumpistan, 2026-04-02. - Pam Bondi didn't kiss enough the ass of Donald J. Trump, Jeffrey Epstein's best friend. She also did not lie enough to the US Congress.",trumpistan 2026 04 02 pam bondi didn't kiss enough the ass of donald j trump jeffrey epstein's best friend she also did not lie enough to the us congress,trumpistan 2026 04 02 pam bondi didn t kiss enough the ass of donald j trump jeffrey epstein s best friend she also did not lie enough to the us congress,epstein s best friend,epstein s best friend,epstein s best friend,epstein s best friend,ngram_4,4,21,14,False,False,False,17
at://did:plc:24hwulbfbovormoacn4ubi7d/app.bsky.feed.post/3mijspega3k2a,2026-04-02T18:14:08.639Z,"Trumpistan, 2026-04-02. - Pam Bondi didn't kiss enough the ass of Donald J. Trump, Jeffrey Epstein's best friend. She also did not lie enough to the US Congress.",trumpistan 2026 04 02 pam bondi didn't kiss enough the ass of donald j trump jeffrey epstein's best friend she also did not lie enough to the us congress,trumpistan 2026 04 02 pam bondi didn t kiss enough the ass of donald j trump jeffrey epstein s best friend she also did not lie enough to the us congress,best friend she also,best friend she also,best friend she also,best friend she also,ngram_4,4,20,15,False,False,False,19
at://did:plc:24hwulbfbovormoacn4ubi7d/app.bsky.feed.post/3mijspega3k2a,2026-04-02T18:14:08.639Z,"Trumpistan, 2026-04-02. - Pam Bondi didn't kiss enough the ass of Donald J. Trump, Jeffrey Epstein's best friend. She also did not lie enough to the US Congress.",trumpistan 2026 04 02 pam bondi didn't kiss enough the ass of donald j trump jeffrey epstein's best friend she also did not lie enough to the us congress,trumpistan 2026 04 02 pam bondi didn t kiss enough the ass of donald j trump jeffrey epstein s best friend she also did not lie enough to the us congress,friend she also did,friend she also did,friend she also did,friend she also did,ngram_4,4,19,16,False,False,False,20
at://did:plc:24hwulbfbovormoacn4ubi7d/app.bsky.feed.post/3mijspega3k2a,2026-04-02T18:14:08.639Z,"Trumpistan, 2026-04-02. - Pam Bondi didn't kiss enough the ass of Donald J. Trump, Jeffrey Epstein's best friend. She also did not lie enough to the US Congress.",trumpistan 2026 04 02 pam bondi didn't kiss enough the ass of donald j trump jeffrey epstein's best friend she also did not lie enough to the us congress,trumpistan 2026 04 02 pam bondi didn t kiss enough the ass of donald j trump jeffrey epstein s best friend she also did not lie enough to the us congress,also did not lie,also did not lie,also did not lie,also did not lie,ngram_4,4,16,17,False,False,False,22
at://did:plc:24hwulbfbovormoacn4ubi7d/app.bsky.feed.post/3mijspega3k2a,2026-04-02T18:14:08.639Z,"Trumpistan, 2026-04-02. - Pam Bondi didn't kiss enough the ass of Donald J. Trump, Jeffrey Epstein's best friend. She also did not lie enough to the US Congress.",trumpistan 2026 04 02 pam bondi didn't kiss enough the ass of donald j trump jeffrey epstein's best friend she also did not lie enough to the us congress,trumpistan 2026 04 02 pam bondi didn t kiss enough the ass of donald j trump jeffrey epstein s best friend she also did not lie enough to the us congress,did not lie enough,did not lie enough,did not lie enough,did not lie enough,ngram_4,4,18,18,False,False,False,23
at://did:plc:24hwulbfbovormoacn4ubi7d/app.bsky.feed.post/3mijspega3k2a,2026-04-02T18:14:08.639Z,"Trumpistan, 2026-04-02. - Pam Bondi didn't kiss enough the ass of Donald J. Trump, Jeffrey Epstein's best friend. She also did not lie enough to the US Congress.",trumpistan 2026 04 02 pam bondi didn't kiss enough the ass of donald j trump jeffrey epstein's best friend she also did not lie enough to the us congress,trumpistan 2026 04 02 pam bondi didn t kiss enough the ass of donald j trump jeffrey epstein s best friend she also did not lie enough to the us congress,trumpistan 2026 04,trumpistan 2026 04,trumpistan 2026 04,trumpistan 2026 04,ngram_3,3,18,19,False,True,False,0
at://did:plc:24hwulbfbovormoacn4ubi7d/app.bsky.feed.post/3mijspega3k2a,2026-04-02T18:14:08.639Z,"Trumpistan, 2026-04-02. - Pam Bondi didn't kiss enough the ass of Donald J. Trump, Jeffrey Epstein's best friend. She also did not lie enough to the US Congress.",trumpistan 2026 04 02 pam bondi didn't kiss enough the ass of donald j trump jeffrey epstein's best friend she also did not lie enough to the us congress,trumpistan 2026 04 02 pam bondi didn t kiss enough the ass of donald j trump jeffrey epstein s best friend she also did not lie enough to the us congress,2026 04 02,2026 04 02,2026 04 02,2026 04 02,ngram_3,3,10,20,False,True,False,1
at://did:plc:24je276xut6snvtsl47xayy3/app.bsky.feed.post/3mijsvlko2k2k,2026-04-02T18:17:37.449Z,They're either incredibly stupid or so dedicated to his (and their) nefarious goals that they just have HUGE blind spots when it comes to their perception(s) about his loyalty to them.,they're either incredibly stupid or so dedicated to his and their nefarious goals that they just have huge blind spots when it comes to their perception s about his loyalty to them,they re either incredibly stupid or so dedicated to his and their nefarious goals that they just have huge blind spots when it comes to their perception s about his loyalty to them,re either incredibly stupid,re either incredibly stupid,re either incredibly stupid,re either incredibly stupid,ngram_4,4,27,1,False,False,False,1
at://did:plc:24je276xut6snvtsl47xayy3/app.bsky.feed.post/3mijsvlko2k2k,2026-04-02T18:17:37.449Z,They're either incredibly stupid or so dedicated to his (and their) nefarious goals that they just have HUGE blind spots when it comes to their perception(s) about his loyalty to them.,they're either incredibly stupid or so dedicated to his and their nefarious goals that they just have huge blind spots when it comes to their perception s about his loyalty to them,they re either incredibly stupid or so dedicated to his and their nefarious goals that they just have huge blind spots when it comes to their perception s about his loyalty to them,incredibly stupid or so,incredibly stupid or so,incredibly stupid or so,incredibly stupid or so,ngram_4,4,23,2,False,False,False,3
at://did:plc:24je276xut6snvtsl47xayy3/app.bsky.feed.post/3mijsvlko2k2k,2026-04-02T18:17:37.449Z,They're either incredibly stupid or so dedicated to his (and their) nefarious goals that they just have HUGE blind spots when it comes to their perception(s) about his loyalty to them.,they're either incredibly stupid or so dedicated to his and their nefarious goals that they just have huge blind spots when it comes to their perception s about his loyalty to them,they re either incredibly stupid or so dedicated to his and their nefarious goals that they just have huge blind spots when it comes to their perception s about his loyalty to them,stupid or so dedicated,stupid or so dedicated,stupid or so dedicated,stupid or so dedicated,ngram_4,4,22,3,False,False,False,4
at://did:plc:24je276xut6snvtsl47xayy3/app.bsky.feed.post/3mijsvlko2k2k,2026-04-02T18:17:37.449Z,They're either incredibly stupid or so dedicated to his (and their) nefarious goals that they just have HUGE blind spots when it comes to their perception(s) about his loyalty to them.,they're either incredibly stupid or so dedicated to his and their nefarious goals that they just have huge blind spots when it comes to their perception s about his loyalty to them,they re either incredibly stupid or so dedicated to his and their nefarious goals that they just have huge blind spots when it comes to their perception s about his loyalty to them,goals that they just,goals that they just,goals that they just,goals that they just,ngram_4,4,20,4,False,False,False,13
at://did:plc:24je276xut6snvtsl47xayy3/app.bsky.feed.post/3mijsvlko2k2k,2026-04-02T18:17:37.449Z,They're either incredibly stupid or so dedicated to his (and their) nefarious goals that they just have HUGE blind spots when it comes to their perception(s) about his loyalty to them.,they're either incredibly stupid or so dedicated to his and their nefarious goals that they just have huge blind spots when it comes to their perception s about his loyalty to them,they re either incredibly stupid or so dedicated to his and their nefarious goals that they just have huge blind spots when it comes to their perception s about his loyalty to them,just have huge blind,just have huge blind,just have huge blind,just have huge blind,ngram_4,4,20,5,False,False,False,16
at://did:plc:24je276xut6snvtsl47xayy3/app.bsky.feed.post/3mijsvlko2k2k,2026-04-02T18:17:37.449Z,They're either incredibly stupid or so dedicated to his (and their) nefarious goals that they just have HUGE blind spots when it comes to their perception(s) about his loyalty to them.,they're either incredibly stupid or so dedicated to his and their nefarious goals that they just have huge blind spots when it comes to their perception s about his loyalty to them,they re either incredibly stupid or so dedicated to his and their nefarious goals that they just have huge blind spots when it comes to their perception s about his loyalty to them,spots when it comes,spots when it comes,spots when it comes,spots when it comes,ngram_4,4,19,6,False,False,False,20
at://did:plc:24je276xut6snvtsl47xayy3/app.bsky.feed.post/3mijsvlko2k2k,2026-04-02T18:17:37.449Z,They're either incredibly stupid or so dedicated to his (and their) nefarious goals that they just have HUGE blind spots when it comes to their perception(s) about his loyalty to them.,they're either incredibly stupid or so dedicated to his and their nefarious goals that they just have huge blind spots when it comes to their perception s about his loyalty to them,they re either incredibly stupid or so dedicated to his and their nefarious goals that they just have huge blind spots when it comes to their perception s about his loyalty to them,comes to their perception,comes to their perception,comes to their perception,comes to their perception,ngram_4,4,25,7,False,False,False,23
at://did:plc:24je276xut6snvtsl47xayy3/app.bsky.feed.post/3mijsvlko2k2k,2026-04-02T18:17:37.449Z,They're either incredibly stupid or so dedicated to his (and their) nefarious goals that they just have HUGE blind spots when it comes to their perception(s) about his loyalty to them.,they're either incredibly stupid or so dedicated to his and their nefarious goals that they just have huge blind spots when it comes to their perception s about his loyalty to them,they re either incredibly stupid or so dedicated to his and their nefarious goals that they just have huge blind spots when it comes to their perception s about his loyalty to them,s about his loyalty,s about his loyalty,s about his loyalty,s about his loyalty,ngram_4,4,19,8,False,False,False,27
at://did:plc:24je276xut6snvtsl47xayy3/app.bsky.feed.post/3mijsvlko2k2k,2026-04-02T18:17:37.449Z,They're either incredibly stupid or so dedicated to his (and their) nefarious goals that they just have HUGE blind spots when it comes to their perception(s) about his loyalty to them.,they're either incredibly stupid or so dedicated to his and their nefarious goals that they just have huge blind spots when it comes to their perception s about his loyalty to them,they re either incredibly stupid or so dedicated to his and their nefarious goals that they just have huge blind spots when it comes to their perception s about his loyalty to them,re either incredibly,re either incredibly,re either incredibly,re either incredibly,ngram_3,3,20,9,False,False,False,1
at://did:plc:24je276xut6snvtsl47xayy3/app.bsky.feed.post/3mijsvlko2k2k,2026-04-02T18:17:37.449Z,They're either incredibly stupid or so dedicated to his (and their) nefarious goals that they just have HUGE blind spots when it comes to their perception(s) about his loyalty to them.,they're either incredibly stupid or so dedicated to his and their nefarious goals that they just have huge blind spots when it comes to their perception s about his loyalty to them,they re either incredibly stupid or so dedicated to his and their nefarious goals that they just have huge blind spots when it comes to their perception s about his loyalty to them,either incredibly stupid,either incredibly stupid,either incredibly stupid,either incredibly stupid,ngram_3,3,24,10,False,False,False,2
at://did:plc:24je276xut6snvtsl47xayy3/app.bsky.feed.post/3mijsvlko2k2k,2026-04-02T18:17:37.449Z,They're either incredibly stupid or so dedicated to his (and their) nefarious goals that they just have HUGE blind spots when it comes to their perception(s) about his loyalty to them.,they're either incredibly stupid or so dedicated to his and their nefarious goals that they just have huge blind spots when it comes to their perception s about his loyalty to them,they re either incredibly stupid or so dedicated to his and their nefarious goals that they just have huge blind spots when it comes to their perception s about his loyalty to them,stupid or so,stupid or so,stupid or so,stupid or so,ngram_3,3,12,11,False,False,False,4
at://did:plc:24je276xut6snvtsl47xayy3/app.bsky.feed.post/3mijsvlko2k2k,2026-04-02T18:17:37.449Z,They're either incredibly stupid or so dedicated to his (and their) nefarious goals that they just have HUGE blind spots when it comes to their perception(s) about his loyalty to them.,they're either incredibly stupid or so dedicated to his and their nefarious goals that they just have huge blind spots when it comes to their perception s about his loyalty to them,they re either incredibly stupid or so dedicated to his and their nefarious goals that they just have huge blind spots when it comes to their perception s about his loyalty to them,just have huge,just have huge,just have huge,just have huge,ngram_3,3,14,12,False,False,False,16
at://did:plc:24je276xut6snvtsl47xayy3/app.bsky.feed.post/3mijsvlko2k2k,2026-04-02T18:17:37.449Z,They're either incredibly stupid or so dedicated to his (and their) nefarious goals that they just have HUGE blind spots when it comes to their perception(s) about his loyalty to them.,they're either incredibly stupid or so dedicated to his and their nefarious goals that they just have huge blind spots when it comes to their perception s about his loyalty to them,they re either incredibly stupid or so dedicated to his and their nefarious goals that they just have huge blind spots when it comes to their perception s about his loyalty to them,huge blind spots,huge blind spots,huge blind spots,huge blind spots,ngram_3,3,16,13,False,False,False,18
at://did:plc:24je276xut6snvtsl47xayy3/app.bsky.feed.post/3mijsvlko2k2k,2026-04-02T18:17:37.449Z,They're either incredibly stupid or so dedicated to his (and their) nefarious goals that they just have HUGE blind spots when it comes to their perception(s) about his loyalty to them.,they're either incredibly stupid or so dedicated to his and their nefarious goals that they just have huge blind spots when it comes to their perception s about his loyalty to them,they re either incredibly stupid or so dedicated to his and their nefarious goals that they just have huge blind spots when it comes to their perception s about his loyalty to them,perception s about,perception s about,perception s about,perception s about,ngram_3,3,18,14,False,False,False,26
at://did:plc:24je276xut6snvtsl47xayy3/app.bsky.feed.post/3mijsvlko2k2k,2026-04-02T18:17:37.449Z,They're either incredibly stupid or so dedicated to his (and their) nefarious goals that they just have HUGE blind spots when it comes to their perception(s) about his loyalty to them.,they're either incredibly stupid or so dedicated to his and their nefarious goals that they just have huge blind spots when it comes to their perception s about his loyalty to them,they re either incredibly stupid or so dedicated to his and their nefarious goals that they just have huge blind spots when it comes to their perception s about his loyalty to them,about his loyalty,about his loyalty,about his loyalty,about his loyalty,ngram_3,3,17,15,False,False,False,28
at://did:plc:24je276xut6snvtsl47xayy3/app.bsky.feed.post/3mijsvlko2k2k,2026-04-02T18:17:37.449Z,They're either incredibly stupid or so dedicated to his (and their) nefarious goals that they just have HUGE blind spots when it comes to their perception(s) about his loyalty to them.,they're either incredibly stupid or so dedicated to his and their nefarious goals that they just have huge blind spots when it comes to their perception s about his loyalty to them,they re either incredibly stupid or so dedicated to his and their nefarious goals that they just have huge blind spots when it comes to their perception s about his loyalty to them,re either,re either,re either,re either,ngram_2,2,9,16,False,False,False,1
at://did:plc:24je276xut6snvtsl47xayy3/app.bsky.feed.post/3mijsvlko2k2k,2026-04-02T18:17:37.449Z,They're either incredibly stupid or so dedicated to his (and their) nefarious goals that they just have HUGE blind spots when it comes to their perception(s) about his loyalty to them.,they're either incredibly stupid or so dedicated to his and their nefarious goals that they just have huge blind spots when it comes to their perception s about his loyalty to them,they re either incredibly stupid or so dedicated to his and their nefarious goals that they just have huge blind spots when it comes to their perception s about his loyalty to them,either incredibly,either incredibly,either incredibly,either incredibly,ngram_2,2,17,17,False,False,False,2
at://did:plc:24je276xut6snvtsl47xayy3/app.bsky.feed.post/3mijsvlko2k2k,2026-04-02T18:17:37.449Z,They're either incredibly stupid or so dedicated to his (and their) nefarious goals that they just have HUGE blind spots when it comes to their perception(s) about his loyalty to them.,they're either incredibly stupid or so dedicated to his and their nefarious goals that they just have huge blind spots when it comes to their perception s about his loyalty to them,they re either incredibly stupid or so dedicated to his and their nefarious goals that they just have huge blind spots when it comes to their perception s about his loyalty to them,incredibly stupid,incredibly stupid,incredibly stupid,incredibly stupid,ngram_2,2,17,18,False,False,False,3
at://did:plc:24je276xut6snvtsl47xayy3/app.bsky.feed.post/3mijsvlko2k2k,2026-04-02T18:17:37.449Z,They're either incredibly stupid or so dedicated to his (and their) nefarious goals that they just have HUGE blind spots when it comes to their perception(s) about his loyalty to them.,they're either incredibly stupid or so dedicated to his and their nefarious goals that they just have huge blind spots when it comes to their perception s about his loyalty to them,they re either incredibly stupid or so dedicated to his and their nefarious goals that they just have huge blind spots when it comes to their perception s about his loyalty to them,so dedicated,so dedicated,so dedicated,so dedicated,ngram_2,2,12,19,False,False,False,6
at://did:plc:24je276xut6snvtsl47xayy3/app.bsky.feed.post/3mijsvlko2k2k,2026-04-02T18:17:37.449Z,They're either incredibly stupid or so dedicated to his (and their) nefarious goals that they just have HUGE blind spots when it comes to their perception(s) about his loyalty to them.,they're either incredibly stupid or so dedicated to his and their nefarious goals that they just have huge blind spots when it comes to their perception s about his loyalty to them,they re either incredibly stupid or so dedicated to his and their nefarious goals that they just have huge blind spots when it comes to their perception s about his loyalty to them,nefarious goals,nefarious goals,nefarious goals,nefarious goals,ngram_2,2,15,20,False,False,False,12
at://did:plc:24kn54hk36zc3m3pz64k74g6/app.bsky.feed.post/3mijsuaehq32p,2026-04-02T18:16:51.984Z,"Draper City is partnering with Edge Homes to create a groundbreaking development near the Kimbells Lane TRAX station, featuring 558 owner-occupied units and essential worker incentives! 

Click to read more!

#UT #CitizenPortal #AffordableHousing #CommunityDevelopment #PublicPolicy",draper city is partnering with edge homes to create a groundbreaking development near the kimbells lane trax station featuring 558 owner occupied units and essential worker incentives click to read more #ut #citizenportal #affordablehousing #communitydevelopment #publicpolicy,draper city is partnering with edge homes to create a groundbreaking development near the kimbells lane trax station featuring 558 owner occupied units and essential worker incentives click to read more ut citizenportal affordablehousing communitydevelopment publicpolicy,#citizenportal,#citizenportal,citizenportal,citizenportal,hashtag,1,14,1,True,False,False,207
at://did:plc:24kn54hk36zc3m3pz64k74g6/app.bsky.feed.post/3mijsuaehq32p,2026-04-02T18:16:51.984Z,"Draper City is partnering with Edge Homes to create a groundbreaking development near the Kimbells Lane TRAX station, featuring 558 owner-occupied units and essential worker incentives! 

Click to read more!

#UT #CitizenPortal #AffordableHousing #CommunityDevelopment #PublicPolicy",draper city is partnering with edge homes to create a groundbreaking development near the kimbells lane trax station featuring 558 owner occupied units and essential worker incentives click to read more #ut #citizenportal #affordablehousing #communitydevelopment #publicpolicy,draper city is partnering with edge homes to create a groundbreaking development near the kimbells lane trax station featuring 558 owner occupied units and essential worker incentives click to read more ut citizenportal affordablehousing communitydevelopment publicpolicy,#affordablehousing,#affordablehousing,affordablehousing,affordablehousing,hashtag,1,18,2,True,False,False,222
at://did:plc:24kn54hk36zc3m3pz64k74g6/app.bsky.feed.post/3mijsuaehq32p,2026-04-02T18:16:51.984Z,"Draper City is partnering with Edge Homes to create a groundbreaking development near the Kimbells Lane TRAX station, featuring 558 owner-occupied units and essential worker incentives! 

Click to read more!

#UT #CitizenPortal #AffordableHousing #CommunityDevelopment #PublicPolicy",draper city is partnering with edge homes to create a groundbreaking development near the kimbells lane trax station featuring 558 owner occupied units and essential worker incentives click to read more #ut #citizenportal #affordablehousing #communitydevelopment #publicpolicy,draper city is partnering with edge homes to create a groundbreaking development near the kimbells lane trax station featuring 558 owner occupied units and essential worker incentives click to read more ut citizenportal affordablehousing communitydevelopment publicpolicy,#communitydevelopment,#communitydevelopment,communitydevelopment,communitydevelopment,hashtag,1,21,3,True,False,False,241
at://did:plc:24kn54hk36zc3m3pz64k74g6/app.bsky.feed.post/3mijsuaehq32p,2026-04-02T18:16:51.984Z,"Draper City is partnering with Edge Homes to create a groundbreaking development near the Kimbells Lane TRAX station, featuring 558 owner-occupied units and essential worker incentives! 

Click to read more!

#UT #CitizenPortal #AffordableHousing #CommunityDevelopment #PublicPolicy",draper city is partnering with edge homes to create a groundbreaking development near the kimbells lane trax station featuring 558 owner occupied units and essential worker incentives click to read more #ut #citizenportal #affordablehousing #communitydevelopment #publicpolicy,draper city is partnering with edge homes to create a groundbreaking development near the kimbells lane trax station featuring 558 owner occupied units and essential worker incentives click to read more ut citizenportal affordablehousing communitydevelopment publicpolicy,#publicpolicy,#publicpolicy,publicpolicy,publicpolicy,hashtag,1,13,4,True,False,False,263
at://did:plc:24kn54hk36zc3m3pz64k74g6/app.bsky.feed.post/3mijsuaehq32p,2026-04-02T18:16:51.984Z,"Draper City is partnering with Edge Homes to create a groundbreaking development near the Kimbells Lane TRAX station, featuring 558 owner-occupied units and essential worker incentives! 

Click to read more!

#UT #CitizenPortal #AffordableHousing #CommunityDevelopment #PublicPolicy",draper city is partnering with edge homes to create a groundbreaking development near the kimbells lane trax station featuring 558 owner occupied units and essential worker incentives click to read more #ut #citizenportal #affordablehousing #communitydevelopment #publicpolicy,draper city is partnering with edge homes to create a groundbreaking development near the kimbells lane trax station featuring 558 owner occupied units and essential worker incentives click to read more ut citizenportal affordablehousing communitydevelopment publicpolicy,draper city is partnering,draper city is partnering,draper city is partnering,draper city is partnering,ngram_4,4,25,5,False,False,False,0
at://did:plc:24kn54hk36zc3m3pz64k74g6/app.bsky.feed.post/3mijsuaehq32p,2026-04-02T18:16:51.984Z,"Draper City is partnering with Edge Homes to create a groundbreaking development near the Kimbells Lane TRAX station, featuring 558 owner-occupied units and essential worker incentives! 

Click to read more!

#UT #CitizenPortal #AffordableHousing #CommunityDevelopment #PublicPolicy",draper city is partnering with edge homes to create a groundbreaking development near the kimbells lane trax station featuring 558 owner occupied units and essential worker incentives click to read more #ut #citizenportal #affordablehousing #communitydevelopment #publicpolicy,draper city is partnering with edge homes to create a groundbreaking development near the kimbells lane trax station featuring 558 owner occupied units and essential worker incentives click to read more ut citizenportal affordablehousing communitydevelopment publicpolicy,partnering with edge homes,partnering with edge homes,partnering with edge homes,partnering with edge homes,ngram_4,4,26,6,False,False,False,3
at://did:plc:24kn54hk36zc3m3pz64k74g6/app.bsky.feed.post/3mijsuaehq32p,2026-04-02T18:16:51.984Z,"Draper City is partnering with Edge Homes to create a groundbreaking development near the Kimbells Lane TRAX station, featuring 558 owner-occupied units and essential worker incentives! 

Click to read more!

#UT #CitizenPortal #AffordableHousing #CommunityDevelopment #PublicPolicy",draper city is partnering with edge homes to create a groundbreaking development near the kimbells lane trax station featuring 558 owner occupied units and essential worker incentives click to read more #ut #citizenportal #affordablehousing #communitydevelopment #publicpolicy,draper city is partnering with edge homes to create a groundbreaking development near the kimbells lane trax station featuring 558 owner occupied units and essential worker incentives click to read more ut citizenportal affordablehousing communitydevelopment publicpolicy,edge homes to create,edge homes to create,edge homes to create,edge homes to create,ngram_4,4,20,7,False,False,False,5
at://did:plc:24kn54hk36zc3m3pz64k74g6/app.bsky.feed.post/3mijsuaehq32p,2026-04-02T18:16:51.984Z,"Draper City is partnering with Edge Homes to create a groundbreaking development near the Kimbells Lane TRAX station, featuring 558 owner-occupied units and essential worker incentives! 

Click to read more!

#UT #CitizenPortal #AffordableHousing #CommunityDevelopment #PublicPolicy",draper city is partnering with edge homes to create a groundbreaking development near the kimbells lane trax station featuring 558 owner occupied units and essential worker incentives click to read more #ut #citizenportal #affordablehousing #communitydevelopment #publicpolicy,draper city is partnering with edge homes to create a groundbreaking development near the kimbells lane trax station featuring 558 owner occupied units and essential worker incentives click to read more ut citizenportal affordablehousing communitydevelopment publicpolicy,create a groundbreaking development,create a groundbreaking development,create a groundbreaking development,create a groundbreaking development,ngram_4,4,35,8,False,False,False,8
at://did:plc:24kn54hk36zc3m3pz64k74g6/app.bsky.feed.post/3mijsuaehq32p,2026-04-02T18:16:51.984Z,"Draper City is partnering with Edge Homes to create a groundbreaking development near the Kimbells Lane TRAX station, featuring 558 owner-occupied units and essential worker incentives! 

Click to read more!

#UT #CitizenPortal #AffordableHousing #CommunityDevelopment #PublicPolicy",draper city is partnering with edge homes to create a groundbreaking development near the kimbells lane trax station featuring 558 owner occupied units and essential worker incentives click to read more #ut #citizenportal #affordablehousing #communitydevelopment #publicpolicy,draper city is partnering with edge homes to create a groundbreaking development near the kimbells lane trax station featuring 558 owner occupied units and essential worker incentives click to read more ut citizenportal affordablehousing communitydevelopment publicpolicy,development near the kimbells,development near the kimbells,development near the kimbells,development near the kimbells,ngram_4,4,29,9,False,False,False,11
at://did:plc:24kn54hk36zc3m3pz64k74g6/app.bsky.feed.post/3mijsuaehq32p,2026-04-02T18:16:51.984Z,"Draper City is partnering with Edge Homes to create a groundbreaking development near the Kimbells Lane TRAX station, featuring 558 owner-occupied units and essential worker incentives! 

Click to read more!

#UT #CitizenPortal #AffordableHousing #CommunityDevelopment #PublicPolicy",draper city is partnering with edge homes to create a groundbreaking development near the kimbells lane trax station featuring 558 owner occupied units and essential worker incentives click to read more #ut #citizenportal #affordablehousing #communitydevelopment #publicpolicy,draper city is partnering with edge homes to create a groundbreaking development near the kimbells lane trax station featuring 558 owner occupied units and essential worker incentives click to read more ut citizenportal affordablehousing communitydevelopment publicpolicy,near the kimbells lane,near the kimbells lane,near the kimbells lane,near the kimbells lane,ngram_4,4,22,10,False,False,False,12
at://did:plc:24kn54hk36zc3m3pz64k74g6/app.bsky.feed.post/3mijsuaehq32p,2026-04-02T18:16:51.984Z,"Draper City is partnering with Edge Homes to create a groundbreaking development near the Kimbells Lane TRAX station, featuring 558 owner-occupied units and essential worker incentives! 

Click to read more!

#UT #CitizenPortal #AffordableHousing #CommunityDevelopment #PublicPolicy",draper city is partnering with edge homes to create a groundbreaking development near the kimbells lane trax station featuring 558 owner occupied units and essential worker incentives click to read more #ut #citizenportal #affordablehousing #communitydevelopment #publicpolicy,draper city is partnering with edge homes to create a groundbreaking development near the kimbells lane trax station featuring 558 owner occupied units and essential worker incentives click to read more ut citizenportal affordablehousing communitydevelopment publicpolicy,kimbells lane trax station,kimbells lane trax station,kimbells lane trax station,kimbells lane trax station,ngram_4,4,26,11,False,False,False,14
at://did:plc:24kn54hk36zc3m3pz64k74g6/app.bsky.feed.post/3mijsuaehq32p,2026-04-02T18:16:51.984Z,"Draper City is partnering with Edge Homes to create a groundbreaking development near the Kimbells Lane TRAX station, featuring 558 owner-occupied units and essential worker incentives! 

Click to read more!

#UT #CitizenPortal #AffordableHousing #CommunityDevelopment #PublicPolicy",draper city is partnering with edge homes to create a groundbreaking development near the kimbells lane trax station featuring 558 owner occupied units and essential worker incentives click to read more #ut #citizenportal #affordablehousing #communitydevelopment #publicpolicy,draper city is partnering with edge homes to create a groundbreaking development near the kimbells lane trax station featuring 558 owner occupied units and essential worker incentives click to read more ut citizenportal affordablehousing communitydevelopment publicpolicy,lane trax station featuring,lane trax station featuring,lane trax station featuring,lane trax station featuring,ngram_4,4,27,12,False,False,False,15
at://did:plc:24kn54hk36zc3m3pz64k74g6/app.bsky.feed.post/3mijsuaehq32p,2026-04-02T18:16:51.984Z,"Draper City is partnering with Edge Homes to create a groundbreaking development near the Kimbells Lane TRAX station, featuring 558 owner-occupied units and essential worker incentives! 

Click to read more!

#UT #CitizenPortal #AffordableHousing #CommunityDevelopment #PublicPolicy",draper city is partnering with edge homes to create a groundbreaking development near the kimbells lane trax station featuring 558 owner occupied units and essential worker incentives click to read more #ut #citizenportal #affordablehousing #communitydevelopment #publicpolicy,draper city is partnering with edge homes to create a groundbreaking development near the kimbells lane trax station featuring 558 owner occupied units and essential worker incentives click to read more ut citizenportal affordablehousing communitydevelopment publicpolicy,trax station featuring 558,trax station featuring 558,trax station featuring 558,trax station featuring 558,ngram_4,4,26,13,False,True,False,16
at://did:plc:24kn54hk36zc3m3pz64k74g6/app.bsky.feed.post/3mijsuaehq32p,2026-04-02T18:16:51.984Z,"Draper City is partnering with Edge Homes to create a groundbreaking development near the Kimbells Lane TRAX station, featuring 558 owner-occupied units and essential worker incentives! 

Click to read more!

#UT #CitizenPortal #AffordableHousing #CommunityDevelopment #PublicPolicy",draper city is partnering with edge homes to create a groundbreaking development near the kimbells lane trax station featuring 558 owner occupied units and essential worker incentives click to read more #ut #citizenportal #affordablehousing #communitydevelopment #publicpolicy,draper city is partnering with edge homes to create a groundbreaking development near the kimbells lane trax station featuring 558 owner occupied units and essential worker incentives click to read more ut citizenportal affordablehousing communitydevelopment publicpolicy,station featuring 558 owner,station featuring 558 owner,station featuring 558 owner,station featuring 558 owner,ngram_4,4,27,14,False,True,False,17
at://did:plc:24kn54hk36zc3m3pz64k74g6/app.bsky.feed.post/3mijsuaehq32p,2026-04-02T18:16:51.984Z,"Draper City is partnering with Edge Homes to create a groundbreaking development near the Kimbells Lane TRAX station, featuring 558 owner-occupied units and essential worker incentives! 

Click to read more!

#UT #CitizenPortal #AffordableHousing #CommunityDevelopment #PublicPolicy",draper city is partnering with edge homes to create a groundbreaking development near the kimbells lane trax station featuring 558 owner occupied units and essential worker incentives click to read more #ut #citizenportal #affordablehousing #communitydevelopment #publicpolicy,draper city is partnering with edge homes to create a groundbreaking development near the kimbells lane trax station featuring 558 owner occupied units and essential worker incentives click to read more ut citizenportal affordablehousing communitydevelopment publicpolicy,featuring 558 owner occupied,featuring 558 owner occupied,featuring 558 owner occupied,featuring 558 owner occupied,ngram_4,4,28,15,False,True,False,18
at://did:plc:24kn54hk36zc3m3pz64k74g6/app.bsky.feed.post/3mijsuaehq32p,2026-04-02T18:16:51.984Z,"Draper City is partnering with Edge Homes to create a groundbreaking development near the Kimbells Lane TRAX station, featuring 558 owner-occupied units and essential worker incentives! 

Click to read more!

#UT #CitizenPortal #AffordableHousing #CommunityDevelopment #PublicPolicy",draper city is partnering with edge homes to create a groundbreaking development near the kimbells lane trax station featuring 558 owner occupied units and essential worker incentives click to read more #ut #citizenportal #affordablehousing #communitydevelopment #publicpolicy,draper city is partnering with edge homes to create a groundbreaking development near the kimbells lane trax station featuring 558 owner occupied units and essential worker incentives click to read more ut citizenportal affordablehousing communitydevelopment publicpolicy,558 owner occupied units,558 owner occupied units,558 owner occupied units,558 owner occupied units,ngram_4,4,24,16,False,True,False,19
at://did:plc:24kn54hk36zc3m3pz64k74g6/app.bsky.feed.post/3mijsuaehq32p,2026-04-02T18:16:51.984Z,"Draper City is partnering with Edge Homes to create a groundbreaking development near the Kimbells Lane TRAX station, featuring 558 owner-occupied units and essential worker incentives! 

Click to read more!

#UT #CitizenPortal #AffordableHousing #CommunityDevelopment #PublicPolicy",draper city is partnering with edge homes to create a groundbreaking development near the kimbells lane trax station featuring 558 owner occupied units and essential worker incentives click to read more #ut #citizenportal #affordablehousing #communitydevelopment #publicpolicy,draper city is partnering with edge homes to create a groundbreaking development near the kimbells lane trax station featuring 558 owner occupied units and essential worker incentives click to read more ut citizenportal affordablehousing communitydevelopment publicpolicy,occupied units and essential,occupied units and essential,occupied units and essential,occupied units and essential,ngram_4,4,28,17,False,False,False,21
at://did:plc:24kn54hk36zc3m3pz64k74g6/app.bsky.feed.post/3mijsuaehq32p,2026-04-02T18:16:51.984Z,"Draper City is partnering with Edge Homes to create a groundbreaking development near the Kimbells Lane TRAX station, featuring 558 owner-occupied units and essential worker incentives! 

Click to read more!

#UT #CitizenPortal #AffordableHousing #CommunityDevelopment #PublicPolicy",draper city is partnering with edge homes to create a groundbreaking development near the kimbells lane trax station featuring 558 owner occupied units and essential worker incentives click to read more #ut #citizenportal #affordablehousing #communitydevelopment #publicpolicy,draper city is partnering with edge homes to create a groundbreaking development near the kimbells lane trax station featuring 558 owner occupied units and essential worker incentives click to read more ut citizenportal affordablehousing communitydevelopment publicpolicy,units and essential worker,units and essential worker,units and essential worker,units and essential worker,ngram_4,4,26,18,False,False,False,22
at://did:plc:24kn54hk36zc3m3pz64k74g6/app.bsky.feed.post/3mijsuaehq32p,2026-04-02T18:16:51.984Z,"Draper City is partnering with Edge Homes to create a groundbreaking development near the Kimbells Lane TRAX station, featuring 558 owner-occupied units and essential worker incentives! 

Click to read more!

#UT #CitizenPortal #AffordableHousing #CommunityDevelopment #PublicPolicy",draper city is partnering with edge homes to create a groundbreaking development near the kimbells lane trax station featuring 558 owner occupied units and essential worker incentives click to read more #ut #citizenportal #affordablehousing #communitydevelopment #publicpolicy,draper city is partnering with edge homes to create a groundbreaking development near the kimbells lane trax station featuring 558 owner occupied units and essential worker incentives click to read more ut citizenportal affordablehousing communitydevelopment publicpolicy,essential worker incentives click,essential worker incentives click,essential worker incentives click,essential worker incentives click,ngram_4,4,33,19,False,False,False,24
at://did:plc:24kn54hk36zc3m3pz64k74g6/app.bsky.feed.post/3mijsuaehq32p,2026-04-02T18:16:51.984Z,"Draper City is partnering with Edge Homes to create a groundbreaking development near the Kimbells Lane TRAX station, featuring 558 owner-occupied units and essential worker incentives! 

Click to read more!

#UT #CitizenPortal #AffordableHousing #CommunityDevelopment #PublicPolicy",draper city is partnering with edge homes to create a groundbreaking development near the kimbells lane trax station featuring 558 owner occupied units and essential worker incentives click to read more #ut #citizenportal #affordablehousing #communitydevelopment #publicpolicy,draper city is partnering with edge homes to create a groundbreaking development near the kimbells lane trax station featuring 558 owner occupied units and essential worker incentives click to read more ut citizenportal affordablehousing communitydevelopment publicpolicy,incentives click to read,incentives click to read,incentives click to read,incentives click to read,ngram_4,4,24,20,False,False,False,26
at://did:plc:24tpof2yaxb5khc5oncntujo/app.bsky.feed.post/3mijsvifxfk2q,2026-04-02T18:17:34.148Z,Its ok to be nit ok fühl dich gedrückt 🫂😭 und nee nicht vergessen 😭,its ok to be nit ok fühl dich gedrückt 🫂😭 und nee nicht vergessen 😭,its ok to be nit ok f hl dich gedr ckt und nee nicht vergessen,ok to be nit,ok to be nit,ok to be nit,ok to be nit,ngram_4,4,12,1,False,False,False,1
at://did:plc:24tpof2yaxb5khc5oncntujo/app.bsky.feed.post/3mijsvifxfk2q,2026-04-02T18:17:34.148Z,Its ok to be nit ok fühl dich gedrückt 🫂😭 und nee nicht vergessen 😭,its ok to be nit ok fühl dich gedrückt 🫂😭 und nee nicht vergessen 😭,its ok to be nit ok f hl dich gedr ckt und nee nicht vergessen,nit ok f hl,nit ok f hl,nit ok f hl,nit ok f hl,ngram_4,4,11,2,False,False,False,4
at://did:plc:24tpof2yaxb5khc5oncntujo/app.bsky.feed.post/3mijsvifxfk2q,2026-04-02T18:17:34.148Z,Its ok to be nit ok fühl dich gedrückt 🫂😭 und nee nicht vergessen 😭,its ok to be nit ok fühl dich gedrückt 🫂😭 und nee nicht vergessen 😭,its ok to be nit ok f hl dich gedr ckt und nee nicht vergessen,ok f hl dich,ok f hl dich,ok f hl dich,ok f hl dich,ngram_4,4,12,3,False,False,False,5
at://did:plc:24tpof2yaxb5khc5oncntujo/app.bsky.feed.post/3mijsvifxfk2q,2026-04-02T18:17:34.148Z,Its ok to be nit ok fühl dich gedrückt 🫂😭 und nee nicht vergessen 😭,its ok to be nit ok fühl dich gedrückt 🫂😭 und nee nicht vergessen 😭,its ok to be nit ok f hl dich gedr ckt und nee nicht vergessen,f hl dich gedr,f hl dich gedr,f hl dich gedr,f hl dich gedr,ngram_4,4,14,4,False,False,False,6
at://did:plc:24tpof2yaxb5khc5oncntujo/app.bsky.feed.post/3mijsvifxfk2q,2026-04-02T18:17:34.148Z,Its ok to be nit ok fühl dich gedrückt 🫂😭 und nee nicht vergessen 😭,its ok to be nit ok fühl dich gedrückt 🫂😭 und nee nicht vergessen 😭,its ok to be nit ok f hl dich gedr ckt und nee nicht vergessen,hl dich gedr ckt,hl dich gedr ckt,hl dich gedr ckt,hl dich gedr ckt,ngram_4,4,16,5,False,False,False,7
at://did:plc:24tpof2yaxb5khc5oncntujo/app.bsky.feed.post/3mijsvifxfk2q,2026-04-02T18:17:34.148Z,Its ok to be nit ok fühl dich gedrückt 🫂😭 und nee nicht vergessen 😭,its ok to be nit ok fühl dich gedrückt 🫂😭 und nee nicht vergessen 😭,its ok to be nit ok f hl dich gedr ckt und nee nicht vergessen,dich gedr ckt und,dich gedr ckt und,dich gedr ckt und,dich gedr ckt und,ngram_4,4,17,6,False,False,False,8
at://did:plc:24tpof2yaxb5khc5oncntujo/app.bsky.feed.post/3mijsvifxfk2q,2026-04-02T18:17:34.148Z,Its ok to be nit ok fühl dich gedrückt 🫂😭 und nee nicht vergessen 😭,its ok to be nit ok fühl dich gedrückt 🫂😭 und nee nicht vergessen 😭,its ok to be nit ok f hl dich gedr ckt und nee nicht vergessen,gedr ckt und nee,gedr ckt und nee,gedr ckt und nee,gedr ckt und nee,ngram_4,4,16,7,False,False,False,9
at://did:plc:24tpof2yaxb5khc5oncntujo/app.bsky.feed.post/3mijsvifxfk2q,2026-04-02T18:17:34.148Z,Its ok to be nit ok fühl dich gedrückt 🫂😭 und nee nicht vergessen 😭,its ok to be nit ok fühl dich gedrückt 🫂😭 und nee nicht vergessen 😭,its ok to be nit ok f hl dich gedr ckt und nee nicht vergessen,ckt und nee nicht,ckt und nee nicht,ckt und nee nicht,ckt und nee nicht,ngram_4,4,17,8,False,False,False,10
at://did:plc:24tpof2yaxb5khc5oncntujo/app.bsky.feed.post/3mijsvifxfk2q,2026-04-02T18:17:34.148Z,Its ok to be nit ok fühl dich gedrückt 🫂😭 und nee nicht vergessen 😭,its ok to be nit ok fühl dich gedrückt 🫂😭 und nee nicht vergessen 😭,its ok to be nit ok f hl dich gedr ckt und nee nicht vergessen,und nee nicht vergessen,und nee nicht vergessen,und nee nicht vergessen,und nee nicht vergessen,ngram_4,4,23,9,False,False,False,11
at://did:plc:24tpof2yaxb5khc5oncntujo/app.bsky.feed.post/3mijsvifxfk2q,2026-04-02T18:17:34.148Z,Its ok to be nit ok fühl dich gedrückt 🫂😭 und nee nicht vergessen 😭,its ok to be nit ok fühl dich gedrückt 🫂😭 und nee nicht vergessen 😭,its ok to be nit ok f hl dich gedr ckt und nee nicht vergessen,nit ok f,nit ok f,nit ok f,nit ok f,ngram_3,3,8,10,False,False,False,4
at://did:plc:24tpof2yaxb5khc5oncntujo/app.bsky.feed.post/3mijsvifxfk2q,2026-04-02T18:17:34.148Z,Its ok to be nit ok fühl dich gedrückt 🫂😭 und nee nicht vergessen 😭,its ok to be nit ok fühl dich gedrückt 🫂😭 und nee nicht vergessen 😭,its ok to be nit ok f hl dich gedr ckt und nee nicht vergessen,ok f hl,ok f hl,ok f hl,ok f hl,ngram_3,3,7,11,False,False,False,5
at://did:plc:24tpof2yaxb5khc5oncntujo/app.bsky.feed.post/3mijsvifxfk2q,2026-04-02T18:17:34.148Z,Its ok to be nit ok fühl dich gedrückt 🫂😭 und nee nicht vergessen 😭,its ok to be nit ok fühl dich gedrückt 🫂😭 und nee nicht vergessen 😭,its ok to be nit ok f hl dich gedr ckt und nee nicht vergessen,f hl dich,f hl dich,f hl dich,f hl dich,ngram_3,3,9,12,False,False,False,6
at://did:plc:24tpof2yaxb5khc5oncntujo/app.bsky.feed.post/3mijsvifxfk2q,2026-04-02T18:17:34.148Z,Its ok to be nit ok fühl dich gedrückt 🫂😭 und nee nicht vergessen 😭,its ok to be nit ok fühl dich gedrückt 🫂😭 und nee nicht vergessen 😭,its ok to be nit ok f hl dich gedr ckt und nee nicht vergessen,hl dich gedr,hl dich gedr,hl dich gedr,hl dich gedr,ngram_3,3,12,13,False,False,False,7
at://did:plc:24tpof2yaxb5khc5oncntujo/app.bsky.feed.post/3mijsvifxfk2q,2026-04-02T18:17:34.148Z,Its ok to be nit ok fühl dich gedrückt 🫂😭 und nee nicht vergessen 😭,its ok to be nit ok fühl dich gedrückt 🫂😭 und nee nicht vergessen 😭,its ok to be nit ok f hl dich gedr ckt und nee nicht vergessen,dich gedr ckt,dich gedr ckt,dich gedr ckt,dich gedr ckt,ngram_3,3,13,14,False,False,False,8
at://did:plc:24tpof2yaxb5khc5oncntujo/app.bsky.feed.post/3mijsvifxfk2q,2026-04-02T18:17:34.148Z,Its ok to be nit ok fühl dich gedrückt 🫂😭 und nee nicht vergessen 😭,its ok to be nit ok fühl dich gedrückt 🫂😭 und nee nicht vergessen 😭,its ok to be nit ok f hl dich gedr ckt und nee nicht vergessen,gedr ckt und,gedr ckt und,gedr ckt und,gedr ckt und,ngram_3,3,12,15,False,False,False,9
at://did:plc:24tpof2yaxb5khc5oncntujo/app.bsky.feed.post/3mijsvifxfk2q,2026-04-02T18:17:34.148Z,Its ok to be nit ok fühl dich gedrückt 🫂😭 und nee nicht vergessen 😭,its ok to be nit ok fühl dich gedrückt 🫂😭 und nee nicht vergessen 😭,its ok to be nit ok f hl dich gedr ckt und nee nicht vergessen,ckt und nee,ckt und nee,ckt und nee,ckt und nee,ngram_3,3,11,16,False,False,False,10
at://did:plc:24tpof2yaxb5khc5oncntujo/app.bsky.feed.post/3mijsvifxfk2q,2026-04-02T18:17:34.148Z,Its ok to be nit ok fühl dich gedrückt 🫂😭 und nee nicht vergessen 😭,its ok to be nit ok fühl dich gedrückt 🫂😭 und nee nicht vergessen 😭,its ok to be nit ok f hl dich gedr ckt und nee nicht vergessen,und nee nicht,und nee nicht,und nee nicht,und nee nicht,ngram_3,3,13,17,False,False,False,11
at://did:plc:24tpof2yaxb5khc5oncntujo/app.bsky.feed.post/3mijsvifxfk2q,2026-04-02T18:17:34.148Z,Its ok to be nit ok fühl dich gedrückt 🫂😭 und nee nicht vergessen 😭,its ok to be nit ok fühl dich gedrückt 🫂😭 und nee nicht vergessen 😭,its ok to be nit ok f hl dich gedr ckt und nee nicht vergessen,nee nicht vergessen,nee nicht vergessen,nee nicht vergessen,nee nicht vergessen,ngram_3,3,19,18,False,False,False,12
at://did:plc:24tpof2yaxb5khc5oncntujo/app.bsky.feed.post/3mijsvifxfk2q,2026-04-02T18:17:34.148Z,Its ok to be nit ok fühl dich gedrückt 🫂😭 und nee nicht vergessen 😭,its ok to be nit ok fühl dich gedrückt 🫂😭 und nee nicht vergessen 😭,its ok to be nit ok f hl dich gedr ckt und nee nicht vergessen,nit ok,nit ok,nit ok,nit ok,ngram_2,2,6,19,False,False,False,4
at://did:plc:24tpof2yaxb5khc5oncntujo/app.bsky.feed.post/3mijsvifxfk2q,2026-04-02T18:17:34.148Z,Its ok to be nit ok fühl dich gedrückt 🫂😭 und nee nicht vergessen 😭,its ok to be nit ok fühl dich gedrückt 🫂😭 und nee nicht vergessen 😭,its ok to be nit ok f hl dich gedr ckt und nee nicht vergessen,ok f,ok f,ok f,ok f,ngram_2,2,4,20,False,False,False,5
at://did:plc:24vj2pjbn5kbmdlnsglayai7/app.bsky.feed.post/3mijswet3722p,2026-04-02T18:18:03.941Z,EVERYONE hates Raphael.,everyone hates raphael,everyone hates raphael,everyone hates raphael,everyone hates raphael,everyone hates raphael,everyone hates raphael,ngram_3,3,22,1,False,False,False,0
at://did:plc:24vj2pjbn5kbmdlnsglayai7/app.bsky.feed.post/3mijswet3722p,2026-04-02T18:18:03.941Z,EVERYONE hates Raphael.,everyone hates raphael,everyone hates raphael,everyone hates,everyone hates,everyone hates,everyone hates,ngram_2,2,14,2,False,False,False,0
at://did:plc:24vj2pjbn5kbmdlnsglayai7/app.bsky.feed.post/3mijswet3722p,2026-04-02T18:18:03.941Z,EVERYONE hates Raphael.,everyone hates raphael,everyone hates raphael,hates raphael,hates raphael,hates raphael,hates raphael,ngram_2,2,13,3,False,False,False,1
at://did:plc:24vmomipieltbiillwaqxrpo/app.bsky.feed.post/3mijssuff7s2z,2026-04-02T18:16:06.052Z,what a tool...former NFL prospect my ass 🤡,what a tool former nfl prospect my ass 🤡,what a tool former nfl prospect my ass,tool former nfl prospect,tool former nfl prospect,tool former nfl prospect,tool former nfl prospect,ngram_4,4,24,1,False,False,False,2
at://did:plc:24vmomipieltbiillwaqxrpo/app.bsky.feed.post/3mijssuff7s2z,2026-04-02T18:16:06.052Z,what a tool...former NFL prospect my ass 🤡,what a tool former nfl prospect my ass 🤡,what a tool former nfl prospect my ass,nfl prospect my ass,nfl prospect my ass,nfl prospect my ass,nfl prospect my ass,ngram_4,4,19,2,False,False,False,4
at://did:plc:24vmomipieltbiillwaqxrpo/app.bsky.feed.post/3mijssuff7s2z,2026-04-02T18:16:06.052Z,what a tool...former NFL prospect my ass 🤡,what a tool former nfl prospect my ass 🤡,what a tool former nfl prospect my ass,tool former nfl,tool former nfl,tool former nfl,tool former nfl,ngram_3,3,15,3,False,False,False,2
at://did:plc:24vmomipieltbiillwaqxrpo/app.bsky.feed.post/3mijssuff7s2z,2026-04-02T18:16:06.052Z,what a tool...former NFL prospect my ass 🤡,what a tool former nfl prospect my ass 🤡,what a tool former nfl prospect my ass,former nfl prospect,former nfl prospect,former nfl prospect,former nfl prospect,ngram_3,3,19,4,False,False,False,3
at://did:plc:24vmomipieltbiillwaqxrpo/app.bsky.feed.post/3mijssuff7s2z,2026-04-02T18:16:06.052Z,what a tool...former NFL prospect my ass 🤡,what a tool former nfl prospect my ass 🤡,what a tool former nfl prospect my ass,prospect my ass,prospect my ass,prospect my ass,prospect my ass,ngram_3,3,15,5,False,False,False,5
at://did:plc:24vmomipieltbiillwaqxrpo/app.bsky.feed.post/3mijssuff7s2z,2026-04-02T18:16:06.052Z,what a tool...former NFL prospect my ass 🤡,what a tool former nfl prospect my ass 🤡,what a tool former nfl prospect my ass,tool former,tool former,tool former,tool former,ngram_2,2,11,6,False,False,False,2
at://did:plc:24vmomipieltbiillwaqxrpo/app.bsky.feed.post/3mijssuff7s2z,2026-04-02T18:16:06.052Z,what a tool...former NFL prospect my ass 🤡,what a tool former nfl prospect my ass 🤡,what a tool former nfl prospect my ass,former nfl,former nfl,former nfl,former nfl,ngram_2,2,10,7,False,False,False,3
at://did:plc:24vmomipieltbiillwaqxrpo/app.bsky.feed.post/3mijssuff7s2z,2026-04-02T18:16:06.052Z,what a tool...former NFL prospect my ass 🤡,what a tool former nfl prospect my ass 🤡,what a tool former nfl prospect my ass,nfl prospect,nfl prospect,nfl prospect,nfl prospect,ngram_2,2,12,8,False,False,False,4
at://did:plc:24w74q2zfkzemkikzweooohi/app.bsky.feed.post/3mijsr3wnqh2q,2026-04-02T18:15:06.799931+00:00,Saint John - Aircraft within 15km: Flight TLK822 at 42250 feet #SaintJohn #Aircraft,saint john aircraft within 15km flight tlk822 at 42250 feet #saintjohn #aircraft,saint john aircraft within 15km flight tlk822 at 42250 feet saintjohn aircraft,#saintjohn,#saintjohn,saintjohn,saintjohn,hashtag,1,10,1,True,False,False,60
at://did:plc:24w74q2zfkzemkikzweooohi/app.bsky.feed.post/3mijsr3wnqh2q,2026-04-02T18:15:06.799931+00:00,Saint John - Aircraft within 15km: Flight TLK822 at 42250 feet #SaintJohn #Aircraft,saint john aircraft within 15km flight tlk822 at 42250 feet #saintjohn #aircraft,saint john aircraft within 15km flight tlk822 at 42250 feet saintjohn aircraft,#aircraft,#aircraft,aircraft,aircraft,hashtag,1,9,2,True,False,False,71
at://did:plc:24w74q2zfkzemkikzweooohi/app.bsky.feed.post/3mijsr3wnqh2q,2026-04-02T18:15:06.799931+00:00,Saint John - Aircraft within 15km: Flight TLK822 at 42250 feet #SaintJohn #Aircraft,saint john aircraft within 15km flight tlk822 at 42250 feet #saintjohn #aircraft,saint john aircraft within 15km flight tlk822 at 42250 feet saintjohn aircraft,saint john aircraft within,saint john aircraft within,saint john aircraft within,saint john aircraft within,ngram_4,4,26,3,False,False,False,0
at://did:plc:24w74q2zfkzemkikzweooohi/app.bsky.feed.post/3mijsr3wnqh2q,2026-04-02T18:15:06.799931+00:00,Saint John - Aircraft within 15km: Flight TLK822 at 42250 feet #SaintJohn #Aircraft,saint john aircraft within 15km flight tlk822 at 42250 feet #saintjohn #aircraft,saint john aircraft within 15km flight tlk822 at 42250 feet saintjohn aircraft,john aircraft within 15km,john aircraft within 15km,john aircraft within 15km,john aircraft within 15km,ngram_4,4,25,4,False,True,False,1
at://did:plc:24w74q2zfkzemkikzweooohi/app.bsky.feed.post/3mijsr3wnqh2q,2026-04-02T18:15:06.799931+00:00,Saint John - Aircraft within 15km: Flight TLK822 at 42250 feet #SaintJohn #Aircraft,saint john aircraft within 15km flight tlk822 at 42250 feet #saintjohn #aircraft,saint john aircraft within 15km flight tlk822 at 42250 feet saintjohn aircraft,aircraft within 15km flight,aircraft within 15km flight,aircraft within 15km flight,aircraft within 15km flight,ngram_4,4,27,5,False,True,False,2
at://did:plc:24w74q2zfkzemkikzweooohi/app.bsky.feed.post/3mijsr3wnqh2q,2026-04-02T18:15:06.799931+00:00,Saint John - Aircraft within 15km: Flight TLK822 at 42250 feet #SaintJohn #Aircraft,saint john aircraft within 15km flight tlk822 at 42250 feet #saintjohn #aircraft,saint john aircraft within 15km flight tlk822 at 42250 feet saintjohn aircraft,within 15km flight tlk822,within 15km flight tlk822,within 15km flight tlk822,within 15km flight tlk822,ngram_4,4,25,6,False,True,False,3
at://did:plc:24w74q2zfkzemkikzweooohi/app.bsky.feed.post/3mijsr3wnqh2q,2026-04-02T18:15:06.799931+00:00,Saint John - Aircraft within 15km: Flight TLK822 at 42250 feet #SaintJohn #Aircraft,saint john aircraft within 15km flight tlk822 at 42250 feet #saintjohn #aircraft,saint john aircraft within 15km flight tlk822 at 42250 feet saintjohn aircraft,flight tlk822 at 42250,flight tlk822 at 42250,flight tlk822 at 42250,flight tlk822 at 42250,ngram_4,4,22,7,False,True,False,5
at://did:plc:24w74q2zfkzemkikzweooohi/app.bsky.feed.post/3mijsr3wnqh2q,2026-04-02T18:15:06.799931+00:00,Saint John - Aircraft within 15km: Flight TLK822 at 42250 feet #SaintJohn #Aircraft,saint john aircraft within 15km flight tlk822 at 42250 feet #saintjohn #aircraft,saint john aircraft within 15km flight tlk822 at 42250 feet saintjohn aircraft,tlk822 at 42250 feet,tlk822 at 42250 feet,tlk822 at 42250 feet,tlk822 at 42250 feet,ngram_4,4,20,8,False,True,False,6
at://did:plc:24w74q2zfkzemkikzweooohi/app.bsky.feed.post/3mijsr3wnqh2q,2026-04-02T18:15:06.799931+00:00,Saint John - Aircraft within 15km: Flight TLK822 at 42250 feet #SaintJohn #Aircraft,saint john aircraft within 15km flight tlk822 at 42250 feet #saintjohn #aircraft,saint john aircraft within 15km flight tlk822 at 42250 feet saintjohn aircraft,42250 feet saintjohn aircraft,42250 feet saintjohn aircraft,42250 feet saintjohn aircraft,42250 feet saintjohn aircraft,ngram_4,4,29,9,False,True,False,8
at://did:plc:24w74q2zfkzemkikzweooohi/app.bsky.feed.post/3mijsr3wnqh2q,2026-04-02T18:15:06.799931+00:00,Saint John - Aircraft within 15km: Flight TLK822 at 42250 feet #SaintJohn #Aircraft,saint john aircraft within 15km flight tlk822 at 42250 feet #saintjohn #aircraft,saint john aircraft within 15km flight tlk822 at 42250 feet saintjohn aircraft,saint john aircraft,saint john aircraft,saint john aircraft,saint john aircraft,ngram_3,3,19,10,False,False,False,0
at://did:plc:24w74q2zfkzemkikzweooohi/app.bsky.feed.post/3mijsr3wnqh2q,2026-04-02T18:15:06.799931+00:00,Saint John - Aircraft within 15km: Flight TLK822 at 42250 feet #SaintJohn #Aircraft,saint john aircraft within 15km flight tlk822 at 42250 feet #saintjohn #aircraft,saint john aircraft within 15km flight tlk822 at 42250 feet saintjohn aircraft,john aircraft within,john aircraft within,john aircraft within,john aircraft within,ngram_3,3,20,11,False,False,False,1
at://did:plc:24w74q2zfkzemkikzweooohi/app.bsky.feed.post/3mijsr3wnqh2q,2026-04-02T18:15:06.799931+00:00,Saint John - Aircraft within 15km: Flight TLK822 at 42250 feet #SaintJohn #Aircraft,saint john aircraft within 15km flight tlk822 at 42250 feet #saintjohn #aircraft,saint john aircraft within 15km flight tlk822 at 42250 feet saintjohn aircraft,aircraft within 15km,aircraft within 15km,aircraft within 15km,aircraft within 15km,ngram_3,3,20,12,False,True,False,2
at://did:plc:24w74q2zfkzemkikzweooohi/app.bsky.feed.post/3mijsr3wnqh2q,2026-04-02T18:15:06.799931+00:00,Saint John - Aircraft within 15km: Flight TLK822 at 42250 feet #SaintJohn #Aircraft,saint john aircraft within 15km flight tlk822 at 42250 feet #saintjohn #aircraft,saint john aircraft within 15km flight tlk822 at 42250 feet saintjohn aircraft,within 15km flight,within 15km flight,within 15km flight,within 15km flight,ngram_3,3,18,13,False,True,False,3
at://did:plc:24w74q2zfkzemkikzweooohi/app.bsky.feed.post/3mijsr3wnqh2q,2026-04-02T18:15:06.799931+00:00,Saint John - Aircraft within 15km: Flight TLK822 at 42250 feet #SaintJohn #Aircraft,saint john aircraft within 15km flight tlk822 at 42250 feet #saintjohn #aircraft,saint john aircraft within 15km flight tlk822 at 42250 feet saintjohn aircraft,15km flight tlk822,15km flight tlk822,15km flight tlk822,15km flight tlk822,ngram_3,3,18,14,False,True,False,4
at://did:plc:24w74q2zfkzemkikzweooohi/app.bsky.feed.post/3mijsr3wnqh2q,2026-04-02T18:15:06.799931+00:00,Saint John - Aircraft within 15km: Flight TLK822 at 42250 feet #SaintJohn #Aircraft,saint john aircraft within 15km flight tlk822 at 42250 feet #saintjohn #aircraft,saint john aircraft within 15km flight tlk822 at 42250 feet saintjohn aircraft,tlk822 at 42250,tlk822 at 42250,tlk822 at 42250,tlk822 at 42250,ngram_3,3,15,15,False,True,False,6
at://did:plc:24w74q2zfkzemkikzweooohi/app.bsky.feed.post/3mijsr3wnqh2q,2026-04-02T18:15:06.799931+00:00,Saint John - Aircraft within 15km: Flight TLK822 at 42250 feet #SaintJohn #Aircraft,saint john aircraft within 15km flight tlk822 at 42250 feet #saintjohn #aircraft,saint john aircraft within 15km flight tlk822 at 42250 feet saintjohn aircraft,42250 feet saintjohn,42250 feet saintjohn,42250 feet saintjohn,42250 feet saintjohn,ngram_3,3,20,16,False,True,False,8
at://did:plc:24w74q2zfkzemkikzweooohi/app.bsky.feed.post/3mijsr3wnqh2q,2026-04-02T18:15:06.799931+00:00,Saint John - Aircraft within 15km: Flight TLK822 at 42250 feet #SaintJohn #Aircraft,saint john aircraft within 15km flight tlk822 at 42250 feet #saintjohn #aircraft,saint john aircraft within 15km flight tlk822 at 42250 feet saintjohn aircraft,feet saintjohn aircraft,feet saintjohn aircraft,feet saintjohn aircraft,feet saintjohn aircraft,ngram_3,3,23,17,False,False,False,9
at://did:plc:24w74q2zfkzemkikzweooohi/app.bsky.feed.post/3mijsr3wnqh2q,2026-04-02T18:15:06.799931+00:00,Saint John - Aircraft within 15km: Flight TLK822 at 42250 feet #SaintJohn #Aircraft,saint john aircraft within 15km flight tlk822 at 42250 feet #saintjohn #aircraft,saint john aircraft within 15km flight tlk822 at 42250 feet saintjohn aircraft,saint john,saint john,saint john,saint john,ngram_2,2,10,18,False,False,False,0
at://did:plc:24w74q2zfkzemkikzweooohi/app.bsky.feed.post/3mijsr3wnqh2q,2026-04-02T18:15:06.799931+00:00,Saint John - Aircraft within 15km: Flight TLK822 at 42250 feet #SaintJohn #Aircraft,saint john aircraft within 15km flight tlk822 at 42250 feet #saintjohn #aircraft,saint john aircraft within 15km flight tlk822 at 42250 feet saintjohn aircraft,john aircraft,john aircraft,john aircraft,john aircraft,ngram_2,2,13,19,False,False,False,1
at://did:plc:24w74q2zfkzemkikzweooohi/app.bsky.feed.post/3mijsr3wnqh2q,2026-04-02T18:15:06.799931+00:00,Saint John - Aircraft within 15km: Flight TLK822 at 42250 feet #SaintJohn #Aircraft,saint john aircraft within 15km flight tlk822 at 42250 feet #saintjohn #aircraft,saint john aircraft within 15km flight tlk822 at 42250 feet saintjohn aircraft,aircraft within,aircraft within,aircraft within,aircraft within,ngram_2,2,15,20,False,False,False,2
at://did:plc:24wgvkvprdulofxmwg3wlmax/app.bsky.feed.post/3mijsscbjkk2p,2026-04-02T18:15:47.051Z,"FIRST. FUCKING. SENTANCE. of the article.
Why are people so goddamn stupid they let themselves read a headline and just IMAGINE what the rest says?",first fucking sentance of the article why are people so goddamn stupid they let themselves read a headline and just imagine what the rest says,first fucking sentance of the article why are people so goddamn stupid they let themselves read a headline and just imagine what the rest says,sentance of the article,sentance of the article,sentance of the article,sentance of the article,ngram_4,4,23,1,False,False,False,2
at://did:plc:24wgvkvprdulofxmwg3wlmax/app.bsky.feed.post/3mijsscbjkk2p,2026-04-02T18:15:47.051Z,"FIRST. FUCKING. SENTANCE. of the article.
Why are people so goddamn stupid they let themselves read a headline and just IMAGINE what the rest says?",first fucking sentance of the article why are people so goddamn stupid they let themselves read a headline and just imagine what the rest says,first fucking sentance of the article why are people so goddamn stupid they let themselves read a headline and just imagine what the rest says,article why are people,article why are people,article why are people,article why are people,ngram_4,4,22,2,False,False,False,5
at://did:plc:24wgvkvprdulofxmwg3wlmax/app.bsky.feed.post/3mijsscbjkk2p,2026-04-02T18:15:47.051Z,"FIRST. FUCKING. SENTANCE. of the article.
Why are people so goddamn stupid they let themselves read a headline and just IMAGINE what the rest says?",first fucking sentance of the article why are people so goddamn stupid they let themselves read a headline and just imagine what the rest says,first fucking sentance of the article why are people so goddamn stupid they let themselves read a headline and just imagine what the rest says,people so goddamn stupid,people so goddamn stupid,people so goddamn stupid,people so goddamn stupid,ngram_4,4,24,3,False,False,False,8
at://did:plc:24wgvkvprdulofxmwg3wlmax/app.bsky.feed.post/3mijsscbjkk2p,2026-04-02T18:15:47.051Z,"FIRST. FUCKING. SENTANCE. of the article.
Why are people so goddamn stupid they let themselves read a headline and just IMAGINE what the rest says?",first fucking sentance of the article why are people so goddamn stupid they let themselves read a headline and just imagine what the rest says,first fucking sentance of the article why are people so goddamn stupid they let themselves read a headline and just imagine what the rest says,goddamn stupid they let,goddamn stupid they let,goddamn stupid they let,goddamn stupid they let,ngram_4,4,23,4,False,False,False,10
at://did:plc:24wgvkvprdulofxmwg3wlmax/app.bsky.feed.post/3mijsscbjkk2p,2026-04-02T18:15:47.051Z,"FIRST. FUCKING. SENTANCE. of the article.
Why are people so goddamn stupid they let themselves read a headline and just IMAGINE what the rest says?",first fucking sentance of the article why are people so goddamn stupid they let themselves read a headline and just imagine what the rest says,first fucking sentance of the article why are people so goddamn stupid they let themselves read a headline and just imagine what the rest says,stupid they let themselves,stupid they let themselves,stupid they let themselves,stupid they let themselves,ngram_4,4,26,5,False,False,False,11
at://did:plc:24wgvkvprdulofxmwg3wlmax/app.bsky.feed.post/3mijsscbjkk2p,2026-04-02T18:15:47.051Z,"FIRST. FUCKING. SENTANCE. of the article.
Why are people so goddamn stupid they let themselves read a headline and just IMAGINE what the rest says?",first fucking sentance of the article why are people so goddamn stupid they let themselves read a headline and just imagine what the rest says,first fucking sentance of the article why are people so goddamn stupid they let themselves read a headline and just imagine what the rest says,themselves read a headline,themselves read a headline,themselves read a headline,themselves read a headline,ngram_4,4,26,6,False,False,False,14
at://did:plc:24wgvkvprdulofxmwg3wlmax/app.bsky.feed.post/3mijsscbjkk2p,2026-04-02T18:15:47.051Z,"FIRST. FUCKING. SENTANCE. of the article.
Why are people so goddamn stupid they let themselves read a headline and just IMAGINE what the rest says?",first fucking sentance of the article why are people so goddamn stupid they let themselves read a headline and just imagine what the rest says,first fucking sentance of the article why are people so goddamn stupid they let themselves read a headline and just imagine what the rest says,headline and just imagine,headline and just imagine,headline and just imagine,headline and just imagine,ngram_4,4,25,7,False,False,False,17
at://did:plc:24wgvkvprdulofxmwg3wlmax/app.bsky.feed.post/3mijsscbjkk2p,2026-04-02T18:15:47.051Z,"FIRST. FUCKING. SENTANCE. of the article.
Why are people so goddamn stupid they let themselves read a headline and just IMAGINE what the rest says?",first fucking sentance of the article why are people so goddamn stupid they let themselves read a headline and just imagine what the rest says,first fucking sentance of the article why are people so goddamn stupid they let themselves read a headline and just imagine what the rest says,imagine what the rest,imagine what the rest,imagine what the rest,imagine what the rest,ngram_4,4,21,8,False,False,False,20
at://did:plc:24wgvkvprdulofxmwg3wlmax/app.bsky.feed.post/3mijsscbjkk2p,2026-04-02T18:15:47.051Z,"FIRST. FUCKING. SENTANCE. of the article.
Why are people so goddamn stupid they let themselves read a headline and just IMAGINE what the rest says?",first fucking sentance of the article why are people so goddamn stupid they let themselves read a headline and just imagine what the rest says,first fucking sentance of the article why are people so goddamn stupid they let themselves read a headline and just imagine what the rest says,first fucking sentance,first fucking sentance,first fucking sentance,first fucking sentance,ngram_3,3,22,9,False,False,False,0
at://did:plc:24wgvkvprdulofxmwg3wlmax/app.bsky.feed.post/3mijsscbjkk2p,2026-04-02T18:15:47.051Z,"FIRST. FUCKING. SENTANCE. of the article.
Why are people so goddamn stupid they let themselves read a headline and just IMAGINE what the rest says?",first fucking sentance of the article why are people so goddamn stupid they let themselves read a headline and just imagine what the rest says,first fucking sentance of the article why are people so goddamn stupid they let themselves read a headline and just imagine what the rest says,people so goddamn,people so goddamn,people so goddamn,people so goddamn,ngram_3,3,17,10,False,False,False,8
at://did:plc:24wgvkvprdulofxmwg3wlmax/app.bsky.feed.post/3mijsscbjkk2p,2026-04-02T18:15:47.051Z,"FIRST. FUCKING. SENTANCE. of the article.
Why are people so goddamn stupid they let themselves read a headline and just IMAGINE what the rest says?",first fucking sentance of the article why are people so goddamn stupid they let themselves read a headline and just imagine what the rest says,first fucking sentance of the article why are people so goddamn stupid they let themselves read a headline and just imagine what the rest says,so goddamn stupid,so goddamn stupid,so goddamn stupid,so goddamn stupid,ngram_3,3,17,11,False,False,False,9
at://did:plc:24wgvkvprdulofxmwg3wlmax/app.bsky.feed.post/3mijsscbjkk2p,2026-04-02T18:15:47.051Z,"FIRST. FUCKING. SENTANCE. of the article.
Why are people so goddamn stupid they let themselves read a headline and just IMAGINE what the rest says?",first fucking sentance of the article why are people so goddamn stupid they let themselves read a headline and just imagine what the rest says,first fucking sentance of the article why are people so goddamn stupid they let themselves read a headline and just imagine what the rest says,stupid they let,stupid they let,stupid they let,stupid they let,ngram_3,3,15,12,False,False,False,11
at://did:plc:24wgvkvprdulofxmwg3wlmax/app.bsky.feed.post/3mijsscbjkk2p,2026-04-02T18:15:47.051Z,"FIRST. FUCKING. SENTANCE. of the article.
Why are people so goddamn stupid they let themselves read a headline and just IMAGINE what the rest says?",first fucking sentance of the article why are people so goddamn stupid they let themselves read a headline and just imagine what the rest says,first fucking sentance of the article why are people so goddamn stupid they let themselves read a headline and just imagine what the rest says,let themselves read,let themselves read,let themselves read,let themselves read,ngram_3,3,19,13,False,False,False,13
at://did:plc:24wgvkvprdulofxmwg3wlmax/app.bsky.feed.post/3mijsscbjkk2p,2026-04-02T18:15:47.051Z,"FIRST. FUCKING. SENTANCE. of the article.
Why are people so goddamn stupid they let themselves read a headline and just IMAGINE what the rest says?",first fucking sentance of the article why are people so goddamn stupid they let themselves read a headline and just imagine what the rest says,first fucking sentance of the article why are people so goddamn stupid they let themselves read a headline and just imagine what the rest says,read a headline,read a headline,read a headline,read a headline,ngram_3,3,15,14,False,False,False,15
at://did:plc:24wgvkvprdulofxmwg3wlmax/app.bsky.feed.post/3mijsscbjkk2p,2026-04-02T18:15:47.051Z,"FIRST. FUCKING. SENTANCE. of the article.
Why are people so goddamn stupid they let themselves read a headline and just IMAGINE what the rest says?",first fucking sentance of the article why are people so goddamn stupid they let themselves read a headline and just imagine what the rest says,first fucking sentance of the article why are people so goddamn stupid they let themselves read a headline and just imagine what the rest says,headline and just,headline and just,headline and just,headline and just,ngram_3,3,17,15,False,False,False,17
at://did:plc:24wgvkvprdulofxmwg3wlmax/app.bsky.feed.post/3mijsscbjkk2p,2026-04-02T18:15:47.051Z,"FIRST. FUCKING. SENTANCE. of the article.
Why are people so goddamn stupid they let themselves read a headline and just IMAGINE what the rest says?",first fucking sentance of the article why are people so goddamn stupid they let themselves read a headline and just imagine what the rest says,first fucking sentance of the article why are people so goddamn stupid they let themselves read a headline and just imagine what the rest says,first fucking,first fucking,first fucking,first fucking,ngram_2,2,13,16,False,False,False,0
at://did:plc:24wgvkvprdulofxmwg3wlmax/app.bsky.feed.post/3mijsscbjkk2p,2026-04-02T18:15:47.051Z,"FIRST. FUCKING. SENTANCE. of the article.
Why are people so goddamn stupid they let themselves read a headline and just IMAGINE what the rest says?",first fucking sentance of the article why are people so goddamn stupid they let themselves read a headline and just imagine what the rest says,first fucking sentance of the article why are people so goddamn stupid they let themselves read a headline and just imagine what the rest says,fucking sentance,fucking sentance,fucking sentance,fucking sentance,ngram_2,2,16,17,False,False,False,1
at://did:plc:24wgvkvprdulofxmwg3wlmax/app.bsky.feed.post/3mijsscbjkk2p,2026-04-02T18:15:47.051Z,"FIRST. FUCKING. SENTANCE. of the article.
Why are people so goddamn stupid they let themselves read a headline and just IMAGINE what the rest says?",first fucking sentance of the article why are people so goddamn stupid they let themselves read a headline and just imagine what the rest says,first fucking sentance of the article why are people so goddamn stupid they let themselves read a headline and just imagine what the rest says,people so,people so,people so,people so,ngram_2,2,9,18,False,False,False,8
at://did:plc:24wgvkvprdulofxmwg3wlmax/app.bsky.feed.post/3mijsscbjkk2p,2026-04-02T18:15:47.051Z,"FIRST. FUCKING. SENTANCE. of the article.
Why are people so goddamn stupid they let themselves read a headline and just IMAGINE what the rest says?",first fucking sentance of the article why are people so goddamn stupid they let themselves read a headline and just imagine what the rest says,first fucking sentance of the article why are people so goddamn stupid they let themselves read a headline and just imagine what the rest says,so goddamn,so goddamn,so goddamn,so goddamn,ngram_2,2,10,19,False,False,False,9
at://did:plc:24wgvkvprdulofxmwg3wlmax/app.bsky.feed.post/3mijsscbjkk2p,2026-04-02T18:15:47.051Z,"FIRST. FUCKING. SENTANCE. of the article.
Why are people so goddamn stupid they let themselves read a headline and just IMAGINE what the rest says?",first fucking sentance of the article why are people so goddamn stupid they let themselves read a headline and just imagine what the rest says,first fucking sentance of the article why are people so goddamn stupid they let themselves read a headline and just imagine what the rest says,goddamn stupid,goddamn stupid,goddamn stupid,goddamn stupid,ngram_2,2,14,20,False,False,False,10
at://did:plc:24y42qjfsont75jgie4ca2rw/app.bsky.feed.post/3mijsr6tw622z,2026-04-02T18:15:09.905Z,"i do, thanks for noticing but not as good as i look on the dancefloor",i do thanks for noticing but not as good as i look on the dancefloor,i do thanks for noticing but not as good as i look on the dancefloor,do thanks for noticing,do thanks for noticing,do thanks for noticing,do thanks for noticing,ngram_4,4,22,1,False,False,False,1
at://did:plc:24y42qjfsont75jgie4ca2rw/app.bsky.feed.post/3mijsr6tw622z,2026-04-02T18:15:09.905Z,"i do, thanks for noticing but not as good as i look on the dancefloor",i do thanks for noticing but not as good as i look on the dancefloor,i do thanks for noticing but not as good as i look on the dancefloor,good as i look,good as i look,good as i look,good as i look,ngram_4,4,14,2,False,False,False,8
at://did:plc:24y42qjfsont75jgie4ca2rw/app.bsky.feed.post/3mijsr6tw622z,2026-04-02T18:15:09.905Z,"i do, thanks for noticing but not as good as i look on the dancefloor",i do thanks for noticing but not as good as i look on the dancefloor,i do thanks for noticing but not as good as i look on the dancefloor,look on the dancefloor,look on the dancefloor,look on the dancefloor,look on the dancefloor,ngram_4,4,22,3,False,False,False,11
at://did:plc:24y42qjfsont75jgie4ca2rw/app.bsky.feed.post/3mijsr6tw622z,2026-04-02T18:15:09.905Z,"i do, thanks for noticing but not as good as i look on the dancefloor",i do thanks for noticing but not as good as i look on the dancefloor,i do thanks for noticing but not as good as i look on the dancefloor,thanks for noticing,thanks for noticing,thanks for noticing,thanks for noticing,ngram_3,3,19,4,False,False,False,2
at://did:plc:24y42qjfsont75jgie4ca2rw/app.bsky.feed.post/3mijsr6tw622z,2026-04-02T18:15:09.905Z,"i do, thanks for noticing but not as good as i look on the dancefloor",i do thanks for noticing but not as good as i look on the dancefloor,i do thanks for noticing but not as good as i look on the dancefloor,do thanks,do thanks,do thanks,do thanks,ngram_2,2,9,5,False,False,False,1
at://did:plc:24y42qjfsont75jgie4ca2rw/app.bsky.feed.post/3mijsxg23sc2z,2026-04-02T18:18:38.774Z,what a queen,what a queen,what a queen,queen,queen,queen,queen,unigram_fallback,1,5,1,False,False,True,2
at://did:plc:24zahcysh7aojwmygyawo7mb/app.bsky.feed.post/3mijsrkexqc2p,2026-04-02T18:15:21.993Z,Operação 3F (Farsa da Falsa Facada).,operação 3f farsa da falsa facada,opera o 3f farsa da falsa facada,opera o 3f farsa,opera o 3f farsa,opera o 3f farsa,opera o 3f farsa,ngram_4,4,16,1,False,True,False,0
at://did:plc:24zahcysh7aojwmygyawo7mb/app.bsky.feed.post/3mijsrkexqc2p,2026-04-02T18:15:21.993Z,Operação 3F (Farsa da Falsa Facada).,operação 3f farsa da falsa facada,opera o 3f farsa da falsa facada,o 3f farsa da,o 3f farsa da,o 3f farsa da,o 3f farsa da,ngram_4,4,13,2,False,True,False,1
at://did:plc:24zahcysh7aojwmygyawo7mb/app.bsky.feed.post/3mijsrkexqc2p,2026-04-02T18:15:21.993Z,Operação 3F (Farsa da Falsa Facada).,operação 3f farsa da falsa facada,opera o 3f farsa da falsa facada,3f farsa da falsa,3f farsa da falsa,3f farsa da falsa,3f farsa da falsa,ngram_4,4,17,3,False,True,False,2
at://did:plc:24zahcysh7aojwmygyawo7mb/app.bsky.feed.post/3mijsrkexqc2p,2026-04-02T18:15:21.993Z,Operação 3F (Farsa da Falsa Facada).,operação 3f farsa da falsa facada,opera o 3f farsa da falsa facada,farsa da falsa facada,farsa da falsa facada,farsa da falsa facada,farsa da falsa facada,ngram_4,4,21,4,False,False,False,3
at://did:plc:24zahcysh7aojwmygyawo7mb/app.bsky.feed.post/3mijsrkexqc2p,2026-04-02T18:15:21.993Z,Operação 3F (Farsa da Falsa Facada).,operação 3f farsa da falsa facada,opera o 3f farsa da falsa facada,opera o 3f,opera o 3f,opera o 3f,opera o 3f,ngram_3,3,10,5,False,True,False,0
at://did:plc:24zahcysh7aojwmygyawo7mb/app.bsky.feed.post/3mijsrkexqc2p,2026-04-02T18:15:21.993Z,Operação 3F (Farsa da Falsa Facada).,operação 3f farsa da falsa facada,opera o 3f farsa da falsa facada,o 3f farsa,o 3f farsa,o 3f farsa,o 3f farsa,ngram_3,3,10,6,False,True,False,1
at://did:plc:24zahcysh7aojwmygyawo7mb/app.bsky.feed.post/3mijsrkexqc2p,2026-04-02T18:15:21.993Z,Operação 3F (Farsa da Falsa Facada).,operação 3f farsa da falsa facada,opera o 3f farsa da falsa facada,3f farsa da,3f farsa da,3f farsa da,3f farsa da,ngram_3,3,11,7,False,True,False,2
at://did:plc:24zahcysh7aojwmygyawo7mb/app.bsky.feed.post/3mijsrkexqc2p,2026-04-02T18:15:21.993Z,Operação 3F (Farsa da Falsa Facada).,operação 3f farsa da falsa facada,opera o 3f farsa da falsa facada,farsa da falsa,farsa da falsa,farsa da falsa,farsa da falsa,ngram_3,3,14,8,False,False,False,3
at://did:plc:24zahcysh7aojwmygyawo7mb/app.bsky.feed.post/3mijsrkexqc2p,2026-04-02T18:15:21.993Z,Operação 3F (Farsa da Falsa Facada).,operação 3f farsa da falsa facada,opera o 3f farsa da falsa facada,da falsa facada,da falsa facada,da falsa facada,da falsa facada,ngram_3,3,15,9,False,False,False,4
at://did:plc:24zahcysh7aojwmygyawo7mb/app.bsky.feed.post/3mijsrkexqc2p,2026-04-02T18:15:21.993Z,Operação 3F (Farsa da Falsa Facada).,operação 3f farsa da falsa facada,opera o 3f farsa da falsa facada,opera o,opera o,opera o,opera o,ngram_2,2,7,10,False,False,False,0
at://did:plc:24zahcysh7aojwmygyawo7mb/app.bsky.feed.post/3mijsrkexqc2p,2026-04-02T18:15:21.993Z,Operação 3F (Farsa da Falsa Facada).,operação 3f farsa da falsa facada,opera o 3f farsa da falsa facada,o 3f,o 3f,o 3f,o 3f,ngram_2,2,4,11,False,True,False,1
at://did:plc:24zahcysh7aojwmygyawo7mb/app.bsky.feed.post/3mijsrkexqc2p,2026-04-02T18:15:21.993Z,Operação 3F (Farsa da Falsa Facada).,operação 3f farsa da falsa facada,opera o 3f farsa da falsa facada,3f farsa,3f farsa,3f farsa,3f farsa,ngram_2,2,8,12,False,True,False,2
at://did:plc:24zahcysh7aojwmygyawo7mb/app.bsky.feed.post/3mijsrkexqc2p,2026-04-02T18:15:21.993Z,Operação 3F (Farsa da Falsa Facada).,operação 3f farsa da falsa facada,opera o 3f farsa da falsa facada,farsa da,farsa da,farsa da,farsa da,ngram_2,2,8,13,False,False,False,3
at://did:plc:24zahcysh7aojwmygyawo7mb/app.bsky.feed.post/3mijsrkexqc2p,2026-04-02T18:15:21.993Z,Operação 3F (Farsa da Falsa Facada).,operação 3f farsa da falsa facada,opera o 3f farsa da falsa facada,da falsa,da falsa,da falsa,da falsa,ngram_2,2,8,14,False,False,False,4
at://did:plc:24zahcysh7aojwmygyawo7mb/app.bsky.feed.post/3mijsrkexqc2p,2026-04-02T18:15:21.993Z,Operação 3F (Farsa da Falsa Facada).,operação 3f farsa da falsa facada,opera o 3f farsa da falsa facada,falsa facada,falsa facada,falsa facada,falsa facada,ngram_2,2,12,15,False,False,False,5
at://did:plc:2527y3zoiliwcl2j7edlqs5s/app.bsky.feed.post/3mijstp54z22l,2026-04-02T18:16:34.093Z,She gonna be enforcing fines at the Trump library,she gonna be enforcing fines at the trump library,she gonna be enforcing fines at the trump library,gonna be enforcing fines,gonna be enforcing fines,gonna be enforcing fines,gonna be enforcing fines,ngram_4,4,24,1,False,False,False,1
at://did:plc:2527y3zoiliwcl2j7edlqs5s/app.bsky.feed.post/3mijstp54z22l,2026-04-02T18:16:34.093Z,She gonna be enforcing fines at the Trump library,she gonna be enforcing fines at the trump library,she gonna be enforcing fines at the trump library,fines at the trump,fines at the trump,fines at the trump,fines at the trump,ngram_4,4,18,2,False,False,False,4
at://did:plc:2527y3zoiliwcl2j7edlqs5s/app.bsky.feed.post/3mijstp54z22l,2026-04-02T18:16:34.093Z,She gonna be enforcing fines at the Trump library,she gonna be enforcing fines at the trump library,she gonna be enforcing fines at the trump library,gonna be enforcing,gonna be enforcing,gonna be enforcing,gonna be enforcing,ngram_3,3,18,3,False,False,False,1
at://did:plc:2527y3zoiliwcl2j7edlqs5s/app.bsky.feed.post/3mijstp54z22l,2026-04-02T18:16:34.093Z,She gonna be enforcing fines at the Trump library,she gonna be enforcing fines at the trump library,she gonna be enforcing fines at the trump library,enforcing fines,enforcing fines,enforcing fines,enforcing fines,ngram_2,2,15,4,False,False,False,3
at://did:plc:2527y3zoiliwcl2j7edlqs5s/app.bsky.feed.post/3mijstp54z22l,2026-04-02T18:16:34.093Z,She gonna be enforcing fines at the Trump library,she gonna be enforcing fines at the trump library,she gonna be enforcing fines at the trump library,trump library,trump library,trump library,trump library,ngram_2,2,13,5,False,False,False,7
at://did:plc:2527y3zoiliwcl2j7edlqs5s/app.bsky.feed.post/3mijsuqamdc2l,2026-04-02T18:17:08.810Z,Lifeguard at Mar a Lago?,lifeguard at mar a lago,lifeguard at mar a lago,lifeguard at mar,lifeguard at mar,lifeguard at mar,lifeguard at mar,ngram_3,3,16,1,False,False,False,0
at://did:plc:2527y3zoiliwcl2j7edlqs5s/app.bsky.feed.post/3mijsuqamdc2l,2026-04-02T18:17:08.810Z,Lifeguard at Mar a Lago?,lifeguard at mar a lago,lifeguard at mar a lago,mar a lago,mar a lago,mar a lago,mar a lago,ngram_3,3,10,2,False,False,False,2
at://did:plc:255mnfwdshslqtawmd6msqwb/app.bsky.feed.post/3mijspkkzw227,2026-04-02T18:14:14.934Z,"The South London borough has yet to publish an up-to-date Local Plan, despite originally promising this for 2021",the south london borough has yet to publish an up to date local plan despite originally promising this for 2021,the south london borough has yet to publish an up to date local plan despite originally promising this for 2021,london borough has yet,london borough has yet,london borough has yet,london borough has yet,ngram_4,4,22,1,False,False,False,2
at://did:plc:255mnfwdshslqtawmd6msqwb/app.bsky.feed.post/3mijspkkzw227,2026-04-02T18:14:14.934Z,"The South London borough has yet to publish an up-to-date Local Plan, despite originally promising this for 2021",the south london borough has yet to publish an up to date local plan despite originally promising this for 2021,the south london borough has yet to publish an up to date local plan despite originally promising this for 2021,up to date local,up to date local,up to date local,up to date local,ngram_4,4,16,2,False,False,False,9
at://did:plc:255mnfwdshslqtawmd6msqwb/app.bsky.feed.post/3mijspkkzw227,2026-04-02T18:14:14.934Z,"The South London borough has yet to publish an up-to-date Local Plan, despite originally promising this for 2021",the south london borough has yet to publish an up to date local plan despite originally promising this for 2021,the south london borough has yet to publish an up to date local plan despite originally promising this for 2021,date local plan despite,date local plan despite,date local plan despite,date local plan despite,ngram_4,4,23,3,False,False,False,11
at://did:plc:255mnfwdshslqtawmd6msqwb/app.bsky.feed.post/3mijspkkzw227,2026-04-02T18:14:14.934Z,"The South London borough has yet to publish an up-to-date Local Plan, despite originally promising this for 2021",the south london borough has yet to publish an up to date local plan despite originally promising this for 2021,the south london borough has yet to publish an up to date local plan despite originally promising this for 2021,local plan despite originally,local plan despite originally,local plan despite originally,local plan despite originally,ngram_4,4,29,4,False,False,False,12
at://did:plc:255mnfwdshslqtawmd6msqwb/app.bsky.feed.post/3mijspkkzw227,2026-04-02T18:14:14.934Z,"The South London borough has yet to publish an up-to-date Local Plan, despite originally promising this for 2021",the south london borough has yet to publish an up to date local plan despite originally promising this for 2021,the south london borough has yet to publish an up to date local plan despite originally promising this for 2021,plan despite originally promising,plan despite originally promising,plan despite originally promising,plan despite originally promising,ngram_4,4,33,5,False,False,False,13
at://did:plc:255mnfwdshslqtawmd6msqwb/app.bsky.feed.post/3mijspkkzw227,2026-04-02T18:14:14.934Z,"The South London borough has yet to publish an up-to-date Local Plan, despite originally promising this for 2021",the south london borough has yet to publish an up to date local plan despite originally promising this for 2021,the south london borough has yet to publish an up to date local plan despite originally promising this for 2021,promising this for 2021,promising this for 2021,promising this for 2021,promising this for 2021,ngram_4,4,23,6,False,True,False,16
at://did:plc:255mnfwdshslqtawmd6msqwb/app.bsky.feed.post/3mijspkkzw227,2026-04-02T18:14:14.934Z,"The South London borough has yet to publish an up-to-date Local Plan, despite originally promising this for 2021",the south london borough has yet to publish an up to date local plan despite originally promising this for 2021,the south london borough has yet to publish an up to date local plan despite originally promising this for 2021,south london borough,south london borough,south london borough,south london borough,ngram_3,3,20,7,False,False,False,1
at://did:plc:255mnfwdshslqtawmd6msqwb/app.bsky.feed.post/3mijspkkzw227,2026-04-02T18:14:14.934Z,"The South London borough has yet to publish an up-to-date Local Plan, despite originally promising this for 2021",the south london borough has yet to publish an up to date local plan despite originally promising this for 2021,the south london borough has yet to publish an up to date local plan despite originally promising this for 2021,borough has yet,borough has yet,borough has yet,borough has yet,ngram_3,3,15,8,False,False,False,3
at://did:plc:255mnfwdshslqtawmd6msqwb/app.bsky.feed.post/3mijspkkzw227,2026-04-02T18:14:14.934Z,"The South London borough has yet to publish an up-to-date Local Plan, despite originally promising this for 2021",the south london borough has yet to publish an up to date local plan despite originally promising this for 2021,the south london borough has yet to publish an up to date local plan despite originally promising this for 2021,yet to publish,yet to publish,yet to publish,yet to publish,ngram_3,3,14,9,False,False,False,5
at://did:plc:255mnfwdshslqtawmd6msqwb/app.bsky.feed.post/3mijspkkzw227,2026-04-02T18:14:14.934Z,"The South London borough has yet to publish an up-to-date Local Plan, despite originally promising this for 2021",the south london borough has yet to publish an up to date local plan despite originally promising this for 2021,the south london borough has yet to publish an up to date local plan despite originally promising this for 2021,publish an up,publish an up,publish an up,publish an up,ngram_3,3,13,10,False,False,False,7
at://did:plc:255mnfwdshslqtawmd6msqwb/app.bsky.feed.post/3mijspkkzw227,2026-04-02T18:14:14.934Z,"The South London borough has yet to publish an up-to-date Local Plan, despite originally promising this for 2021",the south london borough has yet to publish an up to date local plan despite originally promising this for 2021,the south london borough has yet to publish an up to date local plan despite originally promising this for 2021,up to date,up to date,up to date,up to date,ngram_3,3,10,11,False,False,False,9
at://did:plc:255mnfwdshslqtawmd6msqwb/app.bsky.feed.post/3mijspkkzw227,2026-04-02T18:14:14.934Z,"The South London borough has yet to publish an up-to-date Local Plan, despite originally promising this for 2021",the south london borough has yet to publish an up to date local plan despite originally promising this for 2021,the south london borough has yet to publish an up to date local plan despite originally promising this for 2021,date local plan,date local plan,date local plan,date local plan,ngram_3,3,15,12,False,False,False,11
at://did:plc:255mnfwdshslqtawmd6msqwb/app.bsky.feed.post/3mijspkkzw227,2026-04-02T18:14:14.934Z,"The South London borough has yet to publish an up-to-date Local Plan, despite originally promising this for 2021",the south london borough has yet to publish an up to date local plan despite originally promising this for 2021,the south london borough has yet to publish an up to date local plan despite originally promising this for 2021,local plan despite,local plan despite,local plan despite,local plan despite,ngram_3,3,18,13,False,False,False,12
at://did:plc:255mnfwdshslqtawmd6msqwb/app.bsky.feed.post/3mijspkkzw227,2026-04-02T18:14:14.934Z,"The South London borough has yet to publish an up-to-date Local Plan, despite originally promising this for 2021",the south london borough has yet to publish an up to date local plan despite originally promising this for 2021,the south london borough has yet to publish an up to date local plan despite originally promising this for 2021,plan despite originally,plan despite originally,plan despite originally,plan despite originally,ngram_3,3,23,14,False,False,False,13
at://did:plc:255mnfwdshslqtawmd6msqwb/app.bsky.feed.post/3mijspkkzw227,2026-04-02T18:14:14.934Z,"The South London borough has yet to publish an up-to-date Local Plan, despite originally promising this for 2021",the south london borough has yet to publish an up to date local plan despite originally promising this for 2021,the south london borough has yet to publish an up to date local plan despite originally promising this for 2021,despite originally promising,despite originally promising,despite originally promising,despite originally promising,ngram_3,3,28,15,False,False,False,14
at://did:plc:255mnfwdshslqtawmd6msqwb/app.bsky.feed.post/3mijspkkzw227,2026-04-02T18:14:14.934Z,"The South London borough has yet to publish an up-to-date Local Plan, despite originally promising this for 2021",the south london borough has yet to publish an up to date local plan despite originally promising this for 2021,the south london borough has yet to publish an up to date local plan despite originally promising this for 2021,south london,south london,south london,south london,ngram_2,2,12,16,False,False,False,1
at://did:plc:255mnfwdshslqtawmd6msqwb/app.bsky.feed.post/3mijspkkzw227,2026-04-02T18:14:14.934Z,"The South London borough has yet to publish an up-to-date Local Plan, despite originally promising this for 2021",the south london borough has yet to publish an up to date local plan despite originally promising this for 2021,the south london borough has yet to publish an up to date local plan despite originally promising this for 2021,london borough,london borough,london borough,london borough,ngram_2,2,14,17,False,False,False,2
at://did:plc:255mnfwdshslqtawmd6msqwb/app.bsky.feed.post/3mijspkkzw227,2026-04-02T18:14:14.934Z,"The South London borough has yet to publish an up-to-date Local Plan, despite originally promising this for 2021",the south london borough has yet to publish an up to date local plan despite originally promising this for 2021,the south london borough has yet to publish an up to date local plan despite originally promising this for 2021,date local,date local,date local,date local,ngram_2,2,10,18,False,False,False,11
at://did:plc:255mnfwdshslqtawmd6msqwb/app.bsky.feed.post/3mijspkkzw227,2026-04-02T18:14:14.934Z,"The South London borough has yet to publish an up-to-date Local Plan, despite originally promising this for 2021",the south london borough has yet to publish an up to date local plan despite originally promising this for 2021,the south london borough has yet to publish an up to date local plan despite originally promising this for 2021,local plan,local plan,local plan,local plan,ngram_2,2,10,19,False,False,False,12
at://did:plc:255mnfwdshslqtawmd6msqwb/app.bsky.feed.post/3mijspkkzw227,2026-04-02T18:14:14.934Z,"The South London borough has yet to publish an up-to-date Local Plan, despite originally promising this for 2021",the south london borough has yet to publish an up to date local plan despite originally promising this for 2021,the south london borough has yet to publish an up to date local plan despite originally promising this for 2021,plan despite,plan despite,plan despite,plan despite,ngram_2,2,12,20,False,False,False,13
at://did:plc:256kd427doj7f4oyd3wmxs7v/app.bsky.feed.post/3mijsozod7c2v,2026-04-02T18:13:57.369Z,Hat nicht geklappt 😔😁,hat nicht geklappt 😔😁,hat nicht geklappt,hat nicht geklappt,hat nicht geklappt,hat nicht geklappt,hat nicht geklappt,ngram_3,3,18,1,False,False,False,0
at://did:plc:256kd427doj7f4oyd3wmxs7v/app.bsky.feed.post/3mijsozod7c2v,2026-04-02T18:13:57.369Z,Hat nicht geklappt 😔😁,hat nicht geklappt 😔😁,hat nicht geklappt,hat nicht,hat nicht,hat nicht,hat nicht,ngram_2,2,9,2,False,False,False,0
at://did:plc:256kd427doj7f4oyd3wmxs7v/app.bsky.feed.post/3mijsozod7c2v,2026-04-02T18:13:57.369Z,Hat nicht geklappt 😔😁,hat nicht geklappt 😔😁,hat nicht geklappt,nicht geklappt,nicht geklappt,nicht geklappt,nicht geklappt,ngram_2,2,14,3,False,False,False,1
at://did:plc:256kd427doj7f4oyd3wmxs7v/app.bsky.feed.post/3mijsqzrso22v,2026-04-02T18:15:04.593Z,"Colorle #1010 285/500
🟩🟩🟩🟩⬜⬜⬜⬜⬜⬜ 44/100
🟩🟩🟩🟩🟩🟩🟩⬜⬜⬜ 74/100
🟩🟩🟩⬜⬜⬜⬜⬜⬜⬜ 32/100
🟩🟩🟩🟩🟩🟩⬜⬜⬜⬜ 60/100
🟩🟩🟩🟩🟩🟩🟩⬜⬜⬜ 75/100
colorguesser.com",colorle #1010 285 500 🟩🟩🟩🟩⬜⬜⬜⬜⬜⬜ 44 100 🟩🟩🟩🟩🟩🟩🟩⬜⬜⬜ 74 100 🟩🟩🟩⬜⬜⬜⬜⬜⬜⬜ 32 100 🟩🟩🟩🟩🟩🟩⬜⬜⬜⬜ 60 100 🟩🟩🟩🟩🟩🟩🟩⬜⬜⬜ 75 100 colorguesser com,colorle 1010 285 500 44 100 74 100 32 100 60 100 75 100 colorguesser com,#1010,#1010,1010,1010,hashtag,1,5,1,True,True,False,8
at://did:plc:256kd427doj7f4oyd3wmxs7v/app.bsky.feed.post/3mijsqzrso22v,2026-04-02T18:15:04.593Z,"Colorle #1010 285/500
🟩🟩🟩🟩⬜⬜⬜⬜⬜⬜ 44/100
🟩🟩🟩🟩🟩🟩🟩⬜⬜⬜ 74/100
🟩🟩🟩⬜⬜⬜⬜⬜⬜⬜ 32/100
🟩🟩🟩🟩🟩🟩⬜⬜⬜⬜ 60/100
🟩🟩🟩🟩🟩🟩🟩⬜⬜⬜ 75/100
colorguesser.com",colorle #1010 285 500 🟩🟩🟩🟩⬜⬜⬜⬜⬜⬜ 44 100 🟩🟩🟩🟩🟩🟩🟩⬜⬜⬜ 74 100 🟩🟩🟩⬜⬜⬜⬜⬜⬜⬜ 32 100 🟩🟩🟩🟩🟩🟩⬜⬜⬜⬜ 60 100 🟩🟩🟩🟩🟩🟩🟩⬜⬜⬜ 75 100 colorguesser com,colorle 1010 285 500 44 100 74 100 32 100 60 100 75 100 colorguesser com,colorle 1010 285 500,colorle 1010 285 500,colorle 1010 285 500,colorle 1010 285 500,ngram_4,4,20,2,False,True,False,0
at://did:plc:256kd427doj7f4oyd3wmxs7v/app.bsky.feed.post/3mijsqzrso22v,2026-04-02T18:15:04.593Z,"Colorle #1010 285/500
🟩🟩🟩🟩⬜⬜⬜⬜⬜⬜ 44/100
🟩🟩🟩🟩🟩🟩🟩⬜⬜⬜ 74/100
🟩🟩🟩⬜⬜⬜⬜⬜⬜⬜ 32/100
🟩🟩🟩🟩🟩🟩⬜⬜⬜⬜ 60/100
🟩🟩🟩🟩🟩🟩🟩⬜⬜⬜ 75/100
colorguesser.com",colorle #1010 285 500 🟩🟩🟩🟩⬜⬜⬜⬜⬜⬜ 44 100 🟩🟩🟩🟩🟩🟩🟩⬜⬜⬜ 74 100 🟩🟩🟩⬜⬜⬜⬜⬜⬜⬜ 32 100 🟩🟩🟩🟩🟩🟩⬜⬜⬜⬜ 60 100 🟩🟩🟩🟩🟩🟩🟩⬜⬜⬜ 75 100 colorguesser com,colorle 1010 285 500 44 100 74 100 32 100 60 100 75 100 colorguesser com,1010 285 500 44,1010 285 500 44,1010 285 500 44,1010 285 500 44,ngram_4,4,15,3,False,True,False,1
at://did:plc:256kd427doj7f4oyd3wmxs7v/app.bsky.feed.post/3mijsqzrso22v,2026-04-02T18:15:04.593Z,"Colorle #1010 285/500
🟩🟩🟩🟩⬜⬜⬜⬜⬜⬜ 44/100
🟩🟩🟩🟩🟩🟩🟩⬜⬜⬜ 74/100
🟩🟩🟩⬜⬜⬜⬜⬜⬜⬜ 32/100
🟩🟩🟩🟩🟩🟩⬜⬜⬜⬜ 60/100
🟩🟩🟩🟩🟩🟩🟩⬜⬜⬜ 75/100
colorguesser.com",colorle #1010 285 500 🟩🟩🟩🟩⬜⬜⬜⬜⬜⬜ 44 100 🟩🟩🟩🟩🟩🟩🟩⬜⬜⬜ 74 100 🟩🟩🟩⬜⬜⬜⬜⬜⬜⬜ 32 100 🟩🟩🟩🟩🟩🟩⬜⬜⬜⬜ 60 100 🟩🟩🟩🟩🟩🟩🟩⬜⬜⬜ 75 100 colorguesser com,colorle 1010 285 500 44 100 74 100 32 100 60 100 75 100 colorguesser com,285 500 44 100,285 500 44 100,285 500 44 100,285 500 44 100,ngram_4,4,14,4,False,True,False,2
at://did:plc:256kd427doj7f4oyd3wmxs7v/app.bsky.feed.post/3mijsqzrso22v,2026-04-02T18:15:04.593Z,"Colorle #1010 285/500
🟩🟩🟩🟩⬜⬜⬜⬜⬜⬜ 44/100
🟩🟩🟩🟩🟩🟩🟩⬜⬜⬜ 74/100
🟩🟩🟩⬜⬜⬜⬜⬜⬜⬜ 32/100
🟩🟩🟩🟩🟩🟩⬜⬜⬜⬜ 60/100
🟩🟩🟩🟩🟩🟩🟩⬜⬜⬜ 75/100
colorguesser.com",colorle #1010 285 500 🟩🟩🟩🟩⬜⬜⬜⬜⬜⬜ 44 100 🟩🟩🟩🟩🟩🟩🟩⬜⬜⬜ 74 100 🟩🟩🟩⬜⬜⬜⬜⬜⬜⬜ 32 100 🟩🟩🟩🟩🟩🟩⬜⬜⬜⬜ 60 100 🟩🟩🟩🟩🟩🟩🟩⬜⬜⬜ 75 100 colorguesser com,colorle 1010 285 500 44 100 74 100 32 100 60 100 75 100 colorguesser com,500 44 100 74,500 44 100 74,500 44 100 74,500 44 100 74,ngram_4,4,13,5,False,True,False,3
at://did:plc:256kd427doj7f4oyd3wmxs7v/app.bsky.feed.post/3mijsqzrso22v,2026-04-02T18:15:04.593Z,"Colorle #1010 285/500
🟩🟩🟩🟩⬜⬜⬜⬜⬜⬜ 44/100
🟩🟩🟩🟩🟩🟩🟩⬜⬜⬜ 74/100
🟩🟩🟩⬜⬜⬜⬜⬜⬜⬜ 32/100
🟩🟩🟩🟩🟩🟩⬜⬜⬜⬜ 60/100
🟩🟩🟩🟩🟩🟩🟩⬜⬜⬜ 75/100
colorguesser.com",colorle #1010 285 500 🟩🟩🟩🟩⬜⬜⬜⬜⬜⬜ 44 100 🟩🟩🟩🟩🟩🟩🟩⬜⬜⬜ 74 100 🟩🟩🟩⬜⬜⬜⬜⬜⬜⬜ 32 100 🟩🟩🟩🟩🟩🟩⬜⬜⬜⬜ 60 100 🟩🟩🟩🟩🟩🟩🟩⬜⬜⬜ 75 100 colorguesser com,colorle 1010 285 500 44 100 74 100 32 100 60 100 75 100 colorguesser com,44 100 74 100,44 100 74 100,44 100 74 100,44 100 74 100,ngram_4,4,13,6,False,True,False,4
at://did:plc:256kd427doj7f4oyd3wmxs7v/app.bsky.feed.post/3mijsqzrso22v,2026-04-02T18:15:04.593Z,"Colorle #1010 285/500
🟩🟩🟩🟩⬜⬜⬜⬜⬜⬜ 44/100
🟩🟩🟩🟩🟩🟩🟩⬜⬜⬜ 74/100
🟩🟩🟩⬜⬜⬜⬜⬜⬜⬜ 32/100
🟩🟩🟩🟩🟩🟩⬜⬜⬜⬜ 60/100
🟩🟩🟩🟩🟩🟩🟩⬜⬜⬜ 75/100
colorguesser.com",colorle #1010 285 500 🟩🟩🟩🟩⬜⬜⬜⬜⬜⬜ 44 100 🟩🟩🟩🟩🟩🟩🟩⬜⬜⬜ 74 100 🟩🟩🟩⬜⬜⬜⬜⬜⬜⬜ 32 100 🟩🟩🟩🟩🟩🟩⬜⬜⬜⬜ 60 100 🟩🟩🟩🟩🟩🟩🟩⬜⬜⬜ 75 100 colorguesser com,colorle 1010 285 500 44 100 74 100 32 100 60 100 75 100 colorguesser com,100 74 100 32,100 74 100 32,100 74 100 32,100 74 100 32,ngram_4,4,13,7,False,True,False,5
at://did:plc:256kd427doj7f4oyd3wmxs7v/app.bsky.feed.post/3mijsqzrso22v,2026-04-02T18:15:04.593Z,"Colorle #1010 285/500
🟩🟩🟩🟩⬜⬜⬜⬜⬜⬜ 44/100
🟩🟩🟩🟩🟩🟩🟩⬜⬜⬜ 74/100
🟩🟩🟩⬜⬜⬜⬜⬜⬜⬜ 32/100
🟩🟩🟩🟩🟩🟩⬜⬜⬜⬜ 60/100
🟩🟩🟩🟩🟩🟩🟩⬜⬜⬜ 75/100
colorguesser.com",colorle #1010 285 500 🟩🟩🟩🟩⬜⬜⬜⬜⬜⬜ 44 100 🟩🟩🟩🟩🟩🟩🟩⬜⬜⬜ 74 100 🟩🟩🟩⬜⬜⬜⬜⬜⬜⬜ 32 100 🟩🟩🟩🟩🟩🟩⬜⬜⬜⬜ 60 100 🟩🟩🟩🟩🟩🟩🟩⬜⬜⬜ 75 100 colorguesser com,colorle 1010 285 500 44 100 74 100 32 100 60 100 75 100 colorguesser com,74 100 32 100,74 100 32 100,74 100 32 100,74 100 32 100,ngram_4,4,13,8,False,True,False,6
at://did:plc:256kd427doj7f4oyd3wmxs7v/app.bsky.feed.post/3mijsqzrso22v,2026-04-02T18:15:04.593Z,"Colorle #1010 285/500
🟩🟩🟩🟩⬜⬜⬜⬜⬜⬜ 44/100
🟩🟩🟩🟩🟩🟩🟩⬜⬜⬜ 74/100
🟩🟩🟩⬜⬜⬜⬜⬜⬜⬜ 32/100
🟩🟩🟩🟩🟩🟩⬜⬜⬜⬜ 60/100
🟩🟩🟩🟩🟩🟩🟩⬜⬜⬜ 75/100
colorguesser.com",colorle #1010 285 500 🟩🟩🟩🟩⬜⬜⬜⬜⬜⬜ 44 100 🟩🟩🟩🟩🟩🟩🟩⬜⬜⬜ 74 100 🟩🟩🟩⬜⬜⬜⬜⬜⬜⬜ 32 100 🟩🟩🟩🟩🟩🟩⬜⬜⬜⬜ 60 100 🟩🟩🟩🟩🟩🟩🟩⬜⬜⬜ 75 100 colorguesser com,colorle 1010 285 500 44 100 74 100 32 100 60 100 75 100 colorguesser com,100 32 100 60,100 32 100 60,100 32 100 60,100 32 100 60,ngram_4,4,13,9,False,True,False,7
at://did:plc:256kd427doj7f4oyd3wmxs7v/app.bsky.feed.post/3mijsqzrso22v,2026-04-02T18:15:04.593Z,"Colorle #1010 285/500
🟩🟩🟩🟩⬜⬜⬜⬜⬜⬜ 44/100
🟩🟩🟩🟩🟩🟩🟩⬜⬜⬜ 74/100
🟩🟩🟩⬜⬜⬜⬜⬜⬜⬜ 32/100
🟩🟩🟩🟩🟩🟩⬜⬜⬜⬜ 60/100
🟩🟩🟩🟩🟩🟩🟩⬜⬜⬜ 75/100
colorguesser.com",colorle #1010 285 500 🟩🟩🟩🟩⬜⬜⬜⬜⬜⬜ 44 100 🟩🟩🟩🟩🟩🟩🟩⬜⬜⬜ 74 100 🟩🟩🟩⬜⬜⬜⬜⬜⬜⬜ 32 100 🟩🟩🟩🟩🟩🟩⬜⬜⬜⬜ 60 100 🟩🟩🟩🟩🟩🟩🟩⬜⬜⬜ 75 100 colorguesser com,colorle 1010 285 500 44 100 74 100 32 100 60 100 75 100 colorguesser com,32 100 60 100,32 100 60 100,32 100 60 100,32 100 60 100,ngram_4,4,13,10,False,True,False,8
at://did:plc:256kd427doj7f4oyd3wmxs7v/app.bsky.feed.post/3mijsqzrso22v,2026-04-02T18:15:04.593Z,"Colorle #1010 285/500
🟩🟩🟩🟩⬜⬜⬜⬜⬜⬜ 44/100
🟩🟩🟩🟩🟩🟩🟩⬜⬜⬜ 74/100
🟩🟩🟩⬜⬜⬜⬜⬜⬜⬜ 32/100
🟩🟩🟩🟩🟩🟩⬜⬜⬜⬜ 60/100
🟩🟩🟩🟩🟩🟩🟩⬜⬜⬜ 75/100
colorguesser.com",colorle #1010 285 500 🟩🟩🟩🟩⬜⬜⬜⬜⬜⬜ 44 100 🟩🟩🟩🟩🟩🟩🟩⬜⬜⬜ 74 100 🟩🟩🟩⬜⬜⬜⬜⬜⬜⬜ 32 100 🟩🟩🟩🟩🟩🟩⬜⬜⬜⬜ 60 100 🟩🟩🟩🟩🟩🟩🟩⬜⬜⬜ 75 100 colorguesser com,colorle 1010 285 500 44 100 74 100 32 100 60 100 75 100 colorguesser com,100 60 100 75,100 60 100 75,100 60 100 75,100 60 100 75,ngram_4,4,13,11,False,True,False,9
at://did:plc:256kd427doj7f4oyd3wmxs7v/app.bsky.feed.post/3mijsqzrso22v,2026-04-02T18:15:04.593Z,"Colorle #1010 285/500
🟩🟩🟩🟩⬜⬜⬜⬜⬜⬜ 44/100
🟩🟩🟩🟩🟩🟩🟩⬜⬜⬜ 74/100
🟩🟩🟩⬜⬜⬜⬜⬜⬜⬜ 32/100
🟩🟩🟩🟩🟩🟩⬜⬜⬜⬜ 60/100
🟩🟩🟩🟩🟩🟩🟩⬜⬜⬜ 75/100
colorguesser.com",colorle #1010 285 500 🟩🟩🟩🟩⬜⬜⬜⬜⬜⬜ 44 100 🟩🟩🟩🟩🟩🟩🟩⬜⬜⬜ 74 100 🟩🟩🟩⬜⬜⬜⬜⬜⬜⬜ 32 100 🟩🟩🟩🟩🟩🟩⬜⬜⬜⬜ 60 100 🟩🟩🟩🟩🟩🟩🟩⬜⬜⬜ 75 100 colorguesser com,colorle 1010 285 500 44 100 74 100 32 100 60 100 75 100 colorguesser com,60 100 75 100,60 100 75 100,60 100 75 100,60 100 75 100,ngram_4,4,13,12,False,True,False,10
at://did:plc:256kd427doj7f4oyd3wmxs7v/app.bsky.feed.post/3mijsqzrso22v,2026-04-02T18:15:04.593Z,"Colorle #1010 285/500
🟩🟩🟩🟩⬜⬜⬜⬜⬜⬜ 44/100
🟩🟩🟩🟩🟩🟩🟩⬜⬜⬜ 74/100
🟩🟩🟩⬜⬜⬜⬜⬜⬜⬜ 32/100
🟩🟩🟩🟩🟩🟩⬜⬜⬜⬜ 60/100
🟩🟩🟩🟩🟩🟩🟩⬜⬜⬜ 75/100
colorguesser.com",colorle #1010 285 500 🟩🟩🟩🟩⬜⬜⬜⬜⬜⬜ 44 100 🟩🟩🟩🟩🟩🟩🟩⬜⬜⬜ 74 100 🟩🟩🟩⬜⬜⬜⬜⬜⬜⬜ 32 100 🟩🟩🟩🟩🟩🟩⬜⬜⬜⬜ 60 100 🟩🟩🟩🟩🟩🟩🟩⬜⬜⬜ 75 100 colorguesser com,colorle 1010 285 500 44 100 74 100 32 100 60 100 75 100 colorguesser com,100 75 100 colorguesser,100 75 100 colorguesser,100 75 100 colorguesser,100 75 100 colorguesser,ngram_4,4,23,13,False,True,False,11
at://did:plc:256kd427doj7f4oyd3wmxs7v/app.bsky.feed.post/3mijsqzrso22v,2026-04-02T18:15:04.593Z,"Colorle #1010 285/500
🟩🟩🟩🟩⬜⬜⬜⬜⬜⬜ 44/100
🟩🟩🟩🟩🟩🟩🟩⬜⬜⬜ 74/100
🟩🟩🟩⬜⬜⬜⬜⬜⬜⬜ 32/100
🟩🟩🟩🟩🟩🟩⬜⬜⬜⬜ 60/100
🟩🟩🟩🟩🟩🟩🟩⬜⬜⬜ 75/100
colorguesser.com",colorle #1010 285 500 🟩🟩🟩🟩⬜⬜⬜⬜⬜⬜ 44 100 🟩🟩🟩🟩🟩🟩🟩⬜⬜⬜ 74 100 🟩🟩🟩⬜⬜⬜⬜⬜⬜⬜ 32 100 🟩🟩🟩🟩🟩🟩⬜⬜⬜⬜ 60 100 🟩🟩🟩🟩🟩🟩🟩⬜⬜⬜ 75 100 colorguesser com,colorle 1010 285 500 44 100 74 100 32 100 60 100 75 100 colorguesser com,75 100 colorguesser com,75 100 colorguesser com,75 100 colorguesser com,75 100 colorguesser com,ngram_4,4,23,14,False,True,False,12
at://did:plc:256kd427doj7f4oyd3wmxs7v/app.bsky.feed.post/3mijsqzrso22v,2026-04-02T18:15:04.593Z,"Colorle #1010 285/500
🟩🟩🟩🟩⬜⬜⬜⬜⬜⬜ 44/100
🟩🟩🟩🟩🟩🟩🟩⬜⬜⬜ 74/100
🟩🟩🟩⬜⬜⬜⬜⬜⬜⬜ 32/100
🟩🟩🟩🟩🟩🟩⬜⬜⬜⬜ 60/100
🟩🟩🟩🟩🟩🟩🟩⬜⬜⬜ 75/100
colorguesser.com",colorle #1010 285 500 🟩🟩🟩🟩⬜⬜⬜⬜⬜⬜ 44 100 🟩🟩🟩🟩🟩🟩🟩⬜⬜⬜ 74 100 🟩🟩🟩⬜⬜⬜⬜⬜⬜⬜ 32 100 🟩🟩🟩🟩🟩🟩⬜⬜⬜⬜ 60 100 🟩🟩🟩🟩🟩🟩🟩⬜⬜⬜ 75 100 colorguesser com,colorle 1010 285 500 44 100 74 100 32 100 60 100 75 100 colorguesser com,colorle 1010 285,colorle 1010 285,colorle 1010 285,colorle 1010 285,ngram_3,3,16,15,False,True,False,0
at://did:plc:256kd427doj7f4oyd3wmxs7v/app.bsky.feed.post/3mijsqzrso22v,2026-04-02T18:15:04.593Z,"Colorle #1010 285/500
🟩🟩🟩🟩⬜⬜⬜⬜⬜⬜ 44/100
🟩🟩🟩🟩🟩🟩🟩⬜⬜⬜ 74/100
🟩🟩🟩⬜⬜⬜⬜⬜⬜⬜ 32/100
🟩🟩🟩🟩🟩🟩⬜⬜⬜⬜ 60/100
🟩🟩🟩🟩🟩🟩🟩⬜⬜⬜ 75/100
colorguesser.com",colorle #1010 285 500 🟩🟩🟩🟩⬜⬜⬜⬜⬜⬜ 44 100 🟩🟩🟩🟩🟩🟩🟩⬜⬜⬜ 74 100 🟩🟩🟩⬜⬜⬜⬜⬜⬜⬜ 32 100 🟩🟩🟩🟩🟩🟩⬜⬜⬜⬜ 60 100 🟩🟩🟩🟩🟩🟩🟩⬜⬜⬜ 75 100 colorguesser com,colorle 1010 285 500 44 100 74 100 32 100 60 100 75 100 colorguesser com,1010 285 500,1010 285 500,1010 285 500,1010 285 500,ngram_3,3,12,16,False,True,False,1
at://did:plc:256kd427doj7f4oyd3wmxs7v/app.bsky.feed.post/3mijsqzrso22v,2026-04-02T18:15:04.593Z,"Colorle #1010 285/500
🟩🟩🟩🟩⬜⬜⬜⬜⬜⬜ 44/100
🟩🟩🟩🟩🟩🟩🟩⬜⬜⬜ 74/100
🟩🟩🟩⬜⬜⬜⬜⬜⬜⬜ 32/100
🟩🟩🟩🟩🟩🟩⬜⬜⬜⬜ 60/100
🟩🟩🟩🟩🟩🟩🟩⬜⬜⬜ 75/100
colorguesser.com",colorle #1010 285 500 🟩🟩🟩🟩⬜⬜⬜⬜⬜⬜ 44 100 🟩🟩🟩🟩🟩🟩🟩⬜⬜⬜ 74 100 🟩🟩🟩⬜⬜⬜⬜⬜⬜⬜ 32 100 🟩🟩🟩🟩🟩🟩⬜⬜⬜⬜ 60 100 🟩🟩🟩🟩🟩🟩🟩⬜⬜⬜ 75 100 colorguesser com,colorle 1010 285 500 44 100 74 100 32 100 60 100 75 100 colorguesser com,285 500 44,285 500 44,285 500 44,285 500 44,ngram_3,3,10,17,False,True,False,2
at://did:plc:256kd427doj7f4oyd3wmxs7v/app.bsky.feed.post/3mijsqzrso22v,2026-04-02T18:15:04.593Z,"Colorle #1010 285/500
🟩🟩🟩🟩⬜⬜⬜⬜⬜⬜ 44/100
🟩🟩🟩🟩🟩🟩🟩⬜⬜⬜ 74/100
🟩🟩🟩⬜⬜⬜⬜⬜⬜⬜ 32/100
🟩🟩🟩🟩🟩🟩⬜⬜⬜⬜ 60/100
🟩🟩🟩🟩🟩🟩🟩⬜⬜⬜ 75/100
colorguesser.com",colorle #1010 285 500 🟩🟩🟩🟩⬜⬜⬜⬜⬜⬜ 44 100 🟩🟩🟩🟩🟩🟩🟩⬜⬜⬜ 74 100 🟩🟩🟩⬜⬜⬜⬜⬜⬜⬜ 32 100 🟩🟩🟩🟩🟩🟩⬜⬜⬜⬜ 60 100 🟩🟩🟩🟩🟩🟩🟩⬜⬜⬜ 75 100 colorguesser com,colorle 1010 285 500 44 100 74 100 32 100 60 100 75 100 colorguesser com,500 44 100,500 44 100,500 44 100,500 44 100,ngram_3,3,10,18,False,True,False,3
at://did:plc:256kd427doj7f4oyd3wmxs7v/app.bsky.feed.post/3mijsqzrso22v,2026-04-02T18:15:04.593Z,"Colorle #1010 285/500
🟩🟩🟩🟩⬜⬜⬜⬜⬜⬜ 44/100
🟩🟩🟩🟩🟩🟩🟩⬜⬜⬜ 74/100
🟩🟩🟩⬜⬜⬜⬜⬜⬜⬜ 32/100
🟩🟩🟩🟩🟩🟩⬜⬜⬜⬜ 60/100
🟩🟩🟩🟩🟩🟩🟩⬜⬜⬜ 75/100
colorguesser.com",colorle #1010 285 500 🟩🟩🟩🟩⬜⬜⬜⬜⬜⬜ 44 100 🟩🟩🟩🟩🟩🟩🟩⬜⬜⬜ 74 100 🟩🟩🟩⬜⬜⬜⬜⬜⬜⬜ 32 100 🟩🟩🟩🟩🟩🟩⬜⬜⬜⬜ 60 100 🟩🟩🟩🟩🟩🟩🟩⬜⬜⬜ 75 100 colorguesser com,colorle 1010 285 500 44 100 74 100 32 100 60 100 75 100 colorguesser com,44 100 74,44 100 74,44 100 74,44 100 74,ngram_3,3,9,19,False,True,False,4
at://did:plc:256kd427doj7f4oyd3wmxs7v/app.bsky.feed.post/3mijsqzrso22v,2026-04-02T18:15:04.593Z,"Colorle #1010 285/500
🟩🟩🟩🟩⬜⬜⬜⬜⬜⬜ 44/100
🟩🟩🟩🟩🟩🟩🟩⬜⬜⬜ 74/100
🟩🟩🟩⬜⬜⬜⬜⬜⬜⬜ 32/100
🟩🟩🟩🟩🟩🟩⬜⬜⬜⬜ 60/100
🟩🟩🟩🟩🟩🟩🟩⬜⬜⬜ 75/100
colorguesser.com",colorle #1010 285 500 🟩🟩🟩🟩⬜⬜⬜⬜⬜⬜ 44 100 🟩🟩🟩🟩🟩🟩🟩⬜⬜⬜ 74 100 🟩🟩🟩⬜⬜⬜⬜⬜⬜⬜ 32 100 🟩🟩🟩🟩🟩🟩⬜⬜⬜⬜ 60 100 🟩🟩🟩🟩🟩🟩🟩⬜⬜⬜ 75 100 colorguesser com,colorle 1010 285 500 44 100 74 100 32 100 60 100 75 100 colorguesser com,100 74 100,100 74 100,100 74 100,100 74 100,ngram_3,3,10,20,False,True,False,5
at://did:plc:25c376i6k5moeatic3qimzbr/app.bsky.feed.post/3mijsnwwj3c2z,2026-04-02T18:13:20.938Z,Dementia,dementia,dementia,dementia,dementia,dementia,dementia,unigram_fallback,1,8,1,False,False,True,0
at://did:plc:25em24uhdhjzsats4pugqlf5/app.bsky.feed.post/3mijsqh2sp227,2026-04-02T18:14:44.965Z,THEY LEFT HAWKE IN THE FADE WTF THIS FIC IS TAGGED HAPPY ENDING WHAT FO YOU MEAN!?????,they left hawke in the fade wtf this fic is tagged happy ending what fo you mean,they left hawke in the fade wtf this fic is tagged happy ending what fo you mean,hawke in the fade,hawke in the fade,hawke in the fade,hawke in the fade,ngram_4,4,17,1,False,False,False,2
at://did:plc:25em24uhdhjzsats4pugqlf5/app.bsky.feed.post/3mijsqh2sp227,2026-04-02T18:14:44.965Z,THEY LEFT HAWKE IN THE FADE WTF THIS FIC IS TAGGED HAPPY ENDING WHAT FO YOU MEAN!?????,they left hawke in the fade wtf this fic is tagged happy ending what fo you mean,they left hawke in the fade wtf this fic is tagged happy ending what fo you mean,fade wtf this fic,fade wtf this fic,fade wtf this fic,fade wtf this fic,ngram_4,4,17,2,False,False,False,5
at://did:plc:25em24uhdhjzsats4pugqlf5/app.bsky.feed.post/3mijsqh2sp227,2026-04-02T18:14:44.965Z,THEY LEFT HAWKE IN THE FADE WTF THIS FIC IS TAGGED HAPPY ENDING WHAT FO YOU MEAN!?????,they left hawke in the fade wtf this fic is tagged happy ending what fo you mean,they left hawke in the fade wtf this fic is tagged happy ending what fo you mean,fic is tagged happy,fic is tagged happy,fic is tagged happy,fic is tagged happy,ngram_4,4,19,3,False,False,False,8
at://did:plc:25em24uhdhjzsats4pugqlf5/app.bsky.feed.post/3mijsqh2sp227,2026-04-02T18:14:44.965Z,THEY LEFT HAWKE IN THE FADE WTF THIS FIC IS TAGGED HAPPY ENDING WHAT FO YOU MEAN!?????,they left hawke in the fade wtf this fic is tagged happy ending what fo you mean,they left hawke in the fade wtf this fic is tagged happy ending what fo you mean,happy ending what fo,happy ending what fo,happy ending what fo,happy ending what fo,ngram_4,4,20,4,False,False,False,11
at://did:plc:25em24uhdhjzsats4pugqlf5/app.bsky.feed.post/3mijsqh2sp227,2026-04-02T18:14:44.965Z,THEY LEFT HAWKE IN THE FADE WTF THIS FIC IS TAGGED HAPPY ENDING WHAT FO YOU MEAN!?????,they left hawke in the fade wtf this fic is tagged happy ending what fo you mean,they left hawke in the fade wtf this fic is tagged happy ending what fo you mean,wtf this fic,wtf this fic,wtf this fic,wtf this fic,ngram_3,3,12,5,False,False,False,6
at://did:plc:25em24uhdhjzsats4pugqlf5/app.bsky.feed.post/3mijsqh2sp227,2026-04-02T18:14:44.965Z,THEY LEFT HAWKE IN THE FADE WTF THIS FIC IS TAGGED HAPPY ENDING WHAT FO YOU MEAN!?????,they left hawke in the fade wtf this fic is tagged happy ending what fo you mean,they left hawke in the fade wtf this fic is tagged happy ending what fo you mean,fic is tagged,fic is tagged,fic is tagged,fic is tagged,ngram_3,3,13,6,False,False,False,8
at://did:plc:25em24uhdhjzsats4pugqlf5/app.bsky.feed.post/3mijsqh2sp227,2026-04-02T18:14:44.965Z,THEY LEFT HAWKE IN THE FADE WTF THIS FIC IS TAGGED HAPPY ENDING WHAT FO YOU MEAN!?????,they left hawke in the fade wtf this fic is tagged happy ending what fo you mean,they left hawke in the fade wtf this fic is tagged happy ending what fo you mean,tagged happy ending,tagged happy ending,tagged happy ending,tagged happy ending,ngram_3,3,19,7,False,False,False,10
at://did:plc:25em24uhdhjzsats4pugqlf5/app.bsky.feed.post/3mijsqh2sp227,2026-04-02T18:14:44.965Z,THEY LEFT HAWKE IN THE FADE WTF THIS FIC IS TAGGED HAPPY ENDING WHAT FO YOU MEAN!?????,they left hawke in the fade wtf this fic is tagged happy ending what fo you mean,they left hawke in the fade wtf this fic is tagged happy ending what fo you mean,ending what fo,ending what fo,ending what fo,ending what fo,ngram_3,3,14,8,False,False,False,12
at://did:plc:25em24uhdhjzsats4pugqlf5/app.bsky.feed.post/3mijsqh2sp227,2026-04-02T18:14:44.965Z,THEY LEFT HAWKE IN THE FADE WTF THIS FIC IS TAGGED HAPPY ENDING WHAT FO YOU MEAN!?????,they left hawke in the fade wtf this fic is tagged happy ending what fo you mean,they left hawke in the fade wtf this fic is tagged happy ending what fo you mean,fo you mean,fo you mean,fo you mean,fo you mean,ngram_3,3,11,9,False,False,False,14
at://did:plc:25em24uhdhjzsats4pugqlf5/app.bsky.feed.post/3mijsqh2sp227,2026-04-02T18:14:44.965Z,THEY LEFT HAWKE IN THE FADE WTF THIS FIC IS TAGGED HAPPY ENDING WHAT FO YOU MEAN!?????,they left hawke in the fade wtf this fic is tagged happy ending what fo you mean,they left hawke in the fade wtf this fic is tagged happy ending what fo you mean,left hawke,left hawke,left hawke,left hawke,ngram_2,2,10,10,False,False,False,1
at://did:plc:25em24uhdhjzsats4pugqlf5/app.bsky.feed.post/3mijsqh2sp227,2026-04-02T18:14:44.965Z,THEY LEFT HAWKE IN THE FADE WTF THIS FIC IS TAGGED HAPPY ENDING WHAT FO YOU MEAN!?????,they left hawke in the fade wtf this fic is tagged happy ending what fo you mean,they left hawke in the fade wtf this fic is tagged happy ending what fo you mean,fade wtf,fade wtf,fade wtf,fade wtf,ngram_2,2,8,11,False,False,False,5
at://did:plc:25em24uhdhjzsats4pugqlf5/app.bsky.feed.post/3mijsqh2sp227,2026-04-02T18:14:44.965Z,THEY LEFT HAWKE IN THE FADE WTF THIS FIC IS TAGGED HAPPY ENDING WHAT FO YOU MEAN!?????,they left hawke in the fade wtf this fic is tagged happy ending what fo you mean,they left hawke in the fade wtf this fic is tagged happy ending what fo you mean,tagged happy,tagged happy,tagged happy,tagged happy,ngram_2,2,12,12,False,False,False,10
at://did:plc:25em24uhdhjzsats4pugqlf5/app.bsky.feed.post/3mijsqh2sp227,2026-04-02T18:14:44.965Z,THEY LEFT HAWKE IN THE FADE WTF THIS FIC IS TAGGED HAPPY ENDING WHAT FO YOU MEAN!?????,they left hawke in the fade wtf this fic is tagged happy ending what fo you mean,they left hawke in the fade wtf this fic is tagged happy ending what fo you mean,happy ending,happy ending,happy ending,happy ending,ngram_2,2,12,13,False,False,False,11
at://did:plc:25h4lbuvexws33sgaznt2tsr/app.bsky.feed.post/3mijsqjxbok2n,2026-04-02T18:14:47.994Z,"c.org/bBXvNkb9D6

Marmite lovers - URGENT petition 

This beloved brand has to stay in the hands of the UK.  Please sign",c org bbxvnkb9d6 marmite lovers urgent petition this beloved brand has to stay in the hands of the uk please sign,c org bbxvnkb9d6 marmite lovers urgent petition this beloved brand has to stay in the hands of the uk please sign,marmite lovers urgent petition,marmite lovers urgent petition,marmite lovers urgent petition,marmite lovers urgent petition,ngram_4,4,30,1,False,False,False,3
at://did:plc:25h4lbuvexws33sgaznt2tsr/app.bsky.feed.post/3mijsqjxbok2n,2026-04-02T18:14:47.994Z,"c.org/bBXvNkb9D6

Marmite lovers - URGENT petition 

This beloved brand has to stay in the hands of the UK.  Please sign",c org bbxvnkb9d6 marmite lovers urgent petition this beloved brand has to stay in the hands of the uk please sign,c org bbxvnkb9d6 marmite lovers urgent petition this beloved brand has to stay in the hands of the uk please sign,urgent petition this beloved,urgent petition this beloved,urgent petition this beloved,urgent petition this beloved,ngram_4,4,28,2,False,False,False,5
at://did:plc:25h4lbuvexws33sgaznt2tsr/app.bsky.feed.post/3mijsqjxbok2n,2026-04-02T18:14:47.994Z,"c.org/bBXvNkb9D6

Marmite lovers - URGENT petition 

This beloved brand has to stay in the hands of the UK.  Please sign",c org bbxvnkb9d6 marmite lovers urgent petition this beloved brand has to stay in the hands of the uk please sign,c org bbxvnkb9d6 marmite lovers urgent petition this beloved brand has to stay in the hands of the uk please sign,petition this beloved brand,petition this beloved brand,petition this beloved brand,petition this beloved brand,ngram_4,4,27,3,False,False,False,6
at://did:plc:25h4lbuvexws33sgaznt2tsr/app.bsky.feed.post/3mijsqjxbok2n,2026-04-02T18:14:47.994Z,"c.org/bBXvNkb9D6

Marmite lovers - URGENT petition 

This beloved brand has to stay in the hands of the UK.  Please sign",c org bbxvnkb9d6 marmite lovers urgent petition this beloved brand has to stay in the hands of the uk please sign,c org bbxvnkb9d6 marmite lovers urgent petition this beloved brand has to stay in the hands of the uk please sign,brand has to stay,brand has to stay,brand has to stay,brand has to stay,ngram_4,4,17,4,False,False,False,9
at://did:plc:25h4lbuvexws33sgaznt2tsr/app.bsky.feed.post/3mijsqjxbok2n,2026-04-02T18:14:47.994Z,"c.org/bBXvNkb9D6

Marmite lovers - URGENT petition 

This beloved brand has to stay in the hands of the UK.  Please sign",c org bbxvnkb9d6 marmite lovers urgent petition this beloved brand has to stay in the hands of the uk please sign,c org bbxvnkb9d6 marmite lovers urgent petition this beloved brand has to stay in the hands of the uk please sign,stay in the hands,stay in the hands,stay in the hands,stay in the hands,ngram_4,4,17,5,False,False,False,12
at://did:plc:25h4lbuvexws33sgaznt2tsr/app.bsky.feed.post/3mijsqjxbok2n,2026-04-02T18:14:47.994Z,"c.org/bBXvNkb9D6

Marmite lovers - URGENT petition 

This beloved brand has to stay in the hands of the UK.  Please sign",c org bbxvnkb9d6 marmite lovers urgent petition this beloved brand has to stay in the hands of the uk please sign,c org bbxvnkb9d6 marmite lovers urgent petition this beloved brand has to stay in the hands of the uk please sign,hands of the uk,hands of the uk,hands of the uk,hands of the uk,ngram_4,4,15,6,False,False,False,15
at://did:plc:25h4lbuvexws33sgaznt2tsr/app.bsky.feed.post/3mijsqjxbok2n,2026-04-02T18:14:47.994Z,"c.org/bBXvNkb9D6

Marmite lovers - URGENT petition 

This beloved brand has to stay in the hands of the UK.  Please sign",c org bbxvnkb9d6 marmite lovers urgent petition this beloved brand has to stay in the hands of the uk please sign,c org bbxvnkb9d6 marmite lovers urgent petition this beloved brand has to stay in the hands of the uk please sign,marmite lovers urgent,marmite lovers urgent,marmite lovers urgent,marmite lovers urgent,ngram_3,3,21,7,False,False,False,3
at://did:plc:25h4lbuvexws33sgaznt2tsr/app.bsky.feed.post/3mijsqjxbok2n,2026-04-02T18:14:47.994Z,"c.org/bBXvNkb9D6

Marmite lovers - URGENT petition 

This beloved brand has to stay in the hands of the UK.  Please sign",c org bbxvnkb9d6 marmite lovers urgent petition this beloved brand has to stay in the hands of the uk please sign,c org bbxvnkb9d6 marmite lovers urgent petition this beloved brand has to stay in the hands of the uk please sign,lovers urgent petition,lovers urgent petition,lovers urgent petition,lovers urgent petition,ngram_3,3,22,8,False,False,False,4
at://did:plc:25h4lbuvexws33sgaznt2tsr/app.bsky.feed.post/3mijsqjxbok2n,2026-04-02T18:14:47.994Z,"c.org/bBXvNkb9D6

Marmite lovers - URGENT petition 

This beloved brand has to stay in the hands of the UK.  Please sign",c org bbxvnkb9d6 marmite lovers urgent petition this beloved brand has to stay in the hands of the uk please sign,c org bbxvnkb9d6 marmite lovers urgent petition this beloved brand has to stay in the hands of the uk please sign,petition this beloved,petition this beloved,petition this beloved,petition this beloved,ngram_3,3,21,9,False,False,False,6
at://did:plc:25h4lbuvexws33sgaznt2tsr/app.bsky.feed.post/3mijsqjxbok2n,2026-04-02T18:14:47.994Z,"c.org/bBXvNkb9D6

Marmite lovers - URGENT petition 

This beloved brand has to stay in the hands of the UK.  Please sign",c org bbxvnkb9d6 marmite lovers urgent petition this beloved brand has to stay in the hands of the uk please sign,c org bbxvnkb9d6 marmite lovers urgent petition this beloved brand has to stay in the hands of the uk please sign,uk please sign,uk please sign,uk please sign,uk please sign,ngram_3,3,14,10,False,False,False,18
at://did:plc:25h4lbuvexws33sgaznt2tsr/app.bsky.feed.post/3mijsqjxbok2n,2026-04-02T18:14:47.994Z,"c.org/bBXvNkb9D6

Marmite lovers - URGENT petition 

This beloved brand has to stay in the hands of the UK.  Please sign",c org bbxvnkb9d6 marmite lovers urgent petition this beloved brand has to stay in the hands of the uk please sign,c org bbxvnkb9d6 marmite lovers urgent petition this beloved brand has to stay in the hands of the uk please sign,marmite lovers,marmite lovers,marmite lovers,marmite lovers,ngram_2,2,14,11,False,False,False,3
at://did:plc:25h4lbuvexws33sgaznt2tsr/app.bsky.feed.post/3mijsqjxbok2n,2026-04-02T18:14:47.994Z,"c.org/bBXvNkb9D6

Marmite lovers - URGENT petition 

This beloved brand has to stay in the hands of the UK.  Please sign",c org bbxvnkb9d6 marmite lovers urgent petition this beloved brand has to stay in the hands of the uk please sign,c org bbxvnkb9d6 marmite lovers urgent petition this beloved brand has to stay in the hands of the uk please sign,lovers urgent,lovers urgent,lovers urgent,lovers urgent,ngram_2,2,13,12,False,False,False,4
at://did:plc:25h4lbuvexws33sgaznt2tsr/app.bsky.feed.post/3mijsqjxbok2n,2026-04-02T18:14:47.994Z,"c.org/bBXvNkb9D6

Marmite lovers - URGENT petition 

This beloved brand has to stay in the hands of the UK.  Please sign",c org bbxvnkb9d6 marmite lovers urgent petition this beloved brand has to stay in the hands of the uk please sign,c org bbxvnkb9d6 marmite lovers urgent petition this beloved brand has to stay in the hands of the uk please sign,urgent petition,urgent petition,urgent petition,urgent petition,ngram_2,2,15,13,False,False,False,5
at://did:plc:25h4lbuvexws33sgaznt2tsr/app.bsky.feed.post/3mijsqjxbok2n,2026-04-02T18:14:47.994Z,"c.org/bBXvNkb9D6

Marmite lovers - URGENT petition 

This beloved brand has to stay in the hands of the UK.  Please sign",c org bbxvnkb9d6 marmite lovers urgent petition this beloved brand has to stay in the hands of the uk please sign,c org bbxvnkb9d6 marmite lovers urgent petition this beloved brand has to stay in the hands of the uk please sign,beloved brand,beloved brand,beloved brand,beloved brand,ngram_2,2,13,14,False,False,False,8
at://did:plc:25h4lbuvexws33sgaznt2tsr/app.bsky.feed.post/3mijsqjxbok2n,2026-04-02T18:14:47.994Z,"c.org/bBXvNkb9D6

Marmite lovers - URGENT petition 

This beloved brand has to stay in the hands of the UK.  Please sign",c org bbxvnkb9d6 marmite lovers urgent petition this beloved brand has to stay in the hands of the uk please sign,c org bbxvnkb9d6 marmite lovers urgent petition this beloved brand has to stay in the hands of the uk please sign,uk please,uk please,uk please,uk please,ngram_2,2,9,15,False,False,False,18
at://did:plc:25h4lbuvexws33sgaznt2tsr/app.bsky.feed.post/3mijsqjxbok2n,2026-04-02T18:14:47.994Z,"c.org/bBXvNkb9D6

Marmite lovers - URGENT petition 

This beloved brand has to stay in the hands of the UK.  Please sign",c org bbxvnkb9d6 marmite lovers urgent petition this beloved brand has to stay in the hands of the uk please sign,c org bbxvnkb9d6 marmite lovers urgent petition this beloved brand has to stay in the hands of the uk please sign,please sign,please sign,please sign,please sign,ngram_2,2,11,16,False,False,False,19
at://did:plc:25i2s6arxu3ges3i7llcgcww/app.bsky.feed.post/3mijsp5q5is2x,2026-04-02T18:14:01.623Z,QTP with your top favorite PSX games!,qtp with your top favorite psx games,qtp with your top favorite psx games,qtp with your top,qtp with your top,qtp with your top,qtp with your top,ngram_4,4,17,1,False,False,False,0
at://did:plc:25i2s6arxu3ges3i7llcgcww/app.bsky.feed.post/3mijsp5q5is2x,2026-04-02T18:14:01.623Z,QTP with your top favorite PSX games!,qtp with your top favorite psx games,qtp with your top favorite psx games,top favorite psx games,top favorite psx games,top favorite psx games,top favorite psx games,ngram_4,4,22,2,False,False,False,3
at://did:plc:25i2s6arxu3ges3i7llcgcww/app.bsky.feed.post/3mijsp5q5is2x,2026-04-02T18:14:01.623Z,QTP with your top favorite PSX games!,qtp with your top favorite psx games,qtp with your top favorite psx games,top favorite psx,top favorite psx,top favorite psx,top favorite psx,ngram_3,3,16,3,False,False,False,3
at://did:plc:25i2s6arxu3ges3i7llcgcww/app.bsky.feed.post/3mijsp5q5is2x,2026-04-02T18:14:01.623Z,QTP with your top favorite PSX games!,qtp with your top favorite psx games,qtp with your top favorite psx games,favorite psx games,favorite psx games,favorite psx games,favorite psx games,ngram_3,3,18,4,False,False,False,4
at://did:plc:25i2s6arxu3ges3i7llcgcww/app.bsky.feed.post/3mijsp5q5is2x,2026-04-02T18:14:01.623Z,QTP with your top favorite PSX games!,qtp with your top favorite psx games,qtp with your top favorite psx games,top favorite,top favorite,top favorite,top favorite,ngram_2,2,12,5,False,False,False,3
at://did:plc:25i2s6arxu3ges3i7llcgcww/app.bsky.feed.post/3mijsp5q5is2x,2026-04-02T18:14:01.623Z,QTP with your top favorite PSX games!,qtp with your top favorite psx games,qtp with your top favorite psx games,favorite psx,favorite psx,favorite psx,favorite psx,ngram_2,2,12,6,False,False,False,4
at://did:plc:25i2s6arxu3ges3i7llcgcww/app.bsky.feed.post/3mijsp5q5is2x,2026-04-02T18:14:01.623Z,QTP with your top favorite PSX games!,qtp with your top favorite psx games,qtp with your top favorite psx games,psx games,psx games,psx games,psx games,ngram_2,2,9,7,False,False,False,5
at://did:plc:25i2s6arxu3ges3i7llcgcww/app.bsky.feed.post/3mijsrxf54k2x,2026-04-02T18:15:35.634Z,I've played Romancing Saga on PS2 and Romancing Saga 3 on Switch and I liked them both a lot. RS3 I will admit I got hopelessly lost and couldn't figure out what to do with at least 3 protagonists 😅,i've played romancing saga on ps2 and romancing saga 3 on switch and i liked them both a lot rs3 i will admit i got hopelessly lost and couldn't figure out what to do with at least 3 protagonists 😅,i ve played romancing saga on ps2 and romancing saga 3 on switch and i liked them both a lot rs3 i will admit i got hopelessly lost and couldn t figure out what to do with at least 3 protagonists,ve played romancing saga,ve played romancing saga,ve played romancing saga,ve played romancing saga,ngram_4,4,24,1,False,False,False,1
at://did:plc:25i2s6arxu3ges3i7llcgcww/app.bsky.feed.post/3mijsrxf54k2x,2026-04-02T18:15:35.634Z,I've played Romancing Saga on PS2 and Romancing Saga 3 on Switch and I liked them both a lot. RS3 I will admit I got hopelessly lost and couldn't figure out what to do with at least 3 protagonists 😅,i've played romancing saga on ps2 and romancing saga 3 on switch and i liked them both a lot rs3 i will admit i got hopelessly lost and couldn't figure out what to do with at least 3 protagonists 😅,i ve played romancing saga on ps2 and romancing saga 3 on switch and i liked them both a lot rs3 i will admit i got hopelessly lost and couldn t figure out what to do with at least 3 protagonists,romancing saga on ps2,romancing saga on ps2,romancing saga on ps2,romancing saga on ps2,ngram_4,4,21,2,False,True,False,3
at://did:plc:25i2s6arxu3ges3i7llcgcww/app.bsky.feed.post/3mijsrxf54k2x,2026-04-02T18:15:35.634Z,I've played Romancing Saga on PS2 and Romancing Saga 3 on Switch and I liked them both a lot. RS3 I will admit I got hopelessly lost and couldn't figure out what to do with at least 3 protagonists 😅,i've played romancing saga on ps2 and romancing saga 3 on switch and i liked them both a lot rs3 i will admit i got hopelessly lost and couldn't figure out what to do with at least 3 protagonists 😅,i ve played romancing saga on ps2 and romancing saga 3 on switch and i liked them both a lot rs3 i will admit i got hopelessly lost and couldn t figure out what to do with at least 3 protagonists,ps2 and romancing saga,ps2 and romancing saga,ps2 and romancing saga,ps2 and romancing saga,ngram_4,4,22,3,False,True,False,6
at://did:plc:25i2s6arxu3ges3i7llcgcww/app.bsky.feed.post/3mijsrxf54k2x,2026-04-02T18:15:35.634Z,I've played Romancing Saga on PS2 and Romancing Saga 3 on Switch and I liked them both a lot. RS3 I will admit I got hopelessly lost and couldn't figure out what to do with at least 3 protagonists 😅,i've played romancing saga on ps2 and romancing saga 3 on switch and i liked them both a lot rs3 i will admit i got hopelessly lost and couldn't figure out what to do with at least 3 protagonists 😅,i ve played romancing saga on ps2 and romancing saga 3 on switch and i liked them both a lot rs3 i will admit i got hopelessly lost and couldn t figure out what to do with at least 3 protagonists,saga 3 on switch,saga 3 on switch,saga 3 on switch,saga 3 on switch,ngram_4,4,16,4,False,True,False,9
at://did:plc:25i2s6arxu3ges3i7llcgcww/app.bsky.feed.post/3mijsrxf54k2x,2026-04-02T18:15:35.634Z,I've played Romancing Saga on PS2 and Romancing Saga 3 on Switch and I liked them both a lot. RS3 I will admit I got hopelessly lost and couldn't figure out what to do with at least 3 protagonists 😅,i've played romancing saga on ps2 and romancing saga 3 on switch and i liked them both a lot rs3 i will admit i got hopelessly lost and couldn't figure out what to do with at least 3 protagonists 😅,i ve played romancing saga on ps2 and romancing saga 3 on switch and i liked them both a lot rs3 i will admit i got hopelessly lost and couldn t figure out what to do with at least 3 protagonists,switch and i liked,switch and i liked,switch and i liked,switch and i liked,ngram_4,4,18,5,False,False,False,12
at://did:plc:25i2s6arxu3ges3i7llcgcww/app.bsky.feed.post/3mijsrxf54k2x,2026-04-02T18:15:35.634Z,I've played Romancing Saga on PS2 and Romancing Saga 3 on Switch and I liked them both a lot. RS3 I will admit I got hopelessly lost and couldn't figure out what to do with at least 3 protagonists 😅,i've played romancing saga on ps2 and romancing saga 3 on switch and i liked them both a lot rs3 i will admit i got hopelessly lost and couldn't figure out what to do with at least 3 protagonists 😅,i ve played romancing saga on ps2 and romancing saga 3 on switch and i liked them both a lot rs3 i will admit i got hopelessly lost and couldn t figure out what to do with at least 3 protagonists,both a lot rs3,both a lot rs3,both a lot rs3,both a lot rs3,ngram_4,4,14,6,False,True,False,17
at://did:plc:25i2s6arxu3ges3i7llcgcww/app.bsky.feed.post/3mijsrxf54k2x,2026-04-02T18:15:35.634Z,I've played Romancing Saga on PS2 and Romancing Saga 3 on Switch and I liked them both a lot. RS3 I will admit I got hopelessly lost and couldn't figure out what to do with at least 3 protagonists 😅,i've played romancing saga on ps2 and romancing saga 3 on switch and i liked them both a lot rs3 i will admit i got hopelessly lost and couldn't figure out what to do with at least 3 protagonists 😅,i ve played romancing saga on ps2 and romancing saga 3 on switch and i liked them both a lot rs3 i will admit i got hopelessly lost and couldn t figure out what to do with at least 3 protagonists,rs3 i will admit,rs3 i will admit,rs3 i will admit,rs3 i will admit,ngram_4,4,16,7,False,True,False,20
at://did:plc:25i2s6arxu3ges3i7llcgcww/app.bsky.feed.post/3mijsrxf54k2x,2026-04-02T18:15:35.634Z,I've played Romancing Saga on PS2 and Romancing Saga 3 on Switch and I liked them both a lot. RS3 I will admit I got hopelessly lost and couldn't figure out what to do with at least 3 protagonists 😅,i've played romancing saga on ps2 and romancing saga 3 on switch and i liked them both a lot rs3 i will admit i got hopelessly lost and couldn't figure out what to do with at least 3 protagonists 😅,i ve played romancing saga on ps2 and romancing saga 3 on switch and i liked them both a lot rs3 i will admit i got hopelessly lost and couldn t figure out what to do with at least 3 protagonists,admit i got hopelessly,admit i got hopelessly,admit i got hopelessly,admit i got hopelessly,ngram_4,4,22,8,False,False,False,23
at://did:plc:25i2s6arxu3ges3i7llcgcww/app.bsky.feed.post/3mijsrxf54k2x,2026-04-02T18:15:35.634Z,I've played Romancing Saga on PS2 and Romancing Saga 3 on Switch and I liked them both a lot. RS3 I will admit I got hopelessly lost and couldn't figure out what to do with at least 3 protagonists 😅,i've played romancing saga on ps2 and romancing saga 3 on switch and i liked them both a lot rs3 i will admit i got hopelessly lost and couldn't figure out what to do with at least 3 protagonists 😅,i ve played romancing saga on ps2 and romancing saga 3 on switch and i liked them both a lot rs3 i will admit i got hopelessly lost and couldn t figure out what to do with at least 3 protagonists,hopelessly lost and couldn,hopelessly lost and couldn,hopelessly lost and couldn,hopelessly lost and couldn,ngram_4,4,26,9,False,False,False,26
at://did:plc:25i2s6arxu3ges3i7llcgcww/app.bsky.feed.post/3mijsrxf54k2x,2026-04-02T18:15:35.634Z,I've played Romancing Saga on PS2 and Romancing Saga 3 on Switch and I liked them both a lot. RS3 I will admit I got hopelessly lost and couldn't figure out what to do with at least 3 protagonists 😅,i've played romancing saga on ps2 and romancing saga 3 on switch and i liked them both a lot rs3 i will admit i got hopelessly lost and couldn't figure out what to do with at least 3 protagonists 😅,i ve played romancing saga on ps2 and romancing saga 3 on switch and i liked them both a lot rs3 i will admit i got hopelessly lost and couldn t figure out what to do with at least 3 protagonists,lost and couldn t,lost and couldn t,lost and couldn t,lost and couldn t,ngram_4,4,17,10,False,False,False,27
at://did:plc:25i2s6arxu3ges3i7llcgcww/app.bsky.feed.post/3mijsrxf54k2x,2026-04-02T18:15:35.634Z,I've played Romancing Saga on PS2 and Romancing Saga 3 on Switch and I liked them both a lot. RS3 I will admit I got hopelessly lost and couldn't figure out what to do with at least 3 protagonists 😅,i've played romancing saga on ps2 and romancing saga 3 on switch and i liked them both a lot rs3 i will admit i got hopelessly lost and couldn't figure out what to do with at least 3 protagonists 😅,i ve played romancing saga on ps2 and romancing saga 3 on switch and i liked them both a lot rs3 i will admit i got hopelessly lost and couldn t figure out what to do with at least 3 protagonists,couldn t figure out,couldn t figure out,couldn t figure out,couldn t figure out,ngram_4,4,19,11,False,False,False,29
at://did:plc:25i2s6arxu3ges3i7llcgcww/app.bsky.feed.post/3mijsrxf54k2x,2026-04-02T18:15:35.634Z,I've played Romancing Saga on PS2 and Romancing Saga 3 on Switch and I liked them both a lot. RS3 I will admit I got hopelessly lost and couldn't figure out what to do with at least 3 protagonists 😅,i've played romancing saga on ps2 and romancing saga 3 on switch and i liked them both a lot rs3 i will admit i got hopelessly lost and couldn't figure out what to do with at least 3 protagonists 😅,i ve played romancing saga on ps2 and romancing saga 3 on switch and i liked them both a lot rs3 i will admit i got hopelessly lost and couldn t figure out what to do with at least 3 protagonists,out what to do,out what to do,out what to do,out what to do,ngram_4,4,14,12,False,False,False,32
at://did:plc:25i2s6arxu3ges3i7llcgcww/app.bsky.feed.post/3mijsrxf54k2x,2026-04-02T18:15:35.634Z,I've played Romancing Saga on PS2 and Romancing Saga 3 on Switch and I liked them both a lot. RS3 I will admit I got hopelessly lost and couldn't figure out what to do with at least 3 protagonists 😅,i've played romancing saga on ps2 and romancing saga 3 on switch and i liked them both a lot rs3 i will admit i got hopelessly lost and couldn't figure out what to do with at least 3 protagonists 😅,i ve played romancing saga on ps2 and romancing saga 3 on switch and i liked them both a lot rs3 i will admit i got hopelessly lost and couldn t figure out what to do with at least 3 protagonists,do with at least,do with at least,do with at least,do with at least,ngram_4,4,16,13,False,False,False,35
at://did:plc:25i2s6arxu3ges3i7llcgcww/app.bsky.feed.post/3mijsrxf54k2x,2026-04-02T18:15:35.634Z,I've played Romancing Saga on PS2 and Romancing Saga 3 on Switch and I liked them both a lot. RS3 I will admit I got hopelessly lost and couldn't figure out what to do with at least 3 protagonists 😅,i've played romancing saga on ps2 and romancing saga 3 on switch and i liked them both a lot rs3 i will admit i got hopelessly lost and couldn't figure out what to do with at least 3 protagonists 😅,i ve played romancing saga on ps2 and romancing saga 3 on switch and i liked them both a lot rs3 i will admit i got hopelessly lost and couldn t figure out what to do with at least 3 protagonists,ve played romancing,ve played romancing,ve played romancing,ve played romancing,ngram_3,3,19,14,False,False,False,1
at://did:plc:25i2s6arxu3ges3i7llcgcww/app.bsky.feed.post/3mijsrxf54k2x,2026-04-02T18:15:35.634Z,I've played Romancing Saga on PS2 and Romancing Saga 3 on Switch and I liked them both a lot. RS3 I will admit I got hopelessly lost and couldn't figure out what to do with at least 3 protagonists 😅,i've played romancing saga on ps2 and romancing saga 3 on switch and i liked them both a lot rs3 i will admit i got hopelessly lost and couldn't figure out what to do with at least 3 protagonists 😅,i ve played romancing saga on ps2 and romancing saga 3 on switch and i liked them both a lot rs3 i will admit i got hopelessly lost and couldn t figure out what to do with at least 3 protagonists,played romancing saga,played romancing saga,played romancing saga,played romancing saga,ngram_3,3,21,15,False,False,False,2
at://did:plc:25i2s6arxu3ges3i7llcgcww/app.bsky.feed.post/3mijsrxf54k2x,2026-04-02T18:15:35.634Z,I've played Romancing Saga on PS2 and Romancing Saga 3 on Switch and I liked them both a lot. RS3 I will admit I got hopelessly lost and couldn't figure out what to do with at least 3 protagonists 😅,i've played romancing saga on ps2 and romancing saga 3 on switch and i liked them both a lot rs3 i will admit i got hopelessly lost and couldn't figure out what to do with at least 3 protagonists 😅,i ve played romancing saga on ps2 and romancing saga 3 on switch and i liked them both a lot rs3 i will admit i got hopelessly lost and couldn t figure out what to do with at least 3 protagonists,saga on ps2,saga on ps2,saga on ps2,saga on ps2,ngram_3,3,11,16,False,True,False,4
at://did:plc:25i2s6arxu3ges3i7llcgcww/app.bsky.feed.post/3mijsrxf54k2x,2026-04-02T18:15:35.634Z,I've played Romancing Saga on PS2 and Romancing Saga 3 on Switch and I liked them both a lot. RS3 I will admit I got hopelessly lost and couldn't figure out what to do with at least 3 protagonists 😅,i've played romancing saga on ps2 and romancing saga 3 on switch and i liked them both a lot rs3 i will admit i got hopelessly lost and couldn't figure out what to do with at least 3 protagonists 😅,i ve played romancing saga on ps2 and romancing saga 3 on switch and i liked them both a lot rs3 i will admit i got hopelessly lost and couldn t figure out what to do with at least 3 protagonists,ps2 and romancing,ps2 and romancing,ps2 and romancing,ps2 and romancing,ngram_3,3,17,17,False,True,False,6
at://did:plc:25i2s6arxu3ges3i7llcgcww/app.bsky.feed.post/3mijsrxf54k2x,2026-04-02T18:15:35.634Z,I've played Romancing Saga on PS2 and Romancing Saga 3 on Switch and I liked them both a lot. RS3 I will admit I got hopelessly lost and couldn't figure out what to do with at least 3 protagonists 😅,i've played romancing saga on ps2 and romancing saga 3 on switch and i liked them both a lot rs3 i will admit i got hopelessly lost and couldn't figure out what to do with at least 3 protagonists 😅,i ve played romancing saga on ps2 and romancing saga 3 on switch and i liked them both a lot rs3 i will admit i got hopelessly lost and couldn t figure out what to do with at least 3 protagonists,romancing saga 3,romancing saga 3,romancing saga 3,romancing saga 3,ngram_3,3,16,18,False,True,False,8
at://did:plc:25i2s6arxu3ges3i7llcgcww/app.bsky.feed.post/3mijsrxf54k2x,2026-04-02T18:15:35.634Z,I've played Romancing Saga on PS2 and Romancing Saga 3 on Switch and I liked them both a lot. RS3 I will admit I got hopelessly lost and couldn't figure out what to do with at least 3 protagonists 😅,i've played romancing saga on ps2 and romancing saga 3 on switch and i liked them both a lot rs3 i will admit i got hopelessly lost and couldn't figure out what to do with at least 3 protagonists 😅,i ve played romancing saga on ps2 and romancing saga 3 on switch and i liked them both a lot rs3 i will admit i got hopelessly lost and couldn t figure out what to do with at least 3 protagonists,3 on switch,3 on switch,3 on switch,3 on switch,ngram_3,3,11,19,False,True,False,10
at://did:plc:25i2s6arxu3ges3i7llcgcww/app.bsky.feed.post/3mijsrxf54k2x,2026-04-02T18:15:35.634Z,I've played Romancing Saga on PS2 and Romancing Saga 3 on Switch and I liked them both a lot. RS3 I will admit I got hopelessly lost and couldn't figure out what to do with at least 3 protagonists 😅,i've played romancing saga on ps2 and romancing saga 3 on switch and i liked them both a lot rs3 i will admit i got hopelessly lost and couldn't figure out what to do with at least 3 protagonists 😅,i ve played romancing saga on ps2 and romancing saga 3 on switch and i liked them both a lot rs3 i will admit i got hopelessly lost and couldn t figure out what to do with at least 3 protagonists,liked them both,liked them both,liked them both,liked them both,ngram_3,3,15,20,False,False,False,15
at://did:plc:25iibpv6zybkcb3auqtdzpxi/app.bsky.feed.post/3mijsvbcwqs2d,2026-04-02T18:17:26.712Z,"Schwerkraft kann so schön sein. Deine Fotos, mein Traum",schwerkraft kann so schön sein deine fotos mein traum,schwerkraft kann so sch n sein deine fotos mein traum,schwerkraft kann so sch,schwerkraft kann so sch,schwerkraft kann so sch,schwerkraft kann so sch,ngram_4,4,23,1,False,False,False,0
at://did:plc:25iibpv6zybkcb3auqtdzpxi/app.bsky.feed.post/3mijsvbcwqs2d,2026-04-02T18:17:26.712Z,"Schwerkraft kann so schön sein. Deine Fotos, mein Traum",schwerkraft kann so schön sein deine fotos mein traum,schwerkraft kann so sch n sein deine fotos mein traum,kann so sch n,kann so sch n,kann so sch n,kann so sch n,ngram_4,4,13,2,False,False,False,1
at://did:plc:25iibpv6zybkcb3auqtdzpxi/app.bsky.feed.post/3mijsvbcwqs2d,2026-04-02T18:17:26.712Z,"Schwerkraft kann so schön sein. Deine Fotos, mein Traum",schwerkraft kann so schön sein deine fotos mein traum,schwerkraft kann so sch n sein deine fotos mein traum,so sch n sein,so sch n sein,so sch n sein,so sch n sein,ngram_4,4,13,3,False,False,False,2
at://did:plc:25iibpv6zybkcb3auqtdzpxi/app.bsky.feed.post/3mijsvbcwqs2d,2026-04-02T18:17:26.712Z,"Schwerkraft kann so schön sein. Deine Fotos, mein Traum",schwerkraft kann so schön sein deine fotos mein traum,schwerkraft kann so sch n sein deine fotos mein traum,sch n sein deine,sch n sein deine,sch n sein deine,sch n sein deine,ngram_4,4,16,4,False,False,False,3
at://did:plc:25iibpv6zybkcb3auqtdzpxi/app.bsky.feed.post/3mijsvbcwqs2d,2026-04-02T18:17:26.712Z,"Schwerkraft kann so schön sein. Deine Fotos, mein Traum",schwerkraft kann so schön sein deine fotos mein traum,schwerkraft kann so sch n sein deine fotos mein traum,n sein deine fotos,n sein deine fotos,n sein deine fotos,n sein deine fotos,ngram_4,4,18,5,False,False,False,4
at://did:plc:25iibpv6zybkcb3auqtdzpxi/app.bsky.feed.post/3mijsvbcwqs2d,2026-04-02T18:17:26.712Z,"Schwerkraft kann so schön sein. Deine Fotos, mein Traum",schwerkraft kann so schön sein deine fotos mein traum,schwerkraft kann so sch n sein deine fotos mein traum,sein deine fotos mein,sein deine fotos mein,sein deine fotos mein,sein deine fotos mein,ngram_4,4,21,6,False,False,False,5
at://did:plc:25iibpv6zybkcb3auqtdzpxi/app.bsky.feed.post/3mijsvbcwqs2d,2026-04-02T18:17:26.712Z,"Schwerkraft kann so schön sein. Deine Fotos, mein Traum",schwerkraft kann so schön sein deine fotos mein traum,schwerkraft kann so sch n sein deine fotos mein traum,deine fotos mein traum,deine fotos mein traum,deine fotos mein traum,deine fotos mein traum,ngram_4,4,22,7,False,False,False,6
at://did:plc:25iibpv6zybkcb3auqtdzpxi/app.bsky.feed.post/3mijsvbcwqs2d,2026-04-02T18:17:26.712Z,"Schwerkraft kann so schön sein. Deine Fotos, mein Traum",schwerkraft kann so schön sein deine fotos mein traum,schwerkraft kann so sch n sein deine fotos mein traum,schwerkraft kann so,schwerkraft kann so,schwerkraft kann so,schwerkraft kann so,ngram_3,3,19,8,False,False,False,0
at://did:plc:25iibpv6zybkcb3auqtdzpxi/app.bsky.feed.post/3mijsvbcwqs2d,2026-04-02T18:17:26.712Z,"Schwerkraft kann so schön sein. Deine Fotos, mein Traum",schwerkraft kann so schön sein deine fotos mein traum,schwerkraft kann so sch n sein deine fotos mein traum,kann so sch,kann so sch,kann so sch,kann so sch,ngram_3,3,11,9,False,False,False,1
at://did:plc:25iibpv6zybkcb3auqtdzpxi/app.bsky.feed.post/3mijsvbcwqs2d,2026-04-02T18:17:26.712Z,"Schwerkraft kann so schön sein. Deine Fotos, mein Traum",schwerkraft kann so schön sein deine fotos mein traum,schwerkraft kann so sch n sein deine fotos mein traum,so sch n,so sch n,so sch n,so sch n,ngram_3,3,8,10,False,False,False,2
at://did:plc:25iibpv6zybkcb3auqtdzpxi/app.bsky.feed.post/3mijsvbcwqs2d,2026-04-02T18:17:26.712Z,"Schwerkraft kann so schön sein. Deine Fotos, mein Traum",schwerkraft kann so schön sein deine fotos mein traum,schwerkraft kann so sch n sein deine fotos mein traum,sch n sein,sch n sein,sch n sein,sch n sein,ngram_3,3,10,11,False,False,False,3
at://did:plc:25iibpv6zybkcb3auqtdzpxi/app.bsky.feed.post/3mijsvbcwqs2d,2026-04-02T18:17:26.712Z,"Schwerkraft kann so schön sein. Deine Fotos, mein Traum",schwerkraft kann so schön sein deine fotos mein traum,schwerkraft kann so sch n sein deine fotos mein traum,n sein deine,n sein deine,n sein deine,n sein deine,ngram_3,3,12,12,False,False,False,4
at://did:plc:25iibpv6zybkcb3auqtdzpxi/app.bsky.feed.post/3mijsvbcwqs2d,2026-04-02T18:17:26.712Z,"Schwerkraft kann so schön sein. Deine Fotos, mein Traum",schwerkraft kann so schön sein deine fotos mein traum,schwerkraft kann so sch n sein deine fotos mein traum,sein deine fotos,sein deine fotos,sein deine fotos,sein deine fotos,ngram_3,3,16,13,False,False,False,5
at://did:plc:25iibpv6zybkcb3auqtdzpxi/app.bsky.feed.post/3mijsvbcwqs2d,2026-04-02T18:17:26.712Z,"Schwerkraft kann so schön sein. Deine Fotos, mein Traum",schwerkraft kann so schön sein deine fotos mein traum,schwerkraft kann so sch n sein deine fotos mein traum,deine fotos mein,deine fotos mein,deine fotos mein,deine fotos mein,ngram_3,3,16,14,False,False,False,6
at://did:plc:25iibpv6zybkcb3auqtdzpxi/app.bsky.feed.post/3mijsvbcwqs2d,2026-04-02T18:17:26.712Z,"Schwerkraft kann so schön sein. Deine Fotos, mein Traum",schwerkraft kann so schön sein deine fotos mein traum,schwerkraft kann so sch n sein deine fotos mein traum,fotos mein traum,fotos mein traum,fotos mein traum,fotos mein traum,ngram_3,3,16,15,False,False,False,7
at://did:plc:25iibpv6zybkcb3auqtdzpxi/app.bsky.feed.post/3mijsvbcwqs2d,2026-04-02T18:17:26.712Z,"Schwerkraft kann so schön sein. Deine Fotos, mein Traum",schwerkraft kann so schön sein deine fotos mein traum,schwerkraft kann so sch n sein deine fotos mein traum,schwerkraft kann,schwerkraft kann,schwerkraft kann,schwerkraft kann,ngram_2,2,16,16,False,False,False,0
at://did:plc:25iibpv6zybkcb3auqtdzpxi/app.bsky.feed.post/3mijsvbcwqs2d,2026-04-02T18:17:26.712Z,"Schwerkraft kann so schön sein. Deine Fotos, mein Traum",schwerkraft kann so schön sein deine fotos mein traum,schwerkraft kann so sch n sein deine fotos mein traum,kann so,kann so,kann so,kann so,ngram_2,2,7,17,False,False,False,1
at://did:plc:25iibpv6zybkcb3auqtdzpxi/app.bsky.feed.post/3mijsvbcwqs2d,2026-04-02T18:17:26.712Z,"Schwerkraft kann so schön sein. Deine Fotos, mein Traum",schwerkraft kann so schön sein deine fotos mein traum,schwerkraft kann so sch n sein deine fotos mein traum,so sch,so sch,so sch,so sch,ngram_2,2,6,18,False,False,False,2
at://did:plc:25iibpv6zybkcb3auqtdzpxi/app.bsky.feed.post/3mijsvbcwqs2d,2026-04-02T18:17:26.712Z,"Schwerkraft kann so schön sein. Deine Fotos, mein Traum",schwerkraft kann so schön sein deine fotos mein traum,schwerkraft kann so sch n sein deine fotos mein traum,sch n,sch n,sch n,sch n,ngram_2,2,5,19,False,False,False,3
at://did:plc:25iibpv6zybkcb3auqtdzpxi/app.bsky.feed.post/3mijsvbcwqs2d,2026-04-02T18:17:26.712Z,"Schwerkraft kann so schön sein. Deine Fotos, mein Traum",schwerkraft kann so schön sein deine fotos mein traum,schwerkraft kann so sch n sein deine fotos mein traum,n sein,n sein,n sein,n sein,ngram_2,2,6,20,False,False,False,4
at://did:plc:25j5r47em2gmbiypflegz6bk/app.bsky.feed.post/3mijsqjkcnc2v,2026-04-02T18:14:47.570Z,like what is he even saying this for,like what is he even saying this for,like what is he even saying this for,even saying,even saying,even saying,even saying,ngram_2,2,11,1,False,False,False,4
at://did:plc:25j5r47em2gmbiypflegz6bk/app.bsky.feed.post/3mijsvrieek2v,2026-04-02T18:17:43.667Z,his brain is leaking out his ears,his brain is leaking out his ears,his brain is leaking out his ears,brain is leaking out,brain is leaking out,brain is leaking out,brain is leaking out,ngram_4,4,20,1,False,False,False,1
at://did:plc:25j5r47em2gmbiypflegz6bk/app.bsky.feed.post/3mijsvrieek2v,2026-04-02T18:17:43.667Z,his brain is leaking out his ears,his brain is leaking out his ears,his brain is leaking out his ears,leaking out his ears,leaking out his ears,leaking out his ears,leaking out his ears,ngram_4,4,20,2,False,False,False,3
at://did:plc:25j5r47em2gmbiypflegz6bk/app.bsky.feed.post/3mijsvrieek2v,2026-04-02T18:17:43.667Z,his brain is leaking out his ears,his brain is leaking out his ears,his brain is leaking out his ears,brain is leaking,brain is leaking,brain is leaking,brain is leaking,ngram_3,3,16,3,False,False,False,1
at://did:plc:25j5r47em2gmbiypflegz6bk/app.bsky.feed.post/3mijsvrieek2v,2026-04-02T18:17:43.667Z,his brain is leaking out his ears,his brain is leaking out his ears,his brain is leaking out his ears,out his ears,out his ears,out his ears,out his ears,ngram_3,3,12,4,False,False,False,4
at://did:plc:25j5r47em2gmbiypflegz6bk/app.bsky.feed.post/3mijsvrieek2v,2026-04-02T18:17:43.667Z,his brain is leaking out his ears,his brain is leaking out his ears,his brain is leaking out his ears,leaking out,leaking out,leaking out,leaking out,ngram_2,2,11,5,False,False,False,3
at://did:plc:25jiwzm7tyxhrdmd4mqz3oqn/app.bsky.feed.post/3mijswvv7r22b,2026-04-02T18:18:21.837Z,We have a doomsday protestor at my community college but like imagine being a big enough loser to tell people at a community college they’re going to hell,we have a doomsday protestor at my community college but like imagine being a big enough loser to tell people at a community college they're going to hell,we have a doomsday protestor at my community college but like imagine being a big enough loser to tell people at a community college they re going to hell,protestor at my community,protestor at my community,protestor at my community,protestor at my community,ngram_4,4,25,1,False,False,False,4
at://did:plc:25jiwzm7tyxhrdmd4mqz3oqn/app.bsky.feed.post/3mijswvv7r22b,2026-04-02T18:18:21.837Z,We have a doomsday protestor at my community college but like imagine being a big enough loser to tell people at a community college they’re going to hell,we have a doomsday protestor at my community college but like imagine being a big enough loser to tell people at a community college they're going to hell,we have a doomsday protestor at my community college but like imagine being a big enough loser to tell people at a community college they re going to hell,community college but like,community college but like,community college but like,community college but like,ngram_4,4,26,2,False,False,False,7
at://did:plc:25jiwzm7tyxhrdmd4mqz3oqn/app.bsky.feed.post/3mijswvv7r22b,2026-04-02T18:18:21.837Z,We have a doomsday protestor at my community college but like imagine being a big enough loser to tell people at a community college they’re going to hell,we have a doomsday protestor at my community college but like imagine being a big enough loser to tell people at a community college they're going to hell,we have a doomsday protestor at my community college but like imagine being a big enough loser to tell people at a community college they re going to hell,college but like imagine,college but like imagine,college but like imagine,college but like imagine,ngram_4,4,24,3,False,False,False,8
at://did:plc:25jiwzm7tyxhrdmd4mqz3oqn/app.bsky.feed.post/3mijswvv7r22b,2026-04-02T18:18:21.837Z,We have a doomsday protestor at my community college but like imagine being a big enough loser to tell people at a community college they’re going to hell,we have a doomsday protestor at my community college but like imagine being a big enough loser to tell people at a community college they're going to hell,we have a doomsday protestor at my community college but like imagine being a big enough loser to tell people at a community college they re going to hell,imagine being a big,imagine being a big,imagine being a big,imagine being a big,ngram_4,4,19,4,False,False,False,11
at://did:plc:25jiwzm7tyxhrdmd4mqz3oqn/app.bsky.feed.post/3mijswvv7r22b,2026-04-02T18:18:21.837Z,We have a doomsday protestor at my community college but like imagine being a big enough loser to tell people at a community college they’re going to hell,we have a doomsday protestor at my community college but like imagine being a big enough loser to tell people at a community college they're going to hell,we have a doomsday protestor at my community college but like imagine being a big enough loser to tell people at a community college they re going to hell,being a big enough,being a big enough,being a big enough,being a big enough,ngram_4,4,18,5,False,False,False,12
at://did:plc:25jiwzm7tyxhrdmd4mqz3oqn/app.bsky.feed.post/3mijswvv7r22b,2026-04-02T18:18:21.837Z,We have a doomsday protestor at my community college but like imagine being a big enough loser to tell people at a community college they’re going to hell,we have a doomsday protestor at my community college but like imagine being a big enough loser to tell people at a community college they're going to hell,we have a doomsday protestor at my community college but like imagine being a big enough loser to tell people at a community college they re going to hell,enough loser to tell,enough loser to tell,enough loser to tell,enough loser to tell,ngram_4,4,20,6,False,False,False,15
at://did:plc:25jiwzm7tyxhrdmd4mqz3oqn/app.bsky.feed.post/3mijswvv7r22b,2026-04-02T18:18:21.837Z,We have a doomsday protestor at my community college but like imagine being a big enough loser to tell people at a community college they’re going to hell,we have a doomsday protestor at my community college but like imagine being a big enough loser to tell people at a community college they're going to hell,we have a doomsday protestor at my community college but like imagine being a big enough loser to tell people at a community college they re going to hell,loser to tell people,loser to tell people,loser to tell people,loser to tell people,ngram_4,4,20,7,False,False,False,16
at://did:plc:25jiwzm7tyxhrdmd4mqz3oqn/app.bsky.feed.post/3mijswvv7r22b,2026-04-02T18:18:21.837Z,We have a doomsday protestor at my community college but like imagine being a big enough loser to tell people at a community college they’re going to hell,we have a doomsday protestor at my community college but like imagine being a big enough loser to tell people at a community college they're going to hell,we have a doomsday protestor at my community college but like imagine being a big enough loser to tell people at a community college they re going to hell,people at a community,people at a community,people at a community,people at a community,ngram_4,4,21,8,False,False,False,19
at://did:plc:25jiwzm7tyxhrdmd4mqz3oqn/app.bsky.feed.post/3mijswvv7r22b,2026-04-02T18:18:21.837Z,We have a doomsday protestor at my community college but like imagine being a big enough loser to tell people at a community college they’re going to hell,we have a doomsday protestor at my community college but like imagine being a big enough loser to tell people at a community college they're going to hell,we have a doomsday protestor at my community college but like imagine being a big enough loser to tell people at a community college they re going to hell,community college they re,community college they re,community college they re,community college they re,ngram_4,4,25,9,False,False,False,22
at://did:plc:25jiwzm7tyxhrdmd4mqz3oqn/app.bsky.feed.post/3mijswvv7r22b,2026-04-02T18:18:21.837Z,We have a doomsday protestor at my community college but like imagine being a big enough loser to tell people at a community college they’re going to hell,we have a doomsday protestor at my community college but like imagine being a big enough loser to tell people at a community college they're going to hell,we have a doomsday protestor at my community college but like imagine being a big enough loser to tell people at a community college they re going to hell,college they re going,college they re going,college they re going,college they re going,ngram_4,4,21,10,False,False,False,23
at://did:plc:25jiwzm7tyxhrdmd4mqz3oqn/app.bsky.feed.post/3mijswvv7r22b,2026-04-02T18:18:21.837Z,We have a doomsday protestor at my community college but like imagine being a big enough loser to tell people at a community college they’re going to hell,we have a doomsday protestor at my community college but like imagine being a big enough loser to tell people at a community college they're going to hell,we have a doomsday protestor at my community college but like imagine being a big enough loser to tell people at a community college they re going to hell,re going to hell,re going to hell,re going to hell,re going to hell,ngram_4,4,16,11,False,False,False,25
at://did:plc:25jiwzm7tyxhrdmd4mqz3oqn/app.bsky.feed.post/3mijswvv7r22b,2026-04-02T18:18:21.837Z,We have a doomsday protestor at my community college but like imagine being a big enough loser to tell people at a community college they’re going to hell,we have a doomsday protestor at my community college but like imagine being a big enough loser to tell people at a community college they're going to hell,we have a doomsday protestor at my community college but like imagine being a big enough loser to tell people at a community college they re going to hell,college but like,college but like,college but like,college but like,ngram_3,3,16,12,False,False,False,8
at://did:plc:25jiwzm7tyxhrdmd4mqz3oqn/app.bsky.feed.post/3mijswvv7r22b,2026-04-02T18:18:21.837Z,We have a doomsday protestor at my community college but like imagine being a big enough loser to tell people at a community college they’re going to hell,we have a doomsday protestor at my community college but like imagine being a big enough loser to tell people at a community college they're going to hell,we have a doomsday protestor at my community college but like imagine being a big enough loser to tell people at a community college they re going to hell,like imagine being,like imagine being,like imagine being,like imagine being,ngram_3,3,18,13,False,False,False,10
at://did:plc:25jiwzm7tyxhrdmd4mqz3oqn/app.bsky.feed.post/3mijswvv7r22b,2026-04-02T18:18:21.837Z,We have a doomsday protestor at my community college but like imagine being a big enough loser to tell people at a community college they’re going to hell,we have a doomsday protestor at my community college but like imagine being a big enough loser to tell people at a community college they're going to hell,we have a doomsday protestor at my community college but like imagine being a big enough loser to tell people at a community college they re going to hell,being a big,being a big,being a big,being a big,ngram_3,3,11,14,False,False,False,12
at://did:plc:25jiwzm7tyxhrdmd4mqz3oqn/app.bsky.feed.post/3mijswvv7r22b,2026-04-02T18:18:21.837Z,We have a doomsday protestor at my community college but like imagine being a big enough loser to tell people at a community college they’re going to hell,we have a doomsday protestor at my community college but like imagine being a big enough loser to tell people at a community college they're going to hell,we have a doomsday protestor at my community college but like imagine being a big enough loser to tell people at a community college they re going to hell,big enough loser,big enough loser,big enough loser,big enough loser,ngram_3,3,16,15,False,False,False,14
at://did:plc:25jiwzm7tyxhrdmd4mqz3oqn/app.bsky.feed.post/3mijswvv7r22b,2026-04-02T18:18:21.837Z,We have a doomsday protestor at my community college but like imagine being a big enough loser to tell people at a community college they’re going to hell,we have a doomsday protestor at my community college but like imagine being a big enough loser to tell people at a community college they're going to hell,we have a doomsday protestor at my community college but like imagine being a big enough loser to tell people at a community college they re going to hell,loser to tell,loser to tell,loser to tell,loser to tell,ngram_3,3,13,16,False,False,False,16
at://did:plc:25jiwzm7tyxhrdmd4mqz3oqn/app.bsky.feed.post/3mijswvv7r22b,2026-04-02T18:18:21.837Z,We have a doomsday protestor at my community college but like imagine being a big enough loser to tell people at a community college they’re going to hell,we have a doomsday protestor at my community college but like imagine being a big enough loser to tell people at a community college they're going to hell,we have a doomsday protestor at my community college but like imagine being a big enough loser to tell people at a community college they re going to hell,college they re,college they re,college they re,college they re,ngram_3,3,15,17,False,False,False,23
at://did:plc:25jiwzm7tyxhrdmd4mqz3oqn/app.bsky.feed.post/3mijswvv7r22b,2026-04-02T18:18:21.837Z,We have a doomsday protestor at my community college but like imagine being a big enough loser to tell people at a community college they’re going to hell,we have a doomsday protestor at my community college but like imagine being a big enough loser to tell people at a community college they're going to hell,we have a doomsday protestor at my community college but like imagine being a big enough loser to tell people at a community college they re going to hell,going to hell,going to hell,going to hell,going to hell,ngram_3,3,13,18,False,False,False,26
at://did:plc:25jiwzm7tyxhrdmd4mqz3oqn/app.bsky.feed.post/3mijswvv7r22b,2026-04-02T18:18:21.837Z,We have a doomsday protestor at my community college but like imagine being a big enough loser to tell people at a community college they’re going to hell,we have a doomsday protestor at my community college but like imagine being a big enough loser to tell people at a community college they're going to hell,we have a doomsday protestor at my community college but like imagine being a big enough loser to tell people at a community college they re going to hell,doomsday protestor,doomsday protestor,doomsday protestor,doomsday protestor,ngram_2,2,18,19,False,False,False,3
at://did:plc:25jiwzm7tyxhrdmd4mqz3oqn/app.bsky.feed.post/3mijswvv7r22b,2026-04-02T18:18:21.837Z,We have a doomsday protestor at my community college but like imagine being a big enough loser to tell people at a community college they’re going to hell,we have a doomsday protestor at my community college but like imagine being a big enough loser to tell people at a community college they're going to hell,we have a doomsday protestor at my community college but like imagine being a big enough loser to tell people at a community college they re going to hell,community college,community college,community college,community college,ngram_2,2,17,20,False,False,False,7
at://did:plc:25tiezpil2u4ml5qpyqawtmi/app.bsky.feed.post/3mijsral7fg2y,2026-04-02T18:15:11Z,"‘The Corrections’: Netflix Wins Bid To Adapt Jonathan Franzen’s 2001 Novel As Limited Series, Meryl Streep To Star & Cord Jefferson To Direct",'the corrections' netflix wins bid to adapt jonathan franzen's 2001 novel as limited series meryl streep to star cord jefferson to direct,the corrections netflix wins bid to adapt jonathan franzen s 2001 novel as limited series meryl streep to star cord jefferson to direct,corrections netflix wins bid,corrections netflix wins bid,corrections netflix wins bid,corrections netflix wins bid,ngram_4,4,28,1,False,False,False,1
at://did:plc:25tiezpil2u4ml5qpyqawtmi/app.bsky.feed.post/3mijsral7fg2y,2026-04-02T18:15:11Z,"‘The Corrections’: Netflix Wins Bid To Adapt Jonathan Franzen’s 2001 Novel As Limited Series, Meryl Streep To Star & Cord Jefferson To Direct",'the corrections' netflix wins bid to adapt jonathan franzen's 2001 novel as limited series meryl streep to star cord jefferson to direct,the corrections netflix wins bid to adapt jonathan franzen s 2001 novel as limited series meryl streep to star cord jefferson to direct,wins bid to adapt,wins bid to adapt,wins bid to adapt,wins bid to adapt,ngram_4,4,17,2,False,False,False,3
at://did:plc:25tiezpil2u4ml5qpyqawtmi/app.bsky.feed.post/3mijsral7fg2y,2026-04-02T18:15:11Z,"‘The Corrections’: Netflix Wins Bid To Adapt Jonathan Franzen’s 2001 Novel As Limited Series, Meryl Streep To Star & Cord Jefferson To Direct",'the corrections' netflix wins bid to adapt jonathan franzen's 2001 novel as limited series meryl streep to star cord jefferson to direct,the corrections netflix wins bid to adapt jonathan franzen s 2001 novel as limited series meryl streep to star cord jefferson to direct,bid to adapt jonathan,bid to adapt jonathan,bid to adapt jonathan,bid to adapt jonathan,ngram_4,4,21,3,False,False,False,4
at://did:plc:25tiezpil2u4ml5qpyqawtmi/app.bsky.feed.post/3mijsral7fg2y,2026-04-02T18:15:11Z,"‘The Corrections’: Netflix Wins Bid To Adapt Jonathan Franzen’s 2001 Novel As Limited Series, Meryl Streep To Star & Cord Jefferson To Direct",'the corrections' netflix wins bid to adapt jonathan franzen's 2001 novel as limited series meryl streep to star cord jefferson to direct,the corrections netflix wins bid to adapt jonathan franzen s 2001 novel as limited series meryl streep to star cord jefferson to direct,adapt jonathan franzen s,adapt jonathan franzen s,adapt jonathan franzen s,adapt jonathan franzen s,ngram_4,4,24,4,False,False,False,6
at://did:plc:25tiezpil2u4ml5qpyqawtmi/app.bsky.feed.post/3mijsral7fg2y,2026-04-02T18:15:11Z,"‘The Corrections’: Netflix Wins Bid To Adapt Jonathan Franzen’s 2001 Novel As Limited Series, Meryl Streep To Star & Cord Jefferson To Direct",'the corrections' netflix wins bid to adapt jonathan franzen's 2001 novel as limited series meryl streep to star cord jefferson to direct,the corrections netflix wins bid to adapt jonathan franzen s 2001 novel as limited series meryl streep to star cord jefferson to direct,jonathan franzen s 2001,jonathan franzen s 2001,jonathan franzen s 2001,jonathan franzen s 2001,ngram_4,4,23,5,False,True,False,7
at://did:plc:25tiezpil2u4ml5qpyqawtmi/app.bsky.feed.post/3mijsral7fg2y,2026-04-02T18:15:11Z,"‘The Corrections’: Netflix Wins Bid To Adapt Jonathan Franzen’s 2001 Novel As Limited Series, Meryl Streep To Star & Cord Jefferson To Direct",'the corrections' netflix wins bid to adapt jonathan franzen's 2001 novel as limited series meryl streep to star cord jefferson to direct,the corrections netflix wins bid to adapt jonathan franzen s 2001 novel as limited series meryl streep to star cord jefferson to direct,franzen s 2001 novel,franzen s 2001 novel,franzen s 2001 novel,franzen s 2001 novel,ngram_4,4,20,6,False,True,False,8
at://did:plc:25tiezpil2u4ml5qpyqawtmi/app.bsky.feed.post/3mijsral7fg2y,2026-04-02T18:15:11Z,"‘The Corrections’: Netflix Wins Bid To Adapt Jonathan Franzen’s 2001 Novel As Limited Series, Meryl Streep To Star & Cord Jefferson To Direct",'the corrections' netflix wins bid to adapt jonathan franzen's 2001 novel as limited series meryl streep to star cord jefferson to direct,the corrections netflix wins bid to adapt jonathan franzen s 2001 novel as limited series meryl streep to star cord jefferson to direct,2001 novel as limited,2001 novel as limited,2001 novel as limited,2001 novel as limited,ngram_4,4,21,7,False,True,False,10
at://did:plc:25tiezpil2u4ml5qpyqawtmi/app.bsky.feed.post/3mijsral7fg2y,2026-04-02T18:15:11Z,"‘The Corrections’: Netflix Wins Bid To Adapt Jonathan Franzen’s 2001 Novel As Limited Series, Meryl Streep To Star & Cord Jefferson To Direct",'the corrections' netflix wins bid to adapt jonathan franzen's 2001 novel as limited series meryl streep to star cord jefferson to direct,the corrections netflix wins bid to adapt jonathan franzen s 2001 novel as limited series meryl streep to star cord jefferson to direct,novel as limited series,novel as limited series,novel as limited series,novel as limited series,ngram_4,4,23,8,False,False,False,11
at://did:plc:25tiezpil2u4ml5qpyqawtmi/app.bsky.feed.post/3mijsral7fg2y,2026-04-02T18:15:11Z,"‘The Corrections’: Netflix Wins Bid To Adapt Jonathan Franzen’s 2001 Novel As Limited Series, Meryl Streep To Star & Cord Jefferson To Direct",'the corrections' netflix wins bid to adapt jonathan franzen's 2001 novel as limited series meryl streep to star cord jefferson to direct,the corrections netflix wins bid to adapt jonathan franzen s 2001 novel as limited series meryl streep to star cord jefferson to direct,limited series meryl streep,limited series meryl streep,limited series meryl streep,limited series meryl streep,ngram_4,4,27,9,False,False,False,13
at://did:plc:25tiezpil2u4ml5qpyqawtmi/app.bsky.feed.post/3mijsral7fg2y,2026-04-02T18:15:11Z,"‘The Corrections’: Netflix Wins Bid To Adapt Jonathan Franzen’s 2001 Novel As Limited Series, Meryl Streep To Star & Cord Jefferson To Direct",'the corrections' netflix wins bid to adapt jonathan franzen's 2001 novel as limited series meryl streep to star cord jefferson to direct,the corrections netflix wins bid to adapt jonathan franzen s 2001 novel as limited series meryl streep to star cord jefferson to direct,meryl streep to star,meryl streep to star,meryl streep to star,meryl streep to star,ngram_4,4,20,10,False,False,False,15
at://did:plc:25tiezpil2u4ml5qpyqawtmi/app.bsky.feed.post/3mijsral7fg2y,2026-04-02T18:15:11Z,"‘The Corrections’: Netflix Wins Bid To Adapt Jonathan Franzen’s 2001 Novel As Limited Series, Meryl Streep To Star & Cord Jefferson To Direct",'the corrections' netflix wins bid to adapt jonathan franzen's 2001 novel as limited series meryl streep to star cord jefferson to direct,the corrections netflix wins bid to adapt jonathan franzen s 2001 novel as limited series meryl streep to star cord jefferson to direct,streep to star cord,streep to star cord,streep to star cord,streep to star cord,ngram_4,4,19,11,False,False,False,16
at://did:plc:25tiezpil2u4ml5qpyqawtmi/app.bsky.feed.post/3mijsral7fg2y,2026-04-02T18:15:11Z,"‘The Corrections’: Netflix Wins Bid To Adapt Jonathan Franzen’s 2001 Novel As Limited Series, Meryl Streep To Star & Cord Jefferson To Direct",'the corrections' netflix wins bid to adapt jonathan franzen's 2001 novel as limited series meryl streep to star cord jefferson to direct,the corrections netflix wins bid to adapt jonathan franzen s 2001 novel as limited series meryl streep to star cord jefferson to direct,cord jefferson to direct,cord jefferson to direct,cord jefferson to direct,cord jefferson to direct,ngram_4,4,24,12,False,False,False,19
at://did:plc:25tiezpil2u4ml5qpyqawtmi/app.bsky.feed.post/3mijsral7fg2y,2026-04-02T18:15:11Z,"‘The Corrections’: Netflix Wins Bid To Adapt Jonathan Franzen’s 2001 Novel As Limited Series, Meryl Streep To Star & Cord Jefferson To Direct",'the corrections' netflix wins bid to adapt jonathan franzen's 2001 novel as limited series meryl streep to star cord jefferson to direct,the corrections netflix wins bid to adapt jonathan franzen s 2001 novel as limited series meryl streep to star cord jefferson to direct,corrections netflix wins,corrections netflix wins,corrections netflix wins,corrections netflix wins,ngram_3,3,24,13,False,False,False,1
at://did:plc:25tiezpil2u4ml5qpyqawtmi/app.bsky.feed.post/3mijsral7fg2y,2026-04-02T18:15:11Z,"‘The Corrections’: Netflix Wins Bid To Adapt Jonathan Franzen’s 2001 Novel As Limited Series, Meryl Streep To Star & Cord Jefferson To Direct",'the corrections' netflix wins bid to adapt jonathan franzen's 2001 novel as limited series meryl streep to star cord jefferson to direct,the corrections netflix wins bid to adapt jonathan franzen s 2001 novel as limited series meryl streep to star cord jefferson to direct,netflix wins bid,netflix wins bid,netflix wins bid,netflix wins bid,ngram_3,3,16,14,False,False,False,2
at://did:plc:25tiezpil2u4ml5qpyqawtmi/app.bsky.feed.post/3mijsral7fg2y,2026-04-02T18:15:11Z,"‘The Corrections’: Netflix Wins Bid To Adapt Jonathan Franzen’s 2001 Novel As Limited Series, Meryl Streep To Star & Cord Jefferson To Direct",'the corrections' netflix wins bid to adapt jonathan franzen's 2001 novel as limited series meryl streep to star cord jefferson to direct,the corrections netflix wins bid to adapt jonathan franzen s 2001 novel as limited series meryl streep to star cord jefferson to direct,bid to adapt,bid to adapt,bid to adapt,bid to adapt,ngram_3,3,12,15,False,False,False,4
at://did:plc:25tiezpil2u4ml5qpyqawtmi/app.bsky.feed.post/3mijsral7fg2y,2026-04-02T18:15:11Z,"‘The Corrections’: Netflix Wins Bid To Adapt Jonathan Franzen’s 2001 Novel As Limited Series, Meryl Streep To Star & Cord Jefferson To Direct",'the corrections' netflix wins bid to adapt jonathan franzen's 2001 novel as limited series meryl streep to star cord jefferson to direct,the corrections netflix wins bid to adapt jonathan franzen s 2001 novel as limited series meryl streep to star cord jefferson to direct,adapt jonathan franzen,adapt jonathan franzen,adapt jonathan franzen,adapt jonathan franzen,ngram_3,3,22,16,False,False,False,6
at://did:plc:25tiezpil2u4ml5qpyqawtmi/app.bsky.feed.post/3mijsral7fg2y,2026-04-02T18:15:11Z,"‘The Corrections’: Netflix Wins Bid To Adapt Jonathan Franzen’s 2001 Novel As Limited Series, Meryl Streep To Star & Cord Jefferson To Direct",'the corrections' netflix wins bid to adapt jonathan franzen's 2001 novel as limited series meryl streep to star cord jefferson to direct,the corrections netflix wins bid to adapt jonathan franzen s 2001 novel as limited series meryl streep to star cord jefferson to direct,jonathan franzen s,jonathan franzen s,jonathan franzen s,jonathan franzen s,ngram_3,3,18,17,False,False,False,7
at://did:plc:25tiezpil2u4ml5qpyqawtmi/app.bsky.feed.post/3mijsral7fg2y,2026-04-02T18:15:11Z,"‘The Corrections’: Netflix Wins Bid To Adapt Jonathan Franzen’s 2001 Novel As Limited Series, Meryl Streep To Star & Cord Jefferson To Direct",'the corrections' netflix wins bid to adapt jonathan franzen's 2001 novel as limited series meryl streep to star cord jefferson to direct,the corrections netflix wins bid to adapt jonathan franzen s 2001 novel as limited series meryl streep to star cord jefferson to direct,franzen s 2001,franzen s 2001,franzen s 2001,franzen s 2001,ngram_3,3,14,18,False,True,False,8
at://did:plc:25tiezpil2u4ml5qpyqawtmi/app.bsky.feed.post/3mijsral7fg2y,2026-04-02T18:15:11Z,"‘The Corrections’: Netflix Wins Bid To Adapt Jonathan Franzen’s 2001 Novel As Limited Series, Meryl Streep To Star & Cord Jefferson To Direct",'the corrections' netflix wins bid to adapt jonathan franzen's 2001 novel as limited series meryl streep to star cord jefferson to direct,the corrections netflix wins bid to adapt jonathan franzen s 2001 novel as limited series meryl streep to star cord jefferson to direct,s 2001 novel,s 2001 novel,s 2001 novel,s 2001 novel,ngram_3,3,12,19,False,True,False,9
at://did:plc:25tiezpil2u4ml5qpyqawtmi/app.bsky.feed.post/3mijsral7fg2y,2026-04-02T18:15:11Z,"‘The Corrections’: Netflix Wins Bid To Adapt Jonathan Franzen’s 2001 Novel As Limited Series, Meryl Streep To Star & Cord Jefferson To Direct",'the corrections' netflix wins bid to adapt jonathan franzen's 2001 novel as limited series meryl streep to star cord jefferson to direct,the corrections netflix wins bid to adapt jonathan franzen s 2001 novel as limited series meryl streep to star cord jefferson to direct,novel as limited,novel as limited,novel as limited,novel as limited,ngram_3,3,16,20,False,False,False,11
at://did:plc:25ttop2hwc6pkxjhccxx4tdp/app.bsky.feed.post/3mijsy7dbe22e,2026-04-02T18:19:05.289Z,Jasmine Crockett is a nepo baby confirmed by POTUS.,jasmine crockett is a nepo baby confirmed by potus,jasmine crockett is a nepo baby confirmed by potus,crockett is a nepo,crockett is a nepo,crockett is a nepo,crockett is a nepo,ngram_4,4,18,1,False,False,False,1
at://did:plc:25ttop2hwc6pkxjhccxx4tdp/app.bsky.feed.post/3mijsy7dbe22e,2026-04-02T18:19:05.289Z,Jasmine Crockett is a nepo baby confirmed by POTUS.,jasmine crockett is a nepo baby confirmed by potus,jasmine crockett is a nepo baby confirmed by potus,baby confirmed by potus,baby confirmed by potus,baby confirmed by potus,baby confirmed by potus,ngram_4,4,23,2,False,False,False,5
at://did:plc:25ttop2hwc6pkxjhccxx4tdp/app.bsky.feed.post/3mijsy7dbe22e,2026-04-02T18:19:05.289Z,Jasmine Crockett is a nepo baby confirmed by POTUS.,jasmine crockett is a nepo baby confirmed by potus,jasmine crockett is a nepo baby confirmed by potus,nepo baby confirmed,nepo baby confirmed,nepo baby confirmed,nepo baby confirmed,ngram_3,3,19,3,False,False,False,4
at://did:plc:25ttop2hwc6pkxjhccxx4tdp/app.bsky.feed.post/3mijsy7dbe22e,2026-04-02T18:19:05.289Z,Jasmine Crockett is a nepo baby confirmed by POTUS.,jasmine crockett is a nepo baby confirmed by potus,jasmine crockett is a nepo baby confirmed by potus,confirmed by potus,confirmed by potus,confirmed by potus,confirmed by potus,ngram_3,3,18,4,False,False,False,6
at://did:plc:25ttop2hwc6pkxjhccxx4tdp/app.bsky.feed.post/3mijsy7dbe22e,2026-04-02T18:19:05.289Z,Jasmine Crockett is a nepo baby confirmed by POTUS.,jasmine crockett is a nepo baby confirmed by potus,jasmine crockett is a nepo baby confirmed by potus,jasmine crockett,jasmine crockett,jasmine crockett,jasmine crockett,ngram_2,2,16,5,False,False,False,0
at://did:plc:25ttop2hwc6pkxjhccxx4tdp/app.bsky.feed.post/3mijsy7dbe22e,2026-04-02T18:19:05.289Z,Jasmine Crockett is a nepo baby confirmed by POTUS.,jasmine crockett is a nepo baby confirmed by potus,jasmine crockett is a nepo baby confirmed by potus,nepo baby,nepo baby,nepo baby,nepo baby,ngram_2,2,9,6,False,False,False,4
at://did:plc:25ttop2hwc6pkxjhccxx4tdp/app.bsky.feed.post/3mijsy7dbe22e,2026-04-02T18:19:05.289Z,Jasmine Crockett is a nepo baby confirmed by POTUS.,jasmine crockett is a nepo baby confirmed by potus,jasmine crockett is a nepo baby confirmed by potus,baby confirmed,baby confirmed,baby confirmed,baby confirmed,ngram_2,2,14,7,False,False,False,5
at://did:plc:25w64r3zefpowtjenusjnfky/app.bsky.feed.post/3mijswkjmyk22,2026-04-02T18:18:09.890Z,"Got a 10 second shake to wake us up this morning. No damage though. We are about 15 miles from the epicenter. This is likely on the same #SanAndeasFault that caused the 6.9 magnitude #LomaPrietaEarthquake in 1989 that Did cause extensive damage and loss of lives 🤔🌞🤙
#Nature #Earthquake #RichterScale",got a 10 second shake to wake us up this morning no damage though we are about 15 miles from the epicenter this is likely on the same #sanandeasfault that caused the 6 9 magnitude #lomaprietaearthquake in 1989 that did cause extensive damage and loss of lives 🤔🌞🤙 #nature #earthquake #richterscale,got a 10 second shake to wake us up this morning no damage though we are about 15 miles from the epicenter this is likely on the same sanandeasfault that caused the 6 9 magnitude lomaprietaearthquake in 1989 that did cause extensive damage and loss of lives nature earthquake richterscale,#sanandeasfault,#sanandeasfault,sanandeasfault,sanandeasfault,hashtag,1,15,1,True,False,False,134
at://did:plc:25w64r3zefpowtjenusjnfky/app.bsky.feed.post/3mijswkjmyk22,2026-04-02T18:18:09.890Z,"Got a 10 second shake to wake us up this morning. No damage though. We are about 15 miles from the epicenter. This is likely on the same #SanAndeasFault that caused the 6.9 magnitude #LomaPrietaEarthquake in 1989 that Did cause extensive damage and loss of lives 🤔🌞🤙
#Nature #Earthquake #RichterScale",got a 10 second shake to wake us up this morning no damage though we are about 15 miles from the epicenter this is likely on the same #sanandeasfault that caused the 6 9 magnitude #lomaprietaearthquake in 1989 that did cause extensive damage and loss of lives 🤔🌞🤙 #nature #earthquake #richterscale,got a 10 second shake to wake us up this morning no damage though we are about 15 miles from the epicenter this is likely on the same sanandeasfault that caused the 6 9 magnitude lomaprietaearthquake in 1989 that did cause extensive damage and loss of lives nature earthquake richterscale,#lomaprietaearthquake,#lomaprietaearthquake,lomaprietaearthquake,lomaprietaearthquake,hashtag,1,21,2,True,False,False,180
at://did:plc:25w64r3zefpowtjenusjnfky/app.bsky.feed.post/3mijswkjmyk22,2026-04-02T18:18:09.890Z,"Got a 10 second shake to wake us up this morning. No damage though. We are about 15 miles from the epicenter. This is likely on the same #SanAndeasFault that caused the 6.9 magnitude #LomaPrietaEarthquake in 1989 that Did cause extensive damage and loss of lives 🤔🌞🤙
#Nature #Earthquake #RichterScale",got a 10 second shake to wake us up this morning no damage though we are about 15 miles from the epicenter this is likely on the same #sanandeasfault that caused the 6 9 magnitude #lomaprietaearthquake in 1989 that did cause extensive damage and loss of lives 🤔🌞🤙 #nature #earthquake #richterscale,got a 10 second shake to wake us up this morning no damage though we are about 15 miles from the epicenter this is likely on the same sanandeasfault that caused the 6 9 magnitude lomaprietaearthquake in 1989 that did cause extensive damage and loss of lives nature earthquake richterscale,#nature,#nature,nature,nature,hashtag,1,7,3,True,False,False,264
at://did:plc:25w64r3zefpowtjenusjnfky/app.bsky.feed.post/3mijswkjmyk22,2026-04-02T18:18:09.890Z,"Got a 10 second shake to wake us up this morning. No damage though. We are about 15 miles from the epicenter. This is likely on the same #SanAndeasFault that caused the 6.9 magnitude #LomaPrietaEarthquake in 1989 that Did cause extensive damage and loss of lives 🤔🌞🤙
#Nature #Earthquake #RichterScale",got a 10 second shake to wake us up this morning no damage though we are about 15 miles from the epicenter this is likely on the same #sanandeasfault that caused the 6 9 magnitude #lomaprietaearthquake in 1989 that did cause extensive damage and loss of lives 🤔🌞🤙 #nature #earthquake #richterscale,got a 10 second shake to wake us up this morning no damage though we are about 15 miles from the epicenter this is likely on the same sanandeasfault that caused the 6 9 magnitude lomaprietaearthquake in 1989 that did cause extensive damage and loss of lives nature earthquake richterscale,#earthquake,#earthquake,earthquake,earthquake,hashtag,1,11,4,True,False,False,272
at://did:plc:25w64r3zefpowtjenusjnfky/app.bsky.feed.post/3mijswkjmyk22,2026-04-02T18:18:09.890Z,"Got a 10 second shake to wake us up this morning. No damage though. We are about 15 miles from the epicenter. This is likely on the same #SanAndeasFault that caused the 6.9 magnitude #LomaPrietaEarthquake in 1989 that Did cause extensive damage and loss of lives 🤔🌞🤙
#Nature #Earthquake #RichterScale",got a 10 second shake to wake us up this morning no damage though we are about 15 miles from the epicenter this is likely on the same #sanandeasfault that caused the 6 9 magnitude #lomaprietaearthquake in 1989 that did cause extensive damage and loss of lives 🤔🌞🤙 #nature #earthquake #richterscale,got a 10 second shake to wake us up this morning no damage though we are about 15 miles from the epicenter this is likely on the same sanandeasfault that caused the 6 9 magnitude lomaprietaearthquake in 1989 that did cause extensive damage and loss of lives nature earthquake richterscale,#richterscale,#richterscale,richterscale,richterscale,hashtag,1,13,5,True,False,False,284
at://did:plc:25w64r3zefpowtjenusjnfky/app.bsky.feed.post/3mijswkjmyk22,2026-04-02T18:18:09.890Z,"Got a 10 second shake to wake us up this morning. No damage though. We are about 15 miles from the epicenter. This is likely on the same #SanAndeasFault that caused the 6.9 magnitude #LomaPrietaEarthquake in 1989 that Did cause extensive damage and loss of lives 🤔🌞🤙
#Nature #Earthquake #RichterScale",got a 10 second shake to wake us up this morning no damage though we are about 15 miles from the epicenter this is likely on the same #sanandeasfault that caused the 6 9 magnitude #lomaprietaearthquake in 1989 that did cause extensive damage and loss of lives 🤔🌞🤙 #nature #earthquake #richterscale,got a 10 second shake to wake us up this morning no damage though we are about 15 miles from the epicenter this is likely on the same sanandeasfault that caused the 6 9 magnitude lomaprietaearthquake in 1989 that did cause extensive damage and loss of lives nature earthquake richterscale,got a 10 second,got a 10 second,got a 10 second,got a 10 second,ngram_4,4,15,6,False,True,False,0
at://did:plc:25w64r3zefpowtjenusjnfky/app.bsky.feed.post/3mijswkjmyk22,2026-04-02T18:18:09.890Z,"Got a 10 second shake to wake us up this morning. No damage though. We are about 15 miles from the epicenter. This is likely on the same #SanAndeasFault that caused the 6.9 magnitude #LomaPrietaEarthquake in 1989 that Did cause extensive damage and loss of lives 🤔🌞🤙
#Nature #Earthquake #RichterScale",got a 10 second shake to wake us up this morning no damage though we are about 15 miles from the epicenter this is likely on the same #sanandeasfault that caused the 6 9 magnitude #lomaprietaearthquake in 1989 that did cause extensive damage and loss of lives 🤔🌞🤙 #nature #earthquake #richterscale,got a 10 second shake to wake us up this morning no damage though we are about 15 miles from the epicenter this is likely on the same sanandeasfault that caused the 6 9 magnitude lomaprietaearthquake in 1989 that did cause extensive damage and loss of lives nature earthquake richterscale,second shake to wake,second shake to wake,second shake to wake,second shake to wake,ngram_4,4,20,7,False,False,False,3
at://did:plc:25w64r3zefpowtjenusjnfky/app.bsky.feed.post/3mijswkjmyk22,2026-04-02T18:18:09.890Z,"Got a 10 second shake to wake us up this morning. No damage though. We are about 15 miles from the epicenter. This is likely on the same #SanAndeasFault that caused the 6.9 magnitude #LomaPrietaEarthquake in 1989 that Did cause extensive damage and loss of lives 🤔🌞🤙
#Nature #Earthquake #RichterScale",got a 10 second shake to wake us up this morning no damage though we are about 15 miles from the epicenter this is likely on the same #sanandeasfault that caused the 6 9 magnitude #lomaprietaearthquake in 1989 that did cause extensive damage and loss of lives 🤔🌞🤙 #nature #earthquake #richterscale,got a 10 second shake to wake us up this morning no damage though we are about 15 miles from the epicenter this is likely on the same sanandeasfault that caused the 6 9 magnitude lomaprietaearthquake in 1989 that did cause extensive damage and loss of lives nature earthquake richterscale,up this morning no,up this morning no,up this morning no,up this morning no,ngram_4,4,18,8,False,False,False,8
at://did:plc:25w64r3zefpowtjenusjnfky/app.bsky.feed.post/3mijswkjmyk22,2026-04-02T18:18:09.890Z,"Got a 10 second shake to wake us up this morning. No damage though. We are about 15 miles from the epicenter. This is likely on the same #SanAndeasFault that caused the 6.9 magnitude #LomaPrietaEarthquake in 1989 that Did cause extensive damage and loss of lives 🤔🌞🤙
#Nature #Earthquake #RichterScale",got a 10 second shake to wake us up this morning no damage though we are about 15 miles from the epicenter this is likely on the same #sanandeasfault that caused the 6 9 magnitude #lomaprietaearthquake in 1989 that did cause extensive damage and loss of lives 🤔🌞🤙 #nature #earthquake #richterscale,got a 10 second shake to wake us up this morning no damage though we are about 15 miles from the epicenter this is likely on the same sanandeasfault that caused the 6 9 magnitude lomaprietaearthquake in 1989 that did cause extensive damage and loss of lives nature earthquake richterscale,morning no damage though,morning no damage though,morning no damage though,morning no damage though,ngram_4,4,24,9,False,False,False,10
at://did:plc:25w64r3zefpowtjenusjnfky/app.bsky.feed.post/3mijswkjmyk22,2026-04-02T18:18:09.890Z,"Got a 10 second shake to wake us up this morning. No damage though. We are about 15 miles from the epicenter. This is likely on the same #SanAndeasFault that caused the 6.9 magnitude #LomaPrietaEarthquake in 1989 that Did cause extensive damage and loss of lives 🤔🌞🤙
#Nature #Earthquake #RichterScale",got a 10 second shake to wake us up this morning no damage though we are about 15 miles from the epicenter this is likely on the same #sanandeasfault that caused the 6 9 magnitude #lomaprietaearthquake in 1989 that did cause extensive damage and loss of lives 🤔🌞🤙 #nature #earthquake #richterscale,got a 10 second shake to wake us up this morning no damage though we are about 15 miles from the epicenter this is likely on the same sanandeasfault that caused the 6 9 magnitude lomaprietaearthquake in 1989 that did cause extensive damage and loss of lives nature earthquake richterscale,though we are about,though we are about,though we are about,though we are about,ngram_4,4,19,10,False,False,False,13
at://did:plc:25w64r3zefpowtjenusjnfky/app.bsky.feed.post/3mijswkjmyk22,2026-04-02T18:18:09.890Z,"Got a 10 second shake to wake us up this morning. No damage though. We are about 15 miles from the epicenter. This is likely on the same #SanAndeasFault that caused the 6.9 magnitude #LomaPrietaEarthquake in 1989 that Did cause extensive damage and loss of lives 🤔🌞🤙
#Nature #Earthquake #RichterScale",got a 10 second shake to wake us up this morning no damage though we are about 15 miles from the epicenter this is likely on the same #sanandeasfault that caused the 6 9 magnitude #lomaprietaearthquake in 1989 that did cause extensive damage and loss of lives 🤔🌞🤙 #nature #earthquake #richterscale,got a 10 second shake to wake us up this morning no damage though we are about 15 miles from the epicenter this is likely on the same sanandeasfault that caused the 6 9 magnitude lomaprietaearthquake in 1989 that did cause extensive damage and loss of lives nature earthquake richterscale,miles from the epicenter,miles from the epicenter,miles from the epicenter,miles from the epicenter,ngram_4,4,24,11,False,False,False,18
at://did:plc:25w64r3zefpowtjenusjnfky/app.bsky.feed.post/3mijswkjmyk22,2026-04-02T18:18:09.890Z,"Got a 10 second shake to wake us up this morning. No damage though. We are about 15 miles from the epicenter. This is likely on the same #SanAndeasFault that caused the 6.9 magnitude #LomaPrietaEarthquake in 1989 that Did cause extensive damage and loss of lives 🤔🌞🤙
#Nature #Earthquake #RichterScale",got a 10 second shake to wake us up this morning no damage though we are about 15 miles from the epicenter this is likely on the same #sanandeasfault that caused the 6 9 magnitude #lomaprietaearthquake in 1989 that did cause extensive damage and loss of lives 🤔🌞🤙 #nature #earthquake #richterscale,got a 10 second shake to wake us up this morning no damage though we are about 15 miles from the epicenter this is likely on the same sanandeasfault that caused the 6 9 magnitude lomaprietaearthquake in 1989 that did cause extensive damage and loss of lives nature earthquake richterscale,epicenter this is likely,epicenter this is likely,epicenter this is likely,epicenter this is likely,ngram_4,4,24,12,False,False,False,21
at://did:plc:25w64r3zefpowtjenusjnfky/app.bsky.feed.post/3mijswkjmyk22,2026-04-02T18:18:09.890Z,"Got a 10 second shake to wake us up this morning. No damage though. We are about 15 miles from the epicenter. This is likely on the same #SanAndeasFault that caused the 6.9 magnitude #LomaPrietaEarthquake in 1989 that Did cause extensive damage and loss of lives 🤔🌞🤙
#Nature #Earthquake #RichterScale",got a 10 second shake to wake us up this morning no damage though we are about 15 miles from the epicenter this is likely on the same #sanandeasfault that caused the 6 9 magnitude #lomaprietaearthquake in 1989 that did cause extensive damage and loss of lives 🤔🌞🤙 #nature #earthquake #richterscale,got a 10 second shake to wake us up this morning no damage though we are about 15 miles from the epicenter this is likely on the same sanandeasfault that caused the 6 9 magnitude lomaprietaearthquake in 1989 that did cause extensive damage and loss of lives nature earthquake richterscale,likely on the same,likely on the same,likely on the same,likely on the same,ngram_4,4,18,13,False,False,False,24
at://did:plc:25w64r3zefpowtjenusjnfky/app.bsky.feed.post/3mijswkjmyk22,2026-04-02T18:18:09.890Z,"Got a 10 second shake to wake us up this morning. No damage though. We are about 15 miles from the epicenter. This is likely on the same #SanAndeasFault that caused the 6.9 magnitude #LomaPrietaEarthquake in 1989 that Did cause extensive damage and loss of lives 🤔🌞🤙
#Nature #Earthquake #RichterScale",got a 10 second shake to wake us up this morning no damage though we are about 15 miles from the epicenter this is likely on the same #sanandeasfault that caused the 6 9 magnitude #lomaprietaearthquake in 1989 that did cause extensive damage and loss of lives 🤔🌞🤙 #nature #earthquake #richterscale,got a 10 second shake to wake us up this morning no damage though we are about 15 miles from the epicenter this is likely on the same sanandeasfault that caused the 6 9 magnitude lomaprietaearthquake in 1989 that did cause extensive damage and loss of lives nature earthquake richterscale,same sanandeasfault that caused,same sanandeasfault that caused,same sanandeasfault that caused,same sanandeasfault that caused,ngram_4,4,31,14,False,False,False,27
at://did:plc:25w64r3zefpowtjenusjnfky/app.bsky.feed.post/3mijswkjmyk22,2026-04-02T18:18:09.890Z,"Got a 10 second shake to wake us up this morning. No damage though. We are about 15 miles from the epicenter. This is likely on the same #SanAndeasFault that caused the 6.9 magnitude #LomaPrietaEarthquake in 1989 that Did cause extensive damage and loss of lives 🤔🌞🤙
#Nature #Earthquake #RichterScale",got a 10 second shake to wake us up this morning no damage though we are about 15 miles from the epicenter this is likely on the same #sanandeasfault that caused the 6 9 magnitude #lomaprietaearthquake in 1989 that did cause extensive damage and loss of lives 🤔🌞🤙 #nature #earthquake #richterscale,got a 10 second shake to wake us up this morning no damage though we are about 15 miles from the epicenter this is likely on the same sanandeasfault that caused the 6 9 magnitude lomaprietaearthquake in 1989 that did cause extensive damage and loss of lives nature earthquake richterscale,caused the 6 9,caused the 6 9,caused the 6 9,caused the 6 9,ngram_4,4,14,15,False,True,False,30
at://did:plc:25w64r3zefpowtjenusjnfky/app.bsky.feed.post/3mijswkjmyk22,2026-04-02T18:18:09.890Z,"Got a 10 second shake to wake us up this morning. No damage though. We are about 15 miles from the epicenter. This is likely on the same #SanAndeasFault that caused the 6.9 magnitude #LomaPrietaEarthquake in 1989 that Did cause extensive damage and loss of lives 🤔🌞🤙
#Nature #Earthquake #RichterScale",got a 10 second shake to wake us up this morning no damage though we are about 15 miles from the epicenter this is likely on the same #sanandeasfault that caused the 6 9 magnitude #lomaprietaearthquake in 1989 that did cause extensive damage and loss of lives 🤔🌞🤙 #nature #earthquake #richterscale,got a 10 second shake to wake us up this morning no damage though we are about 15 miles from the epicenter this is likely on the same sanandeasfault that caused the 6 9 magnitude lomaprietaearthquake in 1989 that did cause extensive damage and loss of lives nature earthquake richterscale,6 9 magnitude lomaprietaearthquake,6 9 magnitude lomaprietaearthquake,6 9 magnitude lomaprietaearthquake,6 9 magnitude lomaprietaearthquake,ngram_4,4,34,16,False,True,False,32
at://did:plc:25w64r3zefpowtjenusjnfky/app.bsky.feed.post/3mijswkjmyk22,2026-04-02T18:18:09.890Z,"Got a 10 second shake to wake us up this morning. No damage though. We are about 15 miles from the epicenter. This is likely on the same #SanAndeasFault that caused the 6.9 magnitude #LomaPrietaEarthquake in 1989 that Did cause extensive damage and loss of lives 🤔🌞🤙
#Nature #Earthquake #RichterScale",got a 10 second shake to wake us up this morning no damage though we are about 15 miles from the epicenter this is likely on the same #sanandeasfault that caused the 6 9 magnitude #lomaprietaearthquake in 1989 that did cause extensive damage and loss of lives 🤔🌞🤙 #nature #earthquake #richterscale,got a 10 second shake to wake us up this morning no damage though we are about 15 miles from the epicenter this is likely on the same sanandeasfault that caused the 6 9 magnitude lomaprietaearthquake in 1989 that did cause extensive damage and loss of lives nature earthquake richterscale,magnitude lomaprietaearthquake in 1989,magnitude lomaprietaearthquake in 1989,magnitude lomaprietaearthquake in 1989,magnitude lomaprietaearthquake in 1989,ngram_4,4,38,17,False,True,False,34
at://did:plc:25w64r3zefpowtjenusjnfky/app.bsky.feed.post/3mijswkjmyk22,2026-04-02T18:18:09.890Z,"Got a 10 second shake to wake us up this morning. No damage though. We are about 15 miles from the epicenter. This is likely on the same #SanAndeasFault that caused the 6.9 magnitude #LomaPrietaEarthquake in 1989 that Did cause extensive damage and loss of lives 🤔🌞🤙
#Nature #Earthquake #RichterScale",got a 10 second shake to wake us up this morning no damage though we are about 15 miles from the epicenter this is likely on the same #sanandeasfault that caused the 6 9 magnitude #lomaprietaearthquake in 1989 that did cause extensive damage and loss of lives 🤔🌞🤙 #nature #earthquake #richterscale,got a 10 second shake to wake us up this morning no damage though we are about 15 miles from the epicenter this is likely on the same sanandeasfault that caused the 6 9 magnitude lomaprietaearthquake in 1989 that did cause extensive damage and loss of lives nature earthquake richterscale,1989 that did cause,1989 that did cause,1989 that did cause,1989 that did cause,ngram_4,4,19,18,False,True,False,37
at://did:plc:25w64r3zefpowtjenusjnfky/app.bsky.feed.post/3mijswkjmyk22,2026-04-02T18:18:09.890Z,"Got a 10 second shake to wake us up this morning. No damage though. We are about 15 miles from the epicenter. This is likely on the same #SanAndeasFault that caused the 6.9 magnitude #LomaPrietaEarthquake in 1989 that Did cause extensive damage and loss of lives 🤔🌞🤙
#Nature #Earthquake #RichterScale",got a 10 second shake to wake us up this morning no damage though we are about 15 miles from the epicenter this is likely on the same #sanandeasfault that caused the 6 9 magnitude #lomaprietaearthquake in 1989 that did cause extensive damage and loss of lives 🤔🌞🤙 #nature #earthquake #richterscale,got a 10 second shake to wake us up this morning no damage though we are about 15 miles from the epicenter this is likely on the same sanandeasfault that caused the 6 9 magnitude lomaprietaearthquake in 1989 that did cause extensive damage and loss of lives nature earthquake richterscale,did cause extensive damage,did cause extensive damage,did cause extensive damage,did cause extensive damage,ngram_4,4,26,19,False,False,False,39
at://did:plc:25w64r3zefpowtjenusjnfky/app.bsky.feed.post/3mijswkjmyk22,2026-04-02T18:18:09.890Z,"Got a 10 second shake to wake us up this morning. No damage though. We are about 15 miles from the epicenter. This is likely on the same #SanAndeasFault that caused the 6.9 magnitude #LomaPrietaEarthquake in 1989 that Did cause extensive damage and loss of lives 🤔🌞🤙
#Nature #Earthquake #RichterScale",got a 10 second shake to wake us up this morning no damage though we are about 15 miles from the epicenter this is likely on the same #sanandeasfault that caused the 6 9 magnitude #lomaprietaearthquake in 1989 that did cause extensive damage and loss of lives 🤔🌞🤙 #nature #earthquake #richterscale,got a 10 second shake to wake us up this morning no damage though we are about 15 miles from the epicenter this is likely on the same sanandeasfault that caused the 6 9 magnitude lomaprietaearthquake in 1989 that did cause extensive damage and loss of lives nature earthquake richterscale,extensive damage and loss,extensive damage and loss,extensive damage and loss,extensive damage and loss,ngram_4,4,25,20,False,False,False,41
at://did:plc:25xz4mmocebkvk6uqarcjfax/app.bsky.feed.post/3mijsqx4qyc2z,2026-04-02T18:15:01.805Z,"Trump goes on a revenge tour in Indiana after failed redistricting vote
Trump is backing GOP challengers to lawmakers who opposed a redrawn congressional map last year as allies pour in millions of dollars ahead of the May primary. www.nbcnews.com/politics/202...",trump goes on a revenge tour in indiana after failed redistricting vote trump is backing gop challengers to lawmakers who opposed a redrawn congressional map last year as allies pour in millions of dollars ahead of the may primary www nbcnews com politics 202,trump goes on a revenge tour in indiana after failed redistricting vote trump is backing gop challengers to lawmakers who opposed a redrawn congressional map last year as allies pour in millions of dollars ahead of the may primary www nbcnews com politics 202,goes on a revenge,goes on a revenge,goes on a revenge,goes on a revenge,ngram_4,4,17,1,False,False,False,1
at://did:plc:25xz4mmocebkvk6uqarcjfax/app.bsky.feed.post/3mijsqx4qyc2z,2026-04-02T18:15:01.805Z,"Trump goes on a revenge tour in Indiana after failed redistricting vote
Trump is backing GOP challengers to lawmakers who opposed a redrawn congressional map last year as allies pour in millions of dollars ahead of the May primary. www.nbcnews.com/politics/202...",trump goes on a revenge tour in indiana after failed redistricting vote trump is backing gop challengers to lawmakers who opposed a redrawn congressional map last year as allies pour in millions of dollars ahead of the may primary www nbcnews com politics 202,trump goes on a revenge tour in indiana after failed redistricting vote trump is backing gop challengers to lawmakers who opposed a redrawn congressional map last year as allies pour in millions of dollars ahead of the may primary www nbcnews com politics 202,revenge tour in indiana,revenge tour in indiana,revenge tour in indiana,revenge tour in indiana,ngram_4,4,23,2,False,False,False,4
at://did:plc:25xz4mmocebkvk6uqarcjfax/app.bsky.feed.post/3mijsqx4qyc2z,2026-04-02T18:15:01.805Z,"Trump goes on a revenge tour in Indiana after failed redistricting vote
Trump is backing GOP challengers to lawmakers who opposed a redrawn congressional map last year as allies pour in millions of dollars ahead of the May primary. www.nbcnews.com/politics/202...",trump goes on a revenge tour in indiana after failed redistricting vote trump is backing gop challengers to lawmakers who opposed a redrawn congressional map last year as allies pour in millions of dollars ahead of the may primary www nbcnews com politics 202,trump goes on a revenge tour in indiana after failed redistricting vote trump is backing gop challengers to lawmakers who opposed a redrawn congressional map last year as allies pour in millions of dollars ahead of the may primary www nbcnews com politics 202,tour in indiana after,tour in indiana after,tour in indiana after,tour in indiana after,ngram_4,4,21,3,False,False,False,5
at://did:plc:25xz4mmocebkvk6uqarcjfax/app.bsky.feed.post/3mijsqx4qyc2z,2026-04-02T18:15:01.805Z,"Trump goes on a revenge tour in Indiana after failed redistricting vote
Trump is backing GOP challengers to lawmakers who opposed a redrawn congressional map last year as allies pour in millions of dollars ahead of the May primary. www.nbcnews.com/politics/202...",trump goes on a revenge tour in indiana after failed redistricting vote trump is backing gop challengers to lawmakers who opposed a redrawn congressional map last year as allies pour in millions of dollars ahead of the may primary www nbcnews com politics 202,trump goes on a revenge tour in indiana after failed redistricting vote trump is backing gop challengers to lawmakers who opposed a redrawn congressional map last year as allies pour in millions of dollars ahead of the may primary www nbcnews com politics 202,indiana after failed redistricting,indiana after failed redistricting,indiana after failed redistricting,indiana after failed redistricting,ngram_4,4,34,4,False,False,False,7
at://did:plc:25xz4mmocebkvk6uqarcjfax/app.bsky.feed.post/3mijsqx4qyc2z,2026-04-02T18:15:01.805Z,"Trump goes on a revenge tour in Indiana after failed redistricting vote
Trump is backing GOP challengers to lawmakers who opposed a redrawn congressional map last year as allies pour in millions of dollars ahead of the May primary. www.nbcnews.com/politics/202...",trump goes on a revenge tour in indiana after failed redistricting vote trump is backing gop challengers to lawmakers who opposed a redrawn congressional map last year as allies pour in millions of dollars ahead of the may primary www nbcnews com politics 202,trump goes on a revenge tour in indiana after failed redistricting vote trump is backing gop challengers to lawmakers who opposed a redrawn congressional map last year as allies pour in millions of dollars ahead of the may primary www nbcnews com politics 202,after failed redistricting vote,after failed redistricting vote,after failed redistricting vote,after failed redistricting vote,ngram_4,4,31,5,False,False,False,8
at://did:plc:25xz4mmocebkvk6uqarcjfax/app.bsky.feed.post/3mijsqx4qyc2z,2026-04-02T18:15:01.805Z,"Trump goes on a revenge tour in Indiana after failed redistricting vote
Trump is backing GOP challengers to lawmakers who opposed a redrawn congressional map last year as allies pour in millions of dollars ahead of the May primary. www.nbcnews.com/politics/202...",trump goes on a revenge tour in indiana after failed redistricting vote trump is backing gop challengers to lawmakers who opposed a redrawn congressional map last year as allies pour in millions of dollars ahead of the may primary www nbcnews com politics 202,trump goes on a revenge tour in indiana after failed redistricting vote trump is backing gop challengers to lawmakers who opposed a redrawn congressional map last year as allies pour in millions of dollars ahead of the may primary www nbcnews com politics 202,failed redistricting vote trump,failed redistricting vote trump,failed redistricting vote trump,failed redistricting vote trump,ngram_4,4,31,6,False,False,False,9
at://did:plc:25xz4mmocebkvk6uqarcjfax/app.bsky.feed.post/3mijsqx4qyc2z,2026-04-02T18:15:01.805Z,"Trump goes on a revenge tour in Indiana after failed redistricting vote
Trump is backing GOP challengers to lawmakers who opposed a redrawn congressional map last year as allies pour in millions of dollars ahead of the May primary. www.nbcnews.com/politics/202...",trump goes on a revenge tour in indiana after failed redistricting vote trump is backing gop challengers to lawmakers who opposed a redrawn congressional map last year as allies pour in millions of dollars ahead of the may primary www nbcnews com politics 202,trump goes on a revenge tour in indiana after failed redistricting vote trump is backing gop challengers to lawmakers who opposed a redrawn congressional map last year as allies pour in millions of dollars ahead of the may primary www nbcnews com politics 202,vote trump is backing,vote trump is backing,vote trump is backing,vote trump is backing,ngram_4,4,21,7,False,False,False,11
at://did:plc:25xz4mmocebkvk6uqarcjfax/app.bsky.feed.post/3mijsqx4qyc2z,2026-04-02T18:15:01.805Z,"Trump goes on a revenge tour in Indiana after failed redistricting vote
Trump is backing GOP challengers to lawmakers who opposed a redrawn congressional map last year as allies pour in millions of dollars ahead of the May primary. www.nbcnews.com/politics/202...",trump goes on a revenge tour in indiana after failed redistricting vote trump is backing gop challengers to lawmakers who opposed a redrawn congressional map last year as allies pour in millions of dollars ahead of the may primary www nbcnews com politics 202,trump goes on a revenge tour in indiana after failed redistricting vote trump is backing gop challengers to lawmakers who opposed a redrawn congressional map last year as allies pour in millions of dollars ahead of the may primary www nbcnews com politics 202,trump is backing gop,trump is backing gop,trump is backing gop,trump is backing gop,ngram_4,4,20,8,False,False,False,12
at://did:plc:25xz4mmocebkvk6uqarcjfax/app.bsky.feed.post/3mijsqx4qyc2z,2026-04-02T18:15:01.805Z,"Trump goes on a revenge tour in Indiana after failed redistricting vote
Trump is backing GOP challengers to lawmakers who opposed a redrawn congressional map last year as allies pour in millions of dollars ahead of the May primary. www.nbcnews.com/politics/202...",trump goes on a revenge tour in indiana after failed redistricting vote trump is backing gop challengers to lawmakers who opposed a redrawn congressional map last year as allies pour in millions of dollars ahead of the may primary www nbcnews com politics 202,trump goes on a revenge tour in indiana after failed redistricting vote trump is backing gop challengers to lawmakers who opposed a redrawn congressional map last year as allies pour in millions of dollars ahead of the may primary www nbcnews com politics 202,gop challengers to lawmakers,gop challengers to lawmakers,gop challengers to lawmakers,gop challengers to lawmakers,ngram_4,4,28,9,False,False,False,15
at://did:plc:25xz4mmocebkvk6uqarcjfax/app.bsky.feed.post/3mijsqx4qyc2z,2026-04-02T18:15:01.805Z,"Trump goes on a revenge tour in Indiana after failed redistricting vote
Trump is backing GOP challengers to lawmakers who opposed a redrawn congressional map last year as allies pour in millions of dollars ahead of the May primary. www.nbcnews.com/politics/202...",trump goes on a revenge tour in indiana after failed redistricting vote trump is backing gop challengers to lawmakers who opposed a redrawn congressional map last year as allies pour in millions of dollars ahead of the may primary www nbcnews com politics 202,trump goes on a revenge tour in indiana after failed redistricting vote trump is backing gop challengers to lawmakers who opposed a redrawn congressional map last year as allies pour in millions of dollars ahead of the may primary www nbcnews com politics 202,opposed a redrawn congressional,opposed a redrawn congressional,opposed a redrawn congressional,opposed a redrawn congressional,ngram_4,4,31,10,False,False,False,20
at://did:plc:25xz4mmocebkvk6uqarcjfax/app.bsky.feed.post/3mijsqx4qyc2z,2026-04-02T18:15:01.805Z,"Trump goes on a revenge tour in Indiana after failed redistricting vote
Trump is backing GOP challengers to lawmakers who opposed a redrawn congressional map last year as allies pour in millions of dollars ahead of the May primary. www.nbcnews.com/politics/202...",trump goes on a revenge tour in indiana after failed redistricting vote trump is backing gop challengers to lawmakers who opposed a redrawn congressional map last year as allies pour in millions of dollars ahead of the may primary www nbcnews com politics 202,trump goes on a revenge tour in indiana after failed redistricting vote trump is backing gop challengers to lawmakers who opposed a redrawn congressional map last year as allies pour in millions of dollars ahead of the may primary www nbcnews com politics 202,redrawn congressional map last,redrawn congressional map last,redrawn congressional map last,redrawn congressional map last,ngram_4,4,30,11,False,False,False,22
at://did:plc:25xz4mmocebkvk6uqarcjfax/app.bsky.feed.post/3mijsqx4qyc2z,2026-04-02T18:15:01.805Z,"Trump goes on a revenge tour in Indiana after failed redistricting vote
Trump is backing GOP challengers to lawmakers who opposed a redrawn congressional map last year as allies pour in millions of dollars ahead of the May primary. www.nbcnews.com/politics/202...",trump goes on a revenge tour in indiana after failed redistricting vote trump is backing gop challengers to lawmakers who opposed a redrawn congressional map last year as allies pour in millions of dollars ahead of the may primary www nbcnews com politics 202,trump goes on a revenge tour in indiana after failed redistricting vote trump is backing gop challengers to lawmakers who opposed a redrawn congressional map last year as allies pour in millions of dollars ahead of the may primary www nbcnews com politics 202,congressional map last year,congressional map last year,congressional map last year,congressional map last year,ngram_4,4,27,12,False,False,False,23
at://did:plc:25xz4mmocebkvk6uqarcjfax/app.bsky.feed.post/3mijsqx4qyc2z,2026-04-02T18:15:01.805Z,"Trump goes on a revenge tour in Indiana after failed redistricting vote
Trump is backing GOP challengers to lawmakers who opposed a redrawn congressional map last year as allies pour in millions of dollars ahead of the May primary. www.nbcnews.com/politics/202...",trump goes on a revenge tour in indiana after failed redistricting vote trump is backing gop challengers to lawmakers who opposed a redrawn congressional map last year as allies pour in millions of dollars ahead of the may primary www nbcnews com politics 202,trump goes on a revenge tour in indiana after failed redistricting vote trump is backing gop challengers to lawmakers who opposed a redrawn congressional map last year as allies pour in millions of dollars ahead of the may primary www nbcnews com politics 202,last year as allies,last year as allies,last year as allies,last year as allies,ngram_4,4,19,13,False,False,False,25
at://did:plc:25xz4mmocebkvk6uqarcjfax/app.bsky.feed.post/3mijsqx4qyc2z,2026-04-02T18:15:01.805Z,"Trump goes on a revenge tour in Indiana after failed redistricting vote
Trump is backing GOP challengers to lawmakers who opposed a redrawn congressional map last year as allies pour in millions of dollars ahead of the May primary. www.nbcnews.com/politics/202...",trump goes on a revenge tour in indiana after failed redistricting vote trump is backing gop challengers to lawmakers who opposed a redrawn congressional map last year as allies pour in millions of dollars ahead of the may primary www nbcnews com politics 202,trump goes on a revenge tour in indiana after failed redistricting vote trump is backing gop challengers to lawmakers who opposed a redrawn congressional map last year as allies pour in millions of dollars ahead of the may primary www nbcnews com politics 202,year as allies pour,year as allies pour,year as allies pour,year as allies pour,ngram_4,4,19,14,False,False,False,26
at://did:plc:25xz4mmocebkvk6uqarcjfax/app.bsky.feed.post/3mijsqx4qyc2z,2026-04-02T18:15:01.805Z,"Trump goes on a revenge tour in Indiana after failed redistricting vote
Trump is backing GOP challengers to lawmakers who opposed a redrawn congressional map last year as allies pour in millions of dollars ahead of the May primary. www.nbcnews.com/politics/202...",trump goes on a revenge tour in indiana after failed redistricting vote trump is backing gop challengers to lawmakers who opposed a redrawn congressional map last year as allies pour in millions of dollars ahead of the may primary www nbcnews com politics 202,trump goes on a revenge tour in indiana after failed redistricting vote trump is backing gop challengers to lawmakers who opposed a redrawn congressional map last year as allies pour in millions of dollars ahead of the may primary www nbcnews com politics 202,allies pour in millions,allies pour in millions,allies pour in millions,allies pour in millions,ngram_4,4,23,15,False,False,False,28
at://did:plc:25xz4mmocebkvk6uqarcjfax/app.bsky.feed.post/3mijsqx4qyc2z,2026-04-02T18:15:01.805Z,"Trump goes on a revenge tour in Indiana after failed redistricting vote
Trump is backing GOP challengers to lawmakers who opposed a redrawn congressional map last year as allies pour in millions of dollars ahead of the May primary. www.nbcnews.com/politics/202...",trump goes on a revenge tour in indiana after failed redistricting vote trump is backing gop challengers to lawmakers who opposed a redrawn congressional map last year as allies pour in millions of dollars ahead of the may primary www nbcnews com politics 202,trump goes on a revenge tour in indiana after failed redistricting vote trump is backing gop challengers to lawmakers who opposed a redrawn congressional map last year as allies pour in millions of dollars ahead of the may primary www nbcnews com politics 202,millions of dollars ahead,millions of dollars ahead,millions of dollars ahead,millions of dollars ahead,ngram_4,4,25,16,False,False,False,31
at://did:plc:25xz4mmocebkvk6uqarcjfax/app.bsky.feed.post/3mijsqx4qyc2z,2026-04-02T18:15:01.805Z,"Trump goes on a revenge tour in Indiana after failed redistricting vote
Trump is backing GOP challengers to lawmakers who opposed a redrawn congressional map last year as allies pour in millions of dollars ahead of the May primary. www.nbcnews.com/politics/202...",trump goes on a revenge tour in indiana after failed redistricting vote trump is backing gop challengers to lawmakers who opposed a redrawn congressional map last year as allies pour in millions of dollars ahead of the may primary www nbcnews com politics 202,trump goes on a revenge tour in indiana after failed redistricting vote trump is backing gop challengers to lawmakers who opposed a redrawn congressional map last year as allies pour in millions of dollars ahead of the may primary www nbcnews com politics 202,ahead of the may,ahead of the may,ahead of the may,ahead of the may,ngram_4,4,16,17,False,False,False,34
at://did:plc:25xz4mmocebkvk6uqarcjfax/app.bsky.feed.post/3mijsqx4qyc2z,2026-04-02T18:15:01.805Z,"Trump goes on a revenge tour in Indiana after failed redistricting vote
Trump is backing GOP challengers to lawmakers who opposed a redrawn congressional map last year as allies pour in millions of dollars ahead of the May primary. www.nbcnews.com/politics/202...",trump goes on a revenge tour in indiana after failed redistricting vote trump is backing gop challengers to lawmakers who opposed a redrawn congressional map last year as allies pour in millions of dollars ahead of the may primary www nbcnews com politics 202,trump goes on a revenge tour in indiana after failed redistricting vote trump is backing gop challengers to lawmakers who opposed a redrawn congressional map last year as allies pour in millions of dollars ahead of the may primary www nbcnews com politics 202,may primary www nbcnews,may primary www nbcnews,may primary www nbcnews,may primary www nbcnews,ngram_4,4,23,18,False,False,False,37
at://did:plc:25xz4mmocebkvk6uqarcjfax/app.bsky.feed.post/3mijsqx4qyc2z,2026-04-02T18:15:01.805Z,"Trump goes on a revenge tour in Indiana after failed redistricting vote
Trump is backing GOP challengers to lawmakers who opposed a redrawn congressional map last year as allies pour in millions of dollars ahead of the May primary. www.nbcnews.com/politics/202...",trump goes on a revenge tour in indiana after failed redistricting vote trump is backing gop challengers to lawmakers who opposed a redrawn congressional map last year as allies pour in millions of dollars ahead of the may primary www nbcnews com politics 202,trump goes on a revenge tour in indiana after failed redistricting vote trump is backing gop challengers to lawmakers who opposed a redrawn congressional map last year as allies pour in millions of dollars ahead of the may primary www nbcnews com politics 202,nbcnews com politics 202,nbcnews com politics 202,nbcnews com politics 202,nbcnews com politics 202,ngram_4,4,24,19,False,True,False,40
at://did:plc:25xz4mmocebkvk6uqarcjfax/app.bsky.feed.post/3mijsqx4qyc2z,2026-04-02T18:15:01.805Z,"Trump goes on a revenge tour in Indiana after failed redistricting vote
Trump is backing GOP challengers to lawmakers who opposed a redrawn congressional map last year as allies pour in millions of dollars ahead of the May primary. www.nbcnews.com/politics/202...",trump goes on a revenge tour in indiana after failed redistricting vote trump is backing gop challengers to lawmakers who opposed a redrawn congressional map last year as allies pour in millions of dollars ahead of the may primary www nbcnews com politics 202,trump goes on a revenge tour in indiana after failed redistricting vote trump is backing gop challengers to lawmakers who opposed a redrawn congressional map last year as allies pour in millions of dollars ahead of the may primary www nbcnews com politics 202,tour in indiana,tour in indiana,tour in indiana,tour in indiana,ngram_3,3,15,20,False,False,False,5
at://did:plc:263ixbri4holavs2wnyjfngc/app.bsky.feed.post/3mijsrzxgvs27,2026-04-02T18:15:38.332Z,Like we aren’t used to getting abused every single weekend lol,like we aren't used to getting abused every single weekend lol,like we aren t used to getting abused every single weekend lol,like we aren t,like we aren t,like we aren t,like we aren t,ngram_4,4,14,1,False,False,False,0
at://did:plc:263ixbri4holavs2wnyjfngc/app.bsky.feed.post/3mijsrzxgvs27,2026-04-02T18:15:38.332Z,Like we aren’t used to getting abused every single weekend lol,like we aren't used to getting abused every single weekend lol,like we aren t used to getting abused every single weekend lol,t used to getting,t used to getting,t used to getting,t used to getting,ngram_4,4,17,2,False,False,False,3
at://did:plc:263ixbri4holavs2wnyjfngc/app.bsky.feed.post/3mijsrzxgvs27,2026-04-02T18:15:38.332Z,Like we aren’t used to getting abused every single weekend lol,like we aren't used to getting abused every single weekend lol,like we aren t used to getting abused every single weekend lol,used to getting abused,used to getting abused,used to getting abused,used to getting abused,ngram_4,4,22,3,False,False,False,4
at://did:plc:263ixbri4holavs2wnyjfngc/app.bsky.feed.post/3mijsrzxgvs27,2026-04-02T18:15:38.332Z,Like we aren’t used to getting abused every single weekend lol,like we aren't used to getting abused every single weekend lol,like we aren t used to getting abused every single weekend lol,getting abused every single,getting abused every single,getting abused every single,getting abused every single,ngram_4,4,27,4,False,False,False,6
at://did:plc:263ixbri4holavs2wnyjfngc/app.bsky.feed.post/3mijsrzxgvs27,2026-04-02T18:15:38.332Z,Like we aren’t used to getting abused every single weekend lol,like we aren't used to getting abused every single weekend lol,like we aren t used to getting abused every single weekend lol,abused every single weekend,abused every single weekend,abused every single weekend,abused every single weekend,ngram_4,4,27,5,False,False,False,7
at://did:plc:263ixbri4holavs2wnyjfngc/app.bsky.feed.post/3mijsrzxgvs27,2026-04-02T18:15:38.332Z,Like we aren’t used to getting abused every single weekend lol,like we aren't used to getting abused every single weekend lol,like we aren t used to getting abused every single weekend lol,every single weekend lol,every single weekend lol,every single weekend lol,every single weekend lol,ngram_4,4,24,6,False,False,False,8
at://did:plc:263ixbri4holavs2wnyjfngc/app.bsky.feed.post/3mijsrzxgvs27,2026-04-02T18:15:38.332Z,Like we aren’t used to getting abused every single weekend lol,like we aren't used to getting abused every single weekend lol,like we aren t used to getting abused every single weekend lol,like we aren,like we aren,like we aren,like we aren,ngram_3,3,12,7,False,False,False,0
at://did:plc:263ixbri4holavs2wnyjfngc/app.bsky.feed.post/3mijsrzxgvs27,2026-04-02T18:15:38.332Z,Like we aren’t used to getting abused every single weekend lol,like we aren't used to getting abused every single weekend lol,like we aren t used to getting abused every single weekend lol,aren t used,aren t used,aren t used,aren t used,ngram_3,3,11,8,False,False,False,2
at://did:plc:263ixbri4holavs2wnyjfngc/app.bsky.feed.post/3mijsrzxgvs27,2026-04-02T18:15:38.332Z,Like we aren’t used to getting abused every single weekend lol,like we aren't used to getting abused every single weekend lol,like we aren t used to getting abused every single weekend lol,used to getting,used to getting,used to getting,used to getting,ngram_3,3,15,9,False,False,False,4
at://did:plc:263ixbri4holavs2wnyjfngc/app.bsky.feed.post/3mijsrzxgvs27,2026-04-02T18:15:38.332Z,Like we aren’t used to getting abused every single weekend lol,like we aren't used to getting abused every single weekend lol,like we aren t used to getting abused every single weekend lol,getting abused every,getting abused every,getting abused every,getting abused every,ngram_3,3,20,10,False,False,False,6
at://did:plc:263ixbri4holavs2wnyjfngc/app.bsky.feed.post/3mijsrzxgvs27,2026-04-02T18:15:38.332Z,Like we aren’t used to getting abused every single weekend lol,like we aren't used to getting abused every single weekend lol,like we aren t used to getting abused every single weekend lol,abused every single,abused every single,abused every single,abused every single,ngram_3,3,19,11,False,False,False,7
at://did:plc:263ixbri4holavs2wnyjfngc/app.bsky.feed.post/3mijsrzxgvs27,2026-04-02T18:15:38.332Z,Like we aren’t used to getting abused every single weekend lol,like we aren't used to getting abused every single weekend lol,like we aren t used to getting abused every single weekend lol,every single weekend,every single weekend,every single weekend,every single weekend,ngram_3,3,20,12,False,False,False,8
at://did:plc:263ixbri4holavs2wnyjfngc/app.bsky.feed.post/3mijsrzxgvs27,2026-04-02T18:15:38.332Z,Like we aren’t used to getting abused every single weekend lol,like we aren't used to getting abused every single weekend lol,like we aren t used to getting abused every single weekend lol,single weekend lol,single weekend lol,single weekend lol,single weekend lol,ngram_3,3,18,13,False,False,False,9
at://did:plc:263ixbri4holavs2wnyjfngc/app.bsky.feed.post/3mijsrzxgvs27,2026-04-02T18:15:38.332Z,Like we aren’t used to getting abused every single weekend lol,like we aren't used to getting abused every single weekend lol,like we aren t used to getting abused every single weekend lol,aren t,aren t,aren t,aren t,ngram_2,2,6,14,False,False,False,2
at://did:plc:263ixbri4holavs2wnyjfngc/app.bsky.feed.post/3mijsrzxgvs27,2026-04-02T18:15:38.332Z,Like we aren’t used to getting abused every single weekend lol,like we aren't used to getting abused every single weekend lol,like we aren t used to getting abused every single weekend lol,t used,t used,t used,t used,ngram_2,2,6,15,False,False,False,3
at://did:plc:263ixbri4holavs2wnyjfngc/app.bsky.feed.post/3mijsrzxgvs27,2026-04-02T18:15:38.332Z,Like we aren’t used to getting abused every single weekend lol,like we aren't used to getting abused every single weekend lol,like we aren t used to getting abused every single weekend lol,getting abused,getting abused,getting abused,getting abused,ngram_2,2,14,16,False,False,False,6
at://did:plc:263ixbri4holavs2wnyjfngc/app.bsky.feed.post/3mijsrzxgvs27,2026-04-02T18:15:38.332Z,Like we aren’t used to getting abused every single weekend lol,like we aren't used to getting abused every single weekend lol,like we aren t used to getting abused every single weekend lol,abused every,abused every,abused every,abused every,ngram_2,2,12,17,False,False,False,7
at://did:plc:263ixbri4holavs2wnyjfngc/app.bsky.feed.post/3mijsrzxgvs27,2026-04-02T18:15:38.332Z,Like we aren’t used to getting abused every single weekend lol,like we aren't used to getting abused every single weekend lol,like we aren t used to getting abused every single weekend lol,every single,every single,every single,every single,ngram_2,2,12,18,False,False,False,8
at://did:plc:263ixbri4holavs2wnyjfngc/app.bsky.feed.post/3mijsrzxgvs27,2026-04-02T18:15:38.332Z,Like we aren’t used to getting abused every single weekend lol,like we aren't used to getting abused every single weekend lol,like we aren t used to getting abused every single weekend lol,single weekend,single weekend,single weekend,single weekend,ngram_2,2,14,19,False,False,False,9
at://did:plc:263ixbri4holavs2wnyjfngc/app.bsky.feed.post/3mijsrzxgvs27,2026-04-02T18:15:38.332Z,Like we aren’t used to getting abused every single weekend lol,like we aren't used to getting abused every single weekend lol,like we aren t used to getting abused every single weekend lol,weekend lol,weekend lol,weekend lol,weekend lol,ngram_2,2,11,20,False,False,False,10
at://did:plc:263ixbri4holavs2wnyjfngc/app.bsky.feed.post/3mijsyhrwic27,2026-04-02T18:19:14.158Z,"So like the man literally made (a bad) duckface and put balloons under his shirt? Seems mild, like every tiny little boy has done this and laughed their ass off lol. It’s not on the level of being a murderess haha",so like the man literally made a bad duckface and put balloons under his shirt seems mild like every tiny little boy has done this and laughed their ass off lol it's not on the level of being a murderess haha,so like the man literally made a bad duckface and put balloons under his shirt seems mild like every tiny little boy has done this and laughed their ass off lol it s not on the level of being a murderess haha,so like the man,so like the man,so like the man,so like the man,ngram_4,4,15,1,False,False,False,0
at://did:plc:263ixbri4holavs2wnyjfngc/app.bsky.feed.post/3mijsyhrwic27,2026-04-02T18:19:14.158Z,"So like the man literally made (a bad) duckface and put balloons under his shirt? Seems mild, like every tiny little boy has done this and laughed their ass off lol. It’s not on the level of being a murderess haha",so like the man literally made a bad duckface and put balloons under his shirt seems mild like every tiny little boy has done this and laughed their ass off lol it's not on the level of being a murderess haha,so like the man literally made a bad duckface and put balloons under his shirt seems mild like every tiny little boy has done this and laughed their ass off lol it s not on the level of being a murderess haha,like the man literally,like the man literally,like the man literally,like the man literally,ngram_4,4,22,2,False,False,False,1
at://did:plc:263ixbri4holavs2wnyjfngc/app.bsky.feed.post/3mijsyhrwic27,2026-04-02T18:19:14.158Z,"So like the man literally made (a bad) duckface and put balloons under his shirt? Seems mild, like every tiny little boy has done this and laughed their ass off lol. It’s not on the level of being a murderess haha",so like the man literally made a bad duckface and put balloons under his shirt seems mild like every tiny little boy has done this and laughed their ass off lol it's not on the level of being a murderess haha,so like the man literally made a bad duckface and put balloons under his shirt seems mild like every tiny little boy has done this and laughed their ass off lol it s not on the level of being a murderess haha,literally made a bad,literally made a bad,literally made a bad,literally made a bad,ngram_4,4,20,3,False,False,False,4
at://did:plc:263ixbri4holavs2wnyjfngc/app.bsky.feed.post/3mijsyhrwic27,2026-04-02T18:19:14.158Z,"So like the man literally made (a bad) duckface and put balloons under his shirt? Seems mild, like every tiny little boy has done this and laughed their ass off lol. It’s not on the level of being a murderess haha",so like the man literally made a bad duckface and put balloons under his shirt seems mild like every tiny little boy has done this and laughed their ass off lol it's not on the level of being a murderess haha,so like the man literally made a bad duckface and put balloons under his shirt seems mild like every tiny little boy has done this and laughed their ass off lol it s not on the level of being a murderess haha,made a bad duckface,made a bad duckface,made a bad duckface,made a bad duckface,ngram_4,4,19,4,False,False,False,5
at://did:plc:263ixbri4holavs2wnyjfngc/app.bsky.feed.post/3mijsyhrwic27,2026-04-02T18:19:14.158Z,"So like the man literally made (a bad) duckface and put balloons under his shirt? Seems mild, like every tiny little boy has done this and laughed their ass off lol. It’s not on the level of being a murderess haha",so like the man literally made a bad duckface and put balloons under his shirt seems mild like every tiny little boy has done this and laughed their ass off lol it's not on the level of being a murderess haha,so like the man literally made a bad duckface and put balloons under his shirt seems mild like every tiny little boy has done this and laughed their ass off lol it s not on the level of being a murderess haha,bad duckface and put,bad duckface and put,bad duckface and put,bad duckface and put,ngram_4,4,20,5,False,False,False,7
at://did:plc:263ixbri4holavs2wnyjfngc/app.bsky.feed.post/3mijsyhrwic27,2026-04-02T18:19:14.158Z,"So like the man literally made (a bad) duckface and put balloons under his shirt? Seems mild, like every tiny little boy has done this and laughed their ass off lol. It’s not on the level of being a murderess haha",so like the man literally made a bad duckface and put balloons under his shirt seems mild like every tiny little boy has done this and laughed their ass off lol it's not on the level of being a murderess haha,so like the man literally made a bad duckface and put balloons under his shirt seems mild like every tiny little boy has done this and laughed their ass off lol it s not on the level of being a murderess haha,duckface and put balloons,duckface and put balloons,duckface and put balloons,duckface and put balloons,ngram_4,4,25,6,False,False,False,8
at://did:plc:263ixbri4holavs2wnyjfngc/app.bsky.feed.post/3mijsyhrwic27,2026-04-02T18:19:14.158Z,"So like the man literally made (a bad) duckface and put balloons under his shirt? Seems mild, like every tiny little boy has done this and laughed their ass off lol. It’s not on the level of being a murderess haha",so like the man literally made a bad duckface and put balloons under his shirt seems mild like every tiny little boy has done this and laughed their ass off lol it's not on the level of being a murderess haha,so like the man literally made a bad duckface and put balloons under his shirt seems mild like every tiny little boy has done this and laughed their ass off lol it s not on the level of being a murderess haha,balloons under his shirt,balloons under his shirt,balloons under his shirt,balloons under his shirt,ngram_4,4,24,7,False,False,False,11
at://did:plc:263ixbri4holavs2wnyjfngc/app.bsky.feed.post/3mijsyhrwic27,2026-04-02T18:19:14.158Z,"So like the man literally made (a bad) duckface and put balloons under his shirt? Seems mild, like every tiny little boy has done this and laughed their ass off lol. It’s not on the level of being a murderess haha",so like the man literally made a bad duckface and put balloons under his shirt seems mild like every tiny little boy has done this and laughed their ass off lol it's not on the level of being a murderess haha,so like the man literally made a bad duckface and put balloons under his shirt seems mild like every tiny little boy has done this and laughed their ass off lol it s not on the level of being a murderess haha,under his shirt seems,under his shirt seems,under his shirt seems,under his shirt seems,ngram_4,4,21,8,False,False,False,12
at://did:plc:263ixbri4holavs2wnyjfngc/app.bsky.feed.post/3mijsyhrwic27,2026-04-02T18:19:14.158Z,"So like the man literally made (a bad) duckface and put balloons under his shirt? Seems mild, like every tiny little boy has done this and laughed their ass off lol. It’s not on the level of being a murderess haha",so like the man literally made a bad duckface and put balloons under his shirt seems mild like every tiny little boy has done this and laughed their ass off lol it's not on the level of being a murderess haha,so like the man literally made a bad duckface and put balloons under his shirt seems mild like every tiny little boy has done this and laughed their ass off lol it s not on the level of being a murderess haha,shirt seems mild like,shirt seems mild like,shirt seems mild like,shirt seems mild like,ngram_4,4,21,9,False,False,False,14
at://did:plc:263ixbri4holavs2wnyjfngc/app.bsky.feed.post/3mijsyhrwic27,2026-04-02T18:19:14.158Z,"So like the man literally made (a bad) duckface and put balloons under his shirt? Seems mild, like every tiny little boy has done this and laughed their ass off lol. It’s not on the level of being a murderess haha",so like the man literally made a bad duckface and put balloons under his shirt seems mild like every tiny little boy has done this and laughed their ass off lol it's not on the level of being a murderess haha,so like the man literally made a bad duckface and put balloons under his shirt seems mild like every tiny little boy has done this and laughed their ass off lol it s not on the level of being a murderess haha,seems mild like every,seems mild like every,seems mild like every,seems mild like every,ngram_4,4,21,10,False,False,False,15
at://did:plc:263ixbri4holavs2wnyjfngc/app.bsky.feed.post/3mijsyhrwic27,2026-04-02T18:19:14.158Z,"So like the man literally made (a bad) duckface and put balloons under his shirt? Seems mild, like every tiny little boy has done this and laughed their ass off lol. It’s not on the level of being a murderess haha",so like the man literally made a bad duckface and put balloons under his shirt seems mild like every tiny little boy has done this and laughed their ass off lol it's not on the level of being a murderess haha,so like the man literally made a bad duckface and put balloons under his shirt seems mild like every tiny little boy has done this and laughed their ass off lol it s not on the level of being a murderess haha,mild like every tiny,mild like every tiny,mild like every tiny,mild like every tiny,ngram_4,4,20,11,False,False,False,16
at://did:plc:263ixbri4holavs2wnyjfngc/app.bsky.feed.post/3mijsyhrwic27,2026-04-02T18:19:14.158Z,"So like the man literally made (a bad) duckface and put balloons under his shirt? Seems mild, like every tiny little boy has done this and laughed their ass off lol. It’s not on the level of being a murderess haha",so like the man literally made a bad duckface and put balloons under his shirt seems mild like every tiny little boy has done this and laughed their ass off lol it's not on the level of being a murderess haha,so like the man literally made a bad duckface and put balloons under his shirt seems mild like every tiny little boy has done this and laughed their ass off lol it s not on the level of being a murderess haha,like every tiny little,like every tiny little,like every tiny little,like every tiny little,ngram_4,4,22,12,False,False,False,17
at://did:plc:263ixbri4holavs2wnyjfngc/app.bsky.feed.post/3mijsyhrwic27,2026-04-02T18:19:14.158Z,"So like the man literally made (a bad) duckface and put balloons under his shirt? Seems mild, like every tiny little boy has done this and laughed their ass off lol. It’s not on the level of being a murderess haha",so like the man literally made a bad duckface and put balloons under his shirt seems mild like every tiny little boy has done this and laughed their ass off lol it's not on the level of being a murderess haha,so like the man literally made a bad duckface and put balloons under his shirt seems mild like every tiny little boy has done this and laughed their ass off lol it s not on the level of being a murderess haha,every tiny little boy,every tiny little boy,every tiny little boy,every tiny little boy,ngram_4,4,21,13,False,False,False,18
at://did:plc:263ixbri4holavs2wnyjfngc/app.bsky.feed.post/3mijsyhrwic27,2026-04-02T18:19:14.158Z,"So like the man literally made (a bad) duckface and put balloons under his shirt? Seems mild, like every tiny little boy has done this and laughed their ass off lol. It’s not on the level of being a murderess haha",so like the man literally made a bad duckface and put balloons under his shirt seems mild like every tiny little boy has done this and laughed their ass off lol it's not on the level of being a murderess haha,so like the man literally made a bad duckface and put balloons under his shirt seems mild like every tiny little boy has done this and laughed their ass off lol it s not on the level of being a murderess haha,little boy has done,little boy has done,little boy has done,little boy has done,ngram_4,4,19,14,False,False,False,20
at://did:plc:263ixbri4holavs2wnyjfngc/app.bsky.feed.post/3mijsyhrwic27,2026-04-02T18:19:14.158Z,"So like the man literally made (a bad) duckface and put balloons under his shirt? Seems mild, like every tiny little boy has done this and laughed their ass off lol. It’s not on the level of being a murderess haha",so like the man literally made a bad duckface and put balloons under his shirt seems mild like every tiny little boy has done this and laughed their ass off lol it's not on the level of being a murderess haha,so like the man literally made a bad duckface and put balloons under his shirt seems mild like every tiny little boy has done this and laughed their ass off lol it s not on the level of being a murderess haha,done this and laughed,done this and laughed,done this and laughed,done this and laughed,ngram_4,4,21,15,False,False,False,23
at://did:plc:263ixbri4holavs2wnyjfngc/app.bsky.feed.post/3mijsyhrwic27,2026-04-02T18:19:14.158Z,"So like the man literally made (a bad) duckface and put balloons under his shirt? Seems mild, like every tiny little boy has done this and laughed their ass off lol. It’s not on the level of being a murderess haha",so like the man literally made a bad duckface and put balloons under his shirt seems mild like every tiny little boy has done this and laughed their ass off lol it's not on the level of being a murderess haha,so like the man literally made a bad duckface and put balloons under his shirt seems mild like every tiny little boy has done this and laughed their ass off lol it s not on the level of being a murderess haha,laughed their ass off,laughed their ass off,laughed their ass off,laughed their ass off,ngram_4,4,21,16,False,False,False,26
at://did:plc:263ixbri4holavs2wnyjfngc/app.bsky.feed.post/3mijsyhrwic27,2026-04-02T18:19:14.158Z,"So like the man literally made (a bad) duckface and put balloons under his shirt? Seems mild, like every tiny little boy has done this and laughed their ass off lol. It’s not on the level of being a murderess haha",so like the man literally made a bad duckface and put balloons under his shirt seems mild like every tiny little boy has done this and laughed their ass off lol it's not on the level of being a murderess haha,so like the man literally made a bad duckface and put balloons under his shirt seems mild like every tiny little boy has done this and laughed their ass off lol it s not on the level of being a murderess haha,off lol it s,off lol it s,off lol it s,off lol it s,ngram_4,4,12,17,False,False,False,29
at://did:plc:263ixbri4holavs2wnyjfngc/app.bsky.feed.post/3mijsyhrwic27,2026-04-02T18:19:14.158Z,"So like the man literally made (a bad) duckface and put balloons under his shirt? Seems mild, like every tiny little boy has done this and laughed their ass off lol. It’s not on the level of being a murderess haha",so like the man literally made a bad duckface and put balloons under his shirt seems mild like every tiny little boy has done this and laughed their ass off lol it's not on the level of being a murderess haha,so like the man literally made a bad duckface and put balloons under his shirt seems mild like every tiny little boy has done this and laughed their ass off lol it s not on the level of being a murderess haha,being a murderess haha,being a murderess haha,being a murderess haha,being a murderess haha,ngram_4,4,22,18,False,False,False,38
at://did:plc:263ixbri4holavs2wnyjfngc/app.bsky.feed.post/3mijsyhrwic27,2026-04-02T18:19:14.158Z,"So like the man literally made (a bad) duckface and put balloons under his shirt? Seems mild, like every tiny little boy has done this and laughed their ass off lol. It’s not on the level of being a murderess haha",so like the man literally made a bad duckface and put balloons under his shirt seems mild like every tiny little boy has done this and laughed their ass off lol it's not on the level of being a murderess haha,so like the man literally made a bad duckface and put balloons under his shirt seems mild like every tiny little boy has done this and laughed their ass off lol it s not on the level of being a murderess haha,like the man,like the man,like the man,like the man,ngram_3,3,12,19,False,False,False,1
at://did:plc:263ixbri4holavs2wnyjfngc/app.bsky.feed.post/3mijsyhrwic27,2026-04-02T18:19:14.158Z,"So like the man literally made (a bad) duckface and put balloons under his shirt? Seems mild, like every tiny little boy has done this and laughed their ass off lol. It’s not on the level of being a murderess haha",so like the man literally made a bad duckface and put balloons under his shirt seems mild like every tiny little boy has done this and laughed their ass off lol it's not on the level of being a murderess haha,so like the man literally made a bad duckface and put balloons under his shirt seems mild like every tiny little boy has done this and laughed their ass off lol it s not on the level of being a murderess haha,man literally made,man literally made,man literally made,man literally made,ngram_3,3,18,20,False,False,False,3
at://did:plc:267xt7fqln7fpzwpjrujlh2t/app.bsky.feed.post/3mijsthccnc27,2026-04-02T18:16:25.873Z,You should see the spoon they bring him.,you should see the spoon they bring him,you should see the spoon they bring him,should see the spoon,should see the spoon,should see the spoon,should see the spoon,ngram_4,4,20,1,False,False,False,1
at://did:plc:267xt7fqln7fpzwpjrujlh2t/app.bsky.feed.post/3mijsthccnc27,2026-04-02T18:16:25.873Z,You should see the spoon they bring him.,you should see the spoon they bring him,you should see the spoon they bring him,spoon they bring him,spoon they bring him,spoon they bring him,spoon they bring him,ngram_4,4,20,2,False,False,False,4
at://did:plc:267xt7fqln7fpzwpjrujlh2t/app.bsky.feed.post/3mijsthccnc27,2026-04-02T18:16:25.873Z,You should see the spoon they bring him.,you should see the spoon they bring him,you should see the spoon they bring him,see the spoon,see the spoon,see the spoon,see the spoon,ngram_3,3,13,3,False,False,False,2
at://did:plc:267xt7fqln7fpzwpjrujlh2t/app.bsky.feed.post/3mijsthccnc27,2026-04-02T18:16:25.873Z,You should see the spoon they bring him.,you should see the spoon they bring him,you should see the spoon they bring him,spoon they bring,spoon they bring,spoon they bring,spoon they bring,ngram_3,3,16,4,False,False,False,4
at://did:plc:267xt7fqln7fpzwpjrujlh2t/app.bsky.feed.post/3mijsthccnc27,2026-04-02T18:16:25.873Z,You should see the spoon they bring him.,you should see the spoon they bring him,you should see the spoon they bring him,should see,should see,should see,should see,ngram_2,2,10,5,False,False,False,1
at://did:plc:267xt7fqln7fpzwpjrujlh2t/app.bsky.feed.post/3mijsthccnc27,2026-04-02T18:16:25.873Z,You should see the spoon they bring him.,you should see the spoon they bring him,you should see the spoon they bring him,bring him,bring him,bring him,bring him,ngram_2,2,9,6,False,False,False,6
at://did:plc:26axszm5joe3okusugnuw2gj/app.bsky.feed.post/3mijspmlsqp2c,2026-04-02T18:14:17.147Z,"Crying provides emotional benefits, but these benefits vary based on the reasons for crying and differ between genders.
",crying provides emotional benefits but these benefits vary based on the reasons for crying and differ between genders,crying provides emotional benefits but these benefits vary based on the reasons for crying and differ between genders,crying provides emotional benefits,crying provides emotional benefits,crying provides emotional benefits,crying provides emotional benefits,ngram_4,4,34,1,False,False,False,0
at://did:plc:26axszm5joe3okusugnuw2gj/app.bsky.feed.post/3mijspmlsqp2c,2026-04-02T18:14:17.147Z,"Crying provides emotional benefits, but these benefits vary based on the reasons for crying and differ between genders.
",crying provides emotional benefits but these benefits vary based on the reasons for crying and differ between genders,crying provides emotional benefits but these benefits vary based on the reasons for crying and differ between genders,emotional benefits but these,emotional benefits but these,emotional benefits but these,emotional benefits but these,ngram_4,4,28,2,False,False,False,2
at://did:plc:26axszm5joe3okusugnuw2gj/app.bsky.feed.post/3mijspmlsqp2c,2026-04-02T18:14:17.147Z,"Crying provides emotional benefits, but these benefits vary based on the reasons for crying and differ between genders.
",crying provides emotional benefits but these benefits vary based on the reasons for crying and differ between genders,crying provides emotional benefits but these benefits vary based on the reasons for crying and differ between genders,benefits but these benefits,benefits but these benefits,benefits but these benefits,benefits but these benefits,ngram_4,4,27,3,False,False,False,3
